tree
version=v4
num_class=1
num_tree_per_iteration=1
label_index=0
max_feature_idx=106
objective=binary sigmoid:1
feature_names=Mercadoria idade genero tipo_residencia estado_civil Cargo descricao_da_Profissao Cidade_Loja Modalidade_da_Proposta valor_inicial_da_prestacao valor_financiado score_SPC Score_MC Grupo_MC renda_cliente plano_financiamento Tipo_Cliente salario_perc categorias categorias_da_Profissao IPCA ranking_nacional municipio uf idhm_2010 idhm_renda_2010 idhm_longevidade_2010 idhm_educacao_2010 categoria_idh populacao area densidade_pop preco_combustivel class_preco_combustivel valor_cestabasica preco_cb_perc data_mes data_ano data_dia categoria_limpa divida_sobre_renda embed_adimplencia_0 embed_adimplencia_1 embed_adimplencia_2 embed_adimplencia_3 embed_adimplencia_4 embed_adimplencia_5 embed_adimplencia_6 embed_adimplencia_7 embed_adimplencia_8 embed_adimplencia_9 embed_adimplencia_10 embed_adimplencia_11 embed_adimplencia_12 embed_adimplencia_13 embed_adimplencia_14 embed_adimplencia_15 embed_adimplencia_16 embed_adimplencia_17 embed_adimplencia_18 embed_adimplencia_19 embed_adimplencia_20 embed_adimplencia_21 embed_adimplencia_22 embed_adimplencia_23 embed_adimplencia_24 embed_adimplencia_25 embed_adimplencia_26 embed_adimplencia_27 embed_adimplencia_28 embed_adimplencia_29 embed_adimplencia_30 embed_adimplencia_31 nn_prob_adimplencia embed_lucro_inadim_0 embed_lucro_inadim_1 embed_lucro_inadim_2 embed_lucro_inadim_3 embed_lucro_inadim_4 embed_lucro_inadim_5 embed_lucro_inadim_6 embed_lucro_inadim_7 embed_lucro_inadim_8 embed_lucro_inadim_9 embed_lucro_inadim_10 embed_lucro_inadim_11 embed_lucro_inadim_12 embed_lucro_inadim_13 embed_lucro_inadim_14 embed_lucro_inadim_15 embed_lucro_inadim_16 embed_lucro_inadim_17 embed_lucro_inadim_18 embed_lucro_inadim_19 embed_lucro_inadim_20 embed_lucro_inadim_21 embed_lucro_inadim_22 embed_lucro_inadim_23 embed_lucro_inadim_24 embed_lucro_inadim_25 embed_lucro_inadim_26 embed_lucro_inadim_27 embed_lucro_inadim_28 embed_lucro_inadim_29 embed_lucro_inadim_30 embed_lucro_inadim_31 nn_prob_lucro_inadim
feature_infos=-1:2163:687:1152:2291:2937:1830:1972:2002:1660:1270:1844:2683:1040:813:352:1476:1507:2496:886:2173:2174:2166:1155:2561:1857:139:2246:579:601:615:3113:404:1183:3504:3247:925:1796:759:1924:208:3616:996:949:1747:494:1390:1380:1407:2638:1423:2007:2078:1741:2489:2980:3318:2127:3564:120:3382:1311:2095:2933:190:315:2271:2762:3001:3066:3180:2449:229:383:1432:2825:3323:1998:2044:1838:1836:3481:169:2590:3440:3579:449:2729:158:2839:1251:1715:1785:3097:3286:1141:3460:1619:2551:2896:3187:3437:1559:3327:3167:3549:1025:2470:3019:1210:2891:3148:3305:147:306:1239:1594:2856:128:2886:1695:3306:545:1735:2811:3399:1604:2742:3363:193:1139:2115:2678:3025:553:1122:2219:2717:474:845:1543:2135:2160:2436:2765:3445:3604:2159:2663:2714:3154:362:564:641:673:1248:1294:2025:113:260:270:841:1150:1601:1648:2032:2037:2176:2539:2755:3202:295:979:992:1228:1700:2001:2065:2123:2169:2209:2233:2598:3325:3495:531:551:639:865:1839:2057:2117:2164:2453:3473:324:1060:1165:1243:1301:1464:2045:2172:138:144:416:570:575:667:1172:1229:1826:1969:2132:2576:2738:2749:3056:3085:3104:3162:3175:3276:3324:1147:1581:2198:2594:2746:2802:2877:2970:3194:3410:3468:291:440:805:856:1628:1995:2061:2158:2332:2426:2599:2664:2745:132:322:596:850:983:1012:1075:1151:1467:1607:1834:2633:2781:2989:3035:3558:3591:56:392:421:426:526:768:1022:1176:1447:2100:2481:2597:2890:3045:3090:3431:3459:84:336:379:671:774:1015:1157:1309:1570:1580:2022:2035:2151:2204:2816:2881:2885:2987:2996:3088:3105:3108:3171:3309:3447:3462:3546:3588:110:250:252:506:649:767:776:898:937:977:1118:1354:1526:1611:1612:1684:1694:1845:1888:2161:2197:2206:2222:2236:2335:2418:2858:3191:3235:3321:3358:3359:3395:3448:3533:3572:58:164:330:357:437:458:501:558:638:900:1088:1134:1296:1322:1417:1453:1558:1575:1672:1681:1780:1814:1840:1852:1866:1916:1956:1958:1962:1993:2105:2134:2170:2200:2214:2268:2283:2299:2321:2337:2517:2549:2620:2715:2727:2734:2759:2794:2832:2834:2851:2880:2884:2909:3086:3218:3222:3225:3330:3450:3454:3502:3541:3592:16:21:73:88:91:124:232:233:238:240:258:262:340:343:359:386:387:492:640:644:650:677:682:702:754:756:762:854:866:918:951:958:1001:1077:1079:1259:1274:1305:1340:1345:1348:1406:1524:1552:1564:1667:1669:1753:1759:1801:1820:1827:1846:1853:1864:1922:1947:1948:1992:2021:2028:2052:2070:2131:2156:2187:2190:2196:2199:2207:2224:2230:2238:2243:2277:2300:2404:2406:2413:2420:2428:2432:2454:2487:2492:2618:2628:2699:2713:2744:2776:2777:2821:2905:2948:2990:3095:3127:3166:3199:3204:3228:3293:3294:3392:3414:3428:3461:3464:3476:3519:3563:3571:3626 [20:82] -1:0:1:2 -1:1:0 -1:0:3:4:1:2 -1:1:2:0:3:4:7:6:9:8 -1:460:4376:1952:3628:3881:3577:3390:768:2991:3347:1847:2020:2133:1786:1798:700:182:2460:1190:2699:2183:4332:820:1036:187:3815:4296:192:2043:2782:4116:4431:63:845:1371:2616:1285:3759:1387:2852:1030:78:4405:1597:3205:3677:1292:1363:2338:3226:2700:3430:1369:3531:3851:2159:61:3143:1758:2396:377:2273:3651:3928:4002:3564:1116:600:2936:1140:2086:2735:3285:3486:4244:1561:1835:2001:3070:3616:3883:295:1000:2423:4063:1034:1720:2328:949:48:3097:2934:851:1220:2376:3827:904:1667:2409:3946:60:149:3344:1402:1625:1406:1657:2539:2702:596:3454:3714:33:2407:515:2818:3142:2654:3376:533:848:1724:3319:4041:2206:2359:4304:235:3417:3719:3726:998:1055:1304:1601:1842:1983:2845:3056:3096:58:1218:4060:3777:3977:253:2215:2470:3023:2890:3607:1037:1451:3406:129:1297:1467:1933:2120:2452:2813:2894:3109:3315:3420:26:1530:1557:2439:2963:3469:3746:498:655:1063:1346:2440:3684:3840:2115:2258:2362:2422:2657:3236:3541:344:947:1868:2462:4409:1487:2029:2081:2284:2351:2436:2898:3335:3609:3755:4120:4424:354:1426:2875:2949:3253:3446:1189:2806:2907:3271:3505:4197:514:1366:1466:2005:2095:3657:3675:119:1880:3275:3538:3751:3833:4184:4211:4224:788:1738:1898:2075:2453:2706:3838:967:1094:1098:1187:1288:2179:2424:2815:2840:3092:3605:4396:367:569:601:771:853:972:1062:1139:1313:1522:1710:1771:1864:2121:2653:2829:2895:3340:3360:3530:3727:4127:4434:226:469:1332:1753:1873:1918:2339:2420:2541:2711:2747:2823:2950:2977:3544:3708:3785:3905:71:194:314:319:347:511:1222:1236:1470:1623:1747:2023:2615:3156:3267:3464:3621:3750:4019:4414:277:450:549:589:1115:1322:1430:1461:1665:2310:2385:2488:2568:2675:2684:2754:2779:2880:2920:2975:3106:3411:3485:3587:3658:4059:4136:4391:25:75:168:285:355:492:656:900:988:1001:1057:1082:1215:1217:1221:1314:1344:1453:1462:1617:1633:1773:1828:1942:2638:3208:3213:3224:3854:3899:4033:4119:4168:4182:32:387:412:631:847:916:1143:1212:1219:1338:1413:1479:1579:1654:1830:1965:2094:2172:2274:2334:2364:2390:2438:2494:2548:2665:2678:2725:2727:2763:2862:3118:3545:3595:3602:3652:3769:3935:4085:4112:4209:4382:4415:95:123:165:198:321:339:443:524:632:852:894:960:1022:1097:1114:1137:1289:1393:1607:1622:1680:1955:2072:2233:2281:2349:2405:2406:2429:2626:2680:2738:2795:2801:2881:3013:3027:3217:3318:3396:3441:3472:3474:3589:3596:3662:3665:3734:3773:3809:3885:3917:3929:4259:4270:4386:4387:4399:27:74:121:200:401:419:473:780:842:892:1006:1060:1104:1159:1214:1242:1269:1399:1434:1463:1469:1513:1521:1563:1591:1636:1656:1663:1684:1768:1905:1960:2136:2145:2229:2290:2294:2366:2379:2389:2417:2485:2542:2554:2588:2643:2693:2707:2772:2884:2910:2911:3008:3011:3051:3075:3140:3152:3199:3272:3280:3412:3471:3506:3547:3641:3689:3774:3844:3866:3874:3944:3949:4013:4018:4025:4032:4064:4096:4163:4202:4273:4365:4388:4393:12:57:72:158:163:248:278:284:369:408:439:504:539:550:607:622:625:676:720:791:812:877:902:932:1003:1050:1071:1154:1238:1301:1308:1318:1340:1374:1396:1433:1440:1442:1484:1564:1618:1673:1678:1762:1788:1816:1931:2024:2093:2113:2147:2151:2163:2190:2203:2217:2231:2261:2277:2283:2307:2332:2343:2415:2463:2475:2486:2511:2521:2572:2600:2620:2744:2776:2837:2904:2970:2972:2994:3010:3052:3060:3136:3184:3258:3289:3307:3330:3369:3379:3403:3433:3438:3462:3468:3603:3663:3752:3768:3784:3849:3855:3886:3895:3900:3959:3990:4017:4038:4073:4086:4135:4157:4172:4217:4223:4236:4345:4359:4417:4422:4430:9:17:30:45:50:56:69:133:154:162:195:199:209:241:243:254:276:315:330:343:372:426:434:455:482:512:526:527:562:594:608:636:653:664:674:685:703:711:724:727:732:743:745:756:774:776:785:799:815:846:849:914:928:945:961:999:1010:1015:1019:1020:1025:1033:1038:1059:1093:1108:1132:1133:1142:1151:1162:1164:1165:1175:1180:1203:1205:1208:1209:1213:1252:1253:1306:1330:1348:1359:1383:1386:1407:1418:1419:1455:1457:1473:1476:1488:1523:1549:1570:1572:1574:1580:1593:1596:1599:1620:1640:1645:1661:1679:1682:1685:1689:1692:1703:1719:1739:1751:1760:1761:1782:1804:1815:1822:1831:1834:1879:1890:1895:1903:1919:1975:1979:1988:2014:2026:2042:2071:2096:2101:2104:2107:2124:2275:2321:2329:2350:2352:2381:2398:2410:2430:2433:2449:2480:2543:2569:2570:2577:2602:2605:2608:2610:2621:2631:2662:2663:2668:2682:2695:2703:2718:2726:2746:2814:2841:2867:2877:2901:2902:2903:2912:2929:2937:2941:2957:3033:3077:3085:3089:3113:3126:3128:3133:3149:3178:3180:3187:3189:3207:3214:3220:3221:3228:3274:3311:3323:3364:3380:3391:3393:3426:3432:3437:3526:3552:3561:3584:3597:3614:3615:3618:3619:3629:3632:3633:3646:3693:3694:3705:3757:3762:3783:3825:3843:3847:3856:3859:3870:3893:3902:3914:3940:3956:3993:4027:4062:4068:4105:4107:4114:4137:4142:4155:4160:4192:4221:4229:4257:4274:4292:4312:4318:4329:4375 -1:321:343:2:69:214:292:283:263:109:308:253:151:144:121:51:5:85:197:168:133:294:96:204:125:282:359:94:275:190:226:156:169:265:290:327:289:10:196:108:135:353:110:138:140:195:227:102:302:258:126:92:288:219:222:291:117:352:142:306:323:48:255:44:52:239:184:67:257:329:100:234:240:298:55:192:11:14:194:155:254:312:330:338:34:314:15:91:235:97:172:201:28:217:70:209:293:122:187:93:173:50:72:363:203:284:317:17:303:63:61:88:233:237:80:336:335:25:248:333:29:39:90:270:40:299:8:340:268:259:9:66:238:267:334:4:76:236:313:221:229:193:26:71:163:241:127:247:301:129:157:349:19:73:78:367:13:361:12:43:77:131:351:16:23:358:200:285:86:256:116:145:181:249:266:3:147:223:347:185:87:115:319:295:311:143:218:328:38:243:191:278:210:280:47:84:207:224:297:245:124:307:171:262:360:366:304:326:53:113:137:202:33:99:296:64:119:287:21:98:105:128:166:368:68:178:7:81:316:365:232:286:60:114:130:342:167:177:324:152:315:356:89:101:107:242:320:345:24:41:46:228:274:146:165:325:346:355:58:75:79:161:231:276:118:251:341:1:348:103:230:322:45:74:82:153:252:175:188:260:264:279:186:244:354:154:337:357:179:212:213:225:271:56:57:164:216:95:132:149:220:318:123:158:281:27:37 -1:0 [19.5:2512.77] [100:13000] [0:1000] [0:99.700000000000003] -1:5:3:4:2:1 [0:390000] [1:48] -1:1:0 [0.0002374:450.81999999999999] -1:44:53:36:9:55:22:51:40:48:34:54:45:15:20:3:31:12:25:42:7:32:18:47:4:52:35:49:11:38:13:5:17:28:43:6:23:29:37:46 -1:17:16:10:5:6:13:1:14:9:15:3:4:18:8:7:0:11:12 [3.1600000000000001:5.79] [1:4941] -1:328:340:1:66:210:288:279:265:107:314:248:148:140:120:50:3:81:193:166:131:291:93:200:124:278:356:91:271:186:222:153:167:260:287:308:285:9:192:106:134:350:108:136:137:191:223:182:100:298:254:125:89:284:215:217:286:116:348:138:302:304:48:251:44:52:235:63:253:310:97:230:236:295:85:187:12:13:190:152:249:311:317:335:34:319:14:88:231:94:169:197:27:213:67:205:289:121:184:90:170:51:69:360:199:280:324:6:15:60:61:84:229:233:76:333:332:23:244:313:28:39:87:266:40:296:7:337:262:255:64:8:234:263:330:2:72:232:318:216:225:189:24:68:161:237:126:243:322:128:154:346:17:70:74:364:11:358:10:43:73:130:347:21:25:355:196:281:82:252:115:141:179:245:261:145:219:331:344:83:114:326:292:323:139:214:309:38:239:188:274:206:276:47:80:203:220:294:241:123:303:168:258:357:363:300:307:53:112:135:198:32:96:293:62:118:283:19:95:103:127:164:365:65:175:5:77:321:362:228:282:58:113:129:339:165:176:305:149:320:353:98:99:105:238:327:342:22:41:46:185:224:270:142:163:306:343:352:56:71:75:158:227:272:117:250:338:33:345:101:226:329:45:78:110:150:247:172:256:259:275:183:240:351:151:334:354:177:208:209:221:267:55:86:162:212:92:147:218:290:325:122:155:277:26:37 -1:14:19:21:18:15:7:9:5:4:3:10:1:2:17:13:6:0:8:16:12:20 [0.56499999999999995:0.86199999999999999] [0.51400000000000001:0.89100000000000001] [0.70899999999999996:0.89400000000000002] [0.39100000000000001:0.81100000000000005] -1:0:3:2 [1531:11895578] [15.331:34091.146000000001] [1.7521509238670701:13943.201883460901] [5.0853333333333302:6.2623600000000001] -1:2:1:0 [516.75999999999999:832.79999999999995] [0.0017467435897434999:726.23000000000002] [1:12] none [0:6] -1:4:2:8:0:1:10:7:3:6:9 [0.00023739999999932172:100] [0:6.8749599456787109] [0:3.4204347133636475] [0:16.571819305419922] [0:14.884835243225098] [0:12.88215446472168] [0:4.3271832466125488] [0:11.602927207946777] [0:9.7689685821533203] [0:7.609734058380127] [0:23.163400650024414] [0:9.7096004486083984] [0:4.1534233093261719] [0:10.219958305358887] [0:2.6045563220977783] [0:5.785891056060791] [0:2.40090012550354] [0:9.2134160995483398] [0:4.2582440376281738] [0:9.039860725402832] [0:8.0005416870117188] [0:10.39421272277832] [0:2.5770115852355957] [0:2.2433223724365234] [0:3.3016495704650879] [0:2.7127387523651123] [0:9.7288646697998047] [0:10.447524070739746] [0:8.3470478057861328] [0:3.5964767932891846] [0:9.6856355667114258] [0:5.4957232475280762] [0:6.0683917999267578] [1.2366139117148123e-06:0.99994701147079468] [0:4.2418789863586426] [0:8.6800060272216797] [0:10.934043884277344] [0:6.2249960899353027] [0:8.0915079116821289] [0:12.415199279785156] [0:7.0647201538085938] [0:7.0531129837036133] [0:14.711877822875977] [0:12.939170837402344] [0:3.3550162315368652] [0:3.6361300945281982] [0:10.844971656799316] [0:4.7418861389160156] [0:36.561416625976562] [0:2.5631258487701416] [0:10.853886604309082] [0:3.8411839008331299] [0:5.6497015953063965] [0:2.6399917602539062] [0:12.808399200439453] [0:2.494328498840332] [0:2.2759733200073242] [0:16.359182357788086] [0:23.700923919677734] [0:7.4302306175231934] [0:11.09123420715332] [0:4.7396926879882812] [0:8.5339078903198242] [0:21.372642517089844] [0:12.642255783081055] [0:5.411041259765625] [1.383962313639131e-07:0.99999773502349854]
tree_sizes=11280 10395 11075 10684

Tree=0
num_leaves=106
num_cat=6
split_feature=73 73 79 106 73 73 75 99 106 73 7 7 106 74 75 22 73 66 11 79 45 104 6 101 11 106 73 23 106 31 78 73 11 68 55 69 1 84 102 97 9 45 10 70 102 66 96 96 105 66 74 10 69 88 25 41 68 51 14 101 83 15 55 70 41 66 9 77 45 106 106 19 82 74 74 29 34 59 47 82 82 73 66 14 14 66 81 101 59 73 70 10 66 59 74 45 106 63 96 101 45 70 32 75 34
split_gain=5882.21 1872.59 701.34 500.158 323.468 316.955 183.163 149.267 111.75 110.665 45.6542 37.8161 35.3911 29.4671 25.52 24.3388 23.881 19.3686 19.3119 17.5566 17.4707 17.4397 16.6989 14.874 14.401 12.9854 12.6588 12.5087 12.342 12.3207 16.6591 12.1691 11.0158 10.7825 11.6885 8.74047 10.945 10.2294 8.50163 8.1524 7.93032 6.87856 6.795 10.8007 7.13294 6.71722 6.63382 6.1215 8.19539 8.13942 9.06181 6.06142 6.45665 5.84179 5.53004 5.2429 4.78948 6.32786 6.0175 5.15408 4.59757 4.92282 4.55168 4.21019 4.20518 4.06802 4.88438 4.01854 7.12579 5.82304 5.28635 3.17152 3.12586 3.04658 3.68402 3.01205 2.96089 2.89795 2.81089 2.57072 8.5402 8.57255 2.0068 1.88401 4.49844 2.73851 1.85497 1.7759 1.52041 3.66176 3.64855 1.50841 4.07509 2.46653 1.45621 1.43957 1.33478 1.06246 1.04524 0.894065 0.759967 0.700549 0.590291 0.559308 0.462676
threshold=0.028797456994652752 0.38161981105804449 0.30414840579032904 0.44530625641345983 0.5865500569343568 0.18874412775039676 3.269988059997559 0.84527191519737255 0.56836095452308666 0.097534812986850752 0 1 0.15702646225690844 0.58551406860351574 0.33119712769985205 2 0.816734939813614 1.2570493817329409 768.50000000000011 1.6630610227584841 1.29751193523407 0.28593072295188909 3 0.90066310763359081 754.50000000000011 0.058245781809091575 0.16603311151266101 4 0.6438891887664796 2043.2815194571851 0.50990170240402233 0.305995523929596 766.50000000000011 0.88616999983787548 0.13939087092876437 0.080589406192302718 55.500000000000007 0.38710685074329382 1.6937518715858462 0.49638003110885626 133.17500000000004 0.05865724757313729 1999.9500000000003 1.6307067871093752 1.4912787079811098 2.3941859006881718 0.3890149593353272 0.49557715654373174 1.2413897514343264 1.9958252906799319 1.0048267841339114 2500.4000000000005 0.3816251158714295 4.7563397884368905 0.79750000000000021 0.27214425802230841 0.23990030586719516 0.36735537648200994 6432.505000000001 1.0000000180025095e-35 0.27409535646438604 19.500000000000004 1.1160686016082766 1.1234860420227053 0.73955529928207409 2.2768892049789433 391.80000000000007 0.38391691446304327 0.96047937870025646 0.6047043800354005 0.49930551648139959 5 3.6557217836380009 1.0291818380355837 0.21696767210960391 420915.00000000006 791.79500000000019 1.632282614707947 1.7113282084465029 1.2595174908638003 1.3149079084396365 0.40211203694343572 2.1890377998352055 3999.5000000000005 1690.7650000000001 1.6793156266212466 0.54845452308654796 2.2490066289901738 0.37770926952362066 0.25379559397697454 1.5491077899932864 1798.3500000000001 1.7263069152832033 0.98307216167449962 0.15479707717895511 3.1529086828231816 0.33267179131507879 0.40259635448455816 0.62872019410133373 0.55481404066085827 0.46928989887237554 1.6639633774757387 5.2974780952380955 0.25464794039726263 747.2700000000001
decision_type=2 2 2 2 2 2 2 2 2 2 9 9 2 2 2 9 2 2 2 2 2 2 9 2 2 2 2 9 2 2 2 2 2 2 2 2 2 2 2 2 2 2 2 2 2 2 2 2 2 2 2 2 2 2 2 2 2 2 2 2 2 2 2 2 2 2 2 2 2 2 2 9 2 2 2 2 8 2 2 2 2 2 2 2 2 2 2 2 2 2 2 2 2 2 2 2 2 2 2 2 2 2 8 2 10
left_child=2 3 21 5 8 6 10 9 32 27 91 20 19 -4 29 67 28 -16 46 24 38 60 35 -8 25 -13 45 -5 -6 47 73 56 53 34 -29 36 37 54 39 64 -27 -33 -36 44 62 104 -19 48 49 -12 63 52 97 79 -14 98 59 -58 82 -24 61 -1 -44 -51 65 66 77 68 100 70 -70 -28 -34 74 94 -61 95 86 -65 87 -81 -82 -59 84 -21 -86 -7 -3 99 90 96 92 -2 -93 -31 -47 -90 -42 -43 103 -11 -95 -49 -22 -17
right_child=1 4 13 7 16 11 23 -9 -10 15 14 12 22 -15 17 26 -18 18 -20 83 88 -23 31 -25 -26 40 71 33 -30 30 -32 41 72 -35 42 -37 -38 -39 -40 -41 51 55 43 -45 -46 76 -48 102 -50 50 -52 -53 -54 -55 -56 -57 57 58 -60 75 -62 -63 -64 78 -66 -67 -68 -69 69 -71 -72 -73 -74 -75 -76 -77 -78 -79 -80 80 81 -83 -84 -85 85 -87 -88 -89 89 -91 -92 93 -94 101 -96 -97 -98 -99 -100 -101 -102 -103 -104 -105 -106
leaf_value=1.3211133728866578 1.3211133728866578 1.3898875483952402 0.89531827080552051 1.3211133728866578 1.4193091851927719 1.3758843662780036 1.3154665380051831 1.4121295255169579 1.4234231150204684 1.3211133728866578 1.3211133728866578 1.1462908544544226 1.1761194212326533 1.3211133728866578 1.3211133728866578 1.3270551140129887 1.4365268683182633 1.1705010471544945 1.3211133728866578 1.3211133728866578 1.3211133728866578 1.3260906393684664 1.3211133728866578 0.99379889545168076 1.3211133728866578 1.3211133728866578 1.3293794352031334 1.3211133728866578 1.4359165121679947 1.2833793125114568 1.3211133728866578 1.3211133728866578 1.4122219607497675 1.3211133728866578 1.3211133728866578 1.3211133728866578 1.3211133728866578 1.3211133728866578 1.3211133728866578 1.3211133728866578 1.2052293148218203 1.3766494954288013 1.1538662832859199 1.3211133728866578 1.3211133728866578 1.3675062123241035 1.2789102998875723 1.3376377510716362 1.3211133728866578 1.3211133728866578 1.3211133728866578 1.3211133728866578 1.3211133728866578 1.3211133728866578 1.3211133728866578 1.3211133728866578 1.3211133728866578 1.2016665211116631 1.3211133728866578 1.3702944201539546 1.3211133728866578 1.2013686279274804 1.3211133728866578 1.1876772265751265 1.3211133728866578 1.3211133728866578 1.3211133728866578 1.3579578853156153 1.3211133728866578 1.3211133728866578 1.2004199714751547 1.3840197187905501 1.3211133728866578 1.3211133728866578 1.1486926280684084 1.3211133728866578 1.3211133728866578 1.3211133728866578 1.3211133728866578 1.3211133728866578 1.3211133728866578 1.3770850983298106 1.3211133728866578 1.3353692687740897 1.256883744276484 1.3211133728866578 1.3211133728866578 1.3211133728866578 1.2324623901315779 1.3211133728866578 1.3211133728866578 1.3211133728866578 1.3545155545538379 1.3211133728866578 1.3211133728866578 1.3211133728866578 1.3211133728866578 1.3211133728866578 1.3211133728866578 1.3211133728866578 1.3381118036741408 1.2528932105658479 1.3211133728866578 1.3471408091439512 1.3119486530951778
leaf_weight=6.6474689543247285 5.4432359039783469 2080.5658393204212 219.26075674593449 81.09655836224556 3814.9571242630482 288.43223629891872 7.6870369911193839 679.94733428955078 1428.0467628091574 11.716204077005385 12.13107021152973 18.160244464874268 17.453210055828102 3.1994348168373099 11.67423692345619 44.701745927333832 5954.7415001988411 102.42868669331074 15.66303865611553 6.729801461100581 11.840503737330438 23.721372827887535 21.064307406544685 30.631857305765152 15.122271060943602 12.58790349960327 66.762052416801453 23.681007474660873 1563.8213962763548 8.3521042466163617 7.8517020046710959 25.758541747927666 426.17131698131561 17.947205096483231 14.707404926419256 31.242143005132675 7.0623350888490668 6.9380354285240164 14.126271978020666 18.363673031330109 23.311312094330788 106.88905826210976 25.224181354045871 22.809308052062988 15.08190570771694 88.154088050127029 33.737747013568878 20.065104722976688 19.359672114253044 9.3481033295392972 6.6055018007755271 16.119871944189072 6.1486685127019873 21.437206387519836 5.0687351226806632 13.751771196722983 59.991885602474213 9.5579390972852725 5.9824016988277426 37.886408358812332 5.5255684107542029 18.200609818100929 5.4012687504291526 19.031943887472156 11.383670449256895 12.796137467026709 17.366072148084641 20.646237671375275 9.9712034314870852 23.224174186587334 10.679839640855787 602.86520646512508 18.237771570682526 6.9800025820732108 17.993977651000023 11.217403635382651 9.804936617612837 9.4724029898643476 5.2350019365549079 19.443606421351433 36.43517778813839 533.90932911634445 6.024368852376937 28.58187398314476 17.285341441631321 5.3593015968799582 16.701004892587662 11.964803397655485 10.6378724873066 20.647839471697807 8.5167692601680738 10.053535938262941 42.830843821167946 8.2262027859687787 6.4392349869012824 16.867271706461906 5.8581020385026923 12.381271332502363 14.332904145121573 13.793738350272177 23.845672488212585 5.3609033972024909 9.9712034314870817 18.153837263584137 28.709377244114876
leaf_count=18 19 4147 1294 202 6734 600 27 1232 2470 32 29 79 72 11 29 104 9715 388 42 13 30 52 58 165 36 29 157 60 2553 31 17 67 769 42 39 78 15 17 41 50 88 217 105 63 44 184 104 41 45 26 15 42 15 52 14 36 152 41 14 74 14 71 16 76 30 33 44 39 27 60 45 1219 41 20 78 29 26 24 15 51 90 1112 17 62 60 13 40 28 42 50 21 22 90 22 14 41 16 36 34 39 50 24 27 35 82
internal_value=1.4025 1.40874 0.973661 1.34384 1.42209 1.3029 1.23442 1.37637 1.40026 1.35464 1.25734 1.33046 1.31472 0.89976 1.24308 1.36841 1.43082 1.2107 1.20177 1.27704 1.34972 1.29592 1.32824 1.03351 1.25403 1.23938 1.37323 1.29506 1.42432 1.27981 1.23586 1.33915 1.38943 1.27812 1.26283 1.29313 1.25821 1.23125 1.35912 1.36233 1.27782 1.35768 1.2464 1.23375 1.20524 1.34333 1.19028 1.3098 1.29079 1.26997 1.24941 1.26223 1.24344 1.38569 1.2013 1.36625 1.32111 1.30522 1.26255 1.33851 1.24341 1.22665 1.17319 1.22917 1.3657 1.3676 1.36961 1.32111 1.3122 1.28185 1.24621 1.38102 1.40999 1.2102 1.19597 1.35775 1.35744 1.37228 1.20669 1.3861 1.37191 1.37403 1.23206 1.32111 1.30231 1.27475 1.37386 1.38964 1.32111 1.30412 1.27901 1.32111 1.3372 1.31612 1.31804 1.36221 1.25395 1.22831 1.37256 1.32111 1.32447 1.28165 1.32507 1.33712 1.32111
internal_weight=19473.3 19196.8 276.555 3287.05 15909.7 1443.2 423.102 1843.84 4576.21 1163.9 384.783 1020.1 542.009 222.46 312.868 957.948 11333.5 163.504 151.829 161.788 478.09 54.095 380.221 38.3189 103.832 88.7093 857.865 205.949 5378.78 149.365 47.617 312.457 3148.17 124.852 106.905 67.7645 36.5223 29.46 388.641 374.515 70.549 160.732 83.2241 68.5167 45.7074 188.237 136.166 101.748 71.7113 52.3516 40.2206 57.9611 41.8413 2703.76 22.5219 134.974 151.725 81.5566 21.5647 70.1681 30.3736 24.8481 30.6255 33.615 356.152 344.768 331.972 100.083 79.4371 43.8752 20.651 669.627 444.409 39.7653 32.7853 49.1038 114.826 314.606 24.2669 2682.32 589.788 570.345 15.5823 57.9563 29.3744 22.6446 305.133 2092.53 89.4487 45.6606 25.0127 71.9147 48.2741 23.6406 14.7913 105.021 16.496 35.6926 121.222 43.7881 35.5619 13.5871 30.0363 29.9943 73.4111
internal_count=36960 35500 1460 7738 27762 3869 1366 3869 8760 2637 1174 2503 1408 1305 997 2066 19002 563 534 473 1095 155 935 192 325 289 1813 571 9287 434 160 739 6290 369 327 196 118 103 862 821 210 354 267 228 165 437 492 274 206 161 132 181 139 5480 86 287 385 224 72 161 103 89 121 117 771 741 708 253 214 132 72 1376 810 143 123 103 251 664 91 5428 1253 1202 58 148 86 73 640 4175 233 129 79 177 109 68 45 225 58 124 251 104 82 46 68 65 186
cat_boundaries=0 10 22 32 169 170 171
cat_threshold=0 268435456 64 69214208 0 0 135168 536870912 2048 4 32772 0 1048705 1140854785 65664 2147483904 4327432 2684364960 134219776 134234132 8388610 1 4096 4096 35651584 1040 8 2285896192 1073742080 16777344 0 41943040 0 0 0 0 0 0 0 0 0 0 0 0 0 0 0 0 0 0 0 0 0 0 0 0 0 0 0 0 0 0 0 0 0 0 0 0 0 0 0 0 0 0 0 0 0 0 0 0 0 0 0 0 0 0 0 0 0 0 0 0 0 1 0 134217728 0 0 0 0 0 0 0 0 0 0 0 0 268435456 0 0 0 0 0 0 0 0 0 0 0 0 0 0 0 0 32768 0 0 0 0 0 0 0 0 0 0 524288 0 0 0 0 0 0 0 0 0 0 0 0 0 0 0 0 0 0 0 0 0 0 0 0 0 0 0 0 0 0 0 16777216 540674 24576
is_linear=0
shrinkage=1


Tree=1
num_leaves=106
num_cat=4
split_feature=73 73 86 106 73 73 99 106 78 73 47 74 73 7 7 106 83 6 73 9 27 63 41 11 10 79 96 84 51 77 73 51 83 12 98 86 77 14 51 103 102 35 94 68 73 106 5 97 104 83 59 84 78 32 73 57 102 75 101 45 45 34 105 10 35 9 10 34 88 99 106 34 12 9 91 66 10 43 91 82 57 11 88 104 106 68 59 45 102 57 11 88 85 77 51 97 75 51 51 66 66 70 66 9 41
split_gain=4515.18 1490.49 719.046 395.752 294.687 195.36 109.01 98.5456 62.0255 59.5793 42.3106 40.4905 34.5161 32.9715 29.6687 22.6097 17.5404 16.3426 14.9949 14.8219 17.0045 15.5387 14.4103 14.1385 14.0891 13.026 12.8763 17.061 13.4425 19.6813 12.4806 11.3757 10.8955 13.3843 17.1621 10.2328 10.11 9.58718 12.2653 7.61215 8.21872 6.59445 6.47458 7.72955 12.5268 6.66125 6.38413 9.49302 6.46661 6.34513 6.85837 6.31931 6.04637 6.04155 5.94022 5.60369 7.21624 5.52062 5.23354 6.34065 6.55451 5.19192 5.16776 4.9264 6.47815 5.00195 4.91046 4.55436 4.44665 4.4428 4.12732 4.0078 3.96615 3.92373 3.20929 3.04111 2.94493 2.93494 4.47407 3.33966 7.96802 2.7622 2.69834 2.68227 2.54949 2.42026 2.66215 2.2541 3.39327 2.25128 4.11095 2.0922 2.02087 1.91987 1.57304 1.34073 1.32808 2.54872 1.31722 1.19684 1.03622 1.03596 0.885048 0.84431 0.842096
threshold=0.050681183114647872 0.39389273524284368 0.60967034101486217 0.44530625641345983 0.61724263429641735 0.21106699109077456 0.84527191519737255 0.56836095452308666 2.1660759449005131 0.16603311151266101 2.5690370798110966 0.75741794705390941 0.14382374286651614 0 1 0.15702646225690844 0.92647716403007518 2 0.51308390498161327 238.02500000000003 0.73950000000000016 0.80861431360244762 0.19305761158466342 654.50000000000011 1546.5000000000002 1.6495309472084048 1.1231306791305544 0.75551661849021923 0.78743359446525585 0.98995989561080944 0.816734939813614 0.57369902729988109 0.51092624664306652 68.895000000000024 0.013675659894943239 1.3643516898155215 0.011078627780079843 1355.0000000000002 1.0809262394905093 2.6069353818893437 1.4263283610343935 0.48126128317340805 0.052876148372888572 0.28718033432960516 0.11294892430305482 0.49239434301853185 3 0.10947871953248979 0.067700050771236434 0.10020408034324647 1.5481046438217165 0.66963848471641552 0.75009799003601085 5.4403560700013758 0.081379387527704253 0.57276034355163585 0.46373994648456579 4.2994961738586435 0.97261482477188121 1.7124802470207217 0.044002354145050056 703.50000000000011 0.60959863662719738 2206.0000000000005 0.23462166666666653 321.35500000000008 2470.5000000000005 733.30000000000007 0.4109290093183518 0.33893328905105596 0.67496025562286388 804.34500000000014 68.575000000000003 429.85500000000008 1.7816125154495241 1.1499770879745486 1860.5000000000002 0.44706906378269201 0.68604892492294323 0.43321727216243749 0.76589661836624157 567.50000000000011 5.0900404453277597 0.4001357257366181 0.39251950383186346 0.13783203065395358 0.413744866847992 3.556063294410706 1.4263283610343935 1.0925071835517886 740.50000000000011 0.64769873023033153 1.2374120950698855 1.0000000180025095e-35 1.2713470458984377 0.50120645761489879 0.21183087676763537 0.48196336627006536 0.51291596889495861 1.4724575877189638 1.4396841526031496 0.75928616523742687 1.1872469186782839 104.43500000000002 0.32331770658493048
decision_type=2 2 2 2 2 2 2 2 2 2 2 2 2 9 9 2 2 9 2 2 2 2 2 2 2 2 2 2 2 2 2 2 2 8 2 2 2 2 2 2 2 8 2 2 2 2 9 2 2 2 2 2 2 8 2 2 2 2 2 2 2 8 2 2 10 2 2 10 2 2 2 8 10 2 2 2 2 2 2 2 2 2 2 2 2 2 2 2 2 2 2 2 2 2 2 2 2 2 2 2 2 2 2 2 2
left_child=2 3 16 5 7 8 9 18 14 36 22 -12 41 39 76 23 24 31 57 20 21 37 -4 25 -1 32 27 28 -26 69 70 58 33 -15 66 -21 42 -16 51 40 49 -10 43 -5 45 -45 47 77 72 50 73 -39 71 -37 -38 56 -56 -3 59 60 -17 62 84 85 65 -65 67 98 -36 -30 -6 74 -49 95 -11 91 92 103 79 80 -79 100 -20 93 -48 86 -63 88 101 90 -55 -25 -2 -8 -40 -7 -78 -98 -35 -33 -27 -44 -73 -19 -14
right_child=1 4 10 6 30 13 83 -9 12 52 11 -13 104 15 19 17 -18 46 82 35 -22 -23 -24 75 26 81 -28 -29 29 -31 -32 99 -34 34 68 53 54 38 94 -41 -42 -43 87 44 -46 -47 61 48 -50 -51 -52 -53 -54 89 55 -57 -58 -59 -60 -61 -62 63 -64 64 -66 -67 -68 -69 -70 -71 -72 102 -74 -75 -76 -77 96 78 -80 -81 -82 -83 -84 -85 -86 -87 -88 -89 -90 -91 -92 -93 -94 -95 -96 -97 97 -99 -100 -101 -102 -103 -104 -105 -106
leaf_value=0 0.035632790771561694 0.060378877757015254 -0.18323470319547075 0 0.096339929087698895 0.054698936627903101 0 0.099991655508561136 -0.25655909687170964 0.056335948776869912 -0.31066982609906807 0 -0.024657265258301718 0 0 0 0.035620775595394241 0 0.077673705595338732 0 0 0 0 0 0 0.018010258257854832 0 0 -0.1760288955018984 0 0.11242669106988176 0 0 -0.082890815630359688 0 0 0 -0.1183780508144522 0 0 0 0 0 0 0 -0.11401391994818914 0.054339140478471326 -0.13845880928000162 0 0 0 0 0 -0.11448693131737775 0 0 0.058049705203510923 0 0 0 0.069921483375823587 0 0 -0.13806569511205813 0 0 0 0 -0.20952994300525493 0 0.11250567826400738 0.020248074288934877 0 0 0 0 0 -0.12910213782567667 0 0 0 -0.046677573036389773 0 0.090672150428388568 0 0 0.050504472567132641 0 0 0 0 0.043964521736251899 0 0.02744963438569201 -0.029830840622731714 0 0 -0.085979040628236081 0 -0.032453026578908251 0 0.042026494401523277 0 0.018731694666194891 0
leaf_weight=21.822951659560204 33.817566990852356 1720.1054494976997 45.882772490382195 41.0479766279459 3154.2046637684107 274.76777718961239 3.7779342532157925 1474.7730843275785 25.165119931101803 726.25431127846241 270.16633585095406 5.5378581136465064 11.545760229229929 11.3239489197731 16.638002812862396 12.449520185589789 21.649751350283623 2.0560539811849585 1622.016379699111 75.149062380194664 17.135415434837341 11.676021635532377 8.5603707432746869 5.890758782625201 18.402383551001549 33.262279778718948 23.305437579751015 11.673866555094717 28.672423034906387 5.7105209976434699 5557.9459496736526 6.0183238536119452 9.886809363961218 20.122683763504032 9.8657459467649478 28.156626209616661 55.235118120908737 119.47800299525261 14.74912768602371 40.630712375044823 16.547116622328758 4.6939706355333319 5.4526951164007178 7.2557795047760036 35.733238369226456 22.99441933631897 44.33185949921608 10.580265626311304 5.3691349327564231 17.394671529531479 12.484535709023474 6.0736163556575766 14.063418120145796 19.264520436525352 18.44287346303463 46.696378171443939 71.811391174793243 24.293604299426079 16.478409215807915 11.420865997672079 101.68708863854408 10.234643429517748 23.568210184574127 6.6268908977508563 9.6040641218423826 6.6598274111747742 13.60283227264881 14.227825805544851 15.467025980353354 6.613757610321044 1214.2944451272488 18.271223053336143 5.012275516986846 9.5896079540252668 9.7568348348140699 35.572932586073875 12.050953924655916 8.7733710706233996 16.628825709223747 7.8679583370685569 6.0328438580036154 9.5396185368299466 11.031663224101065 641.88256500661373 11.541627928614615 39.777003422379494 18.245653375983238 11.469477146863936 11.817625865340231 6.3813635706901541 5.9565209299325934 22.837240979075432 16.713042467832565 27.309036418795586 17.476430922746658 12.092294201254843 7.9640721678733808 3.8861284404993057 5.2094637453556052 9.2519178688526136 13.99202188849449 33.158300176262856 14.551492556929587 37.558053150773048 6.0974523425102225
leaf_count=49 69 3631 185 102 5860 580 13 2700 120 1544 1295 16 38 26 44 32 42 7 3217 187 41 27 24 16 50 72 58 27 119 13 9715 12 22 71 31 74 142 416 35 104 46 15 14 19 93 86 87 46 13 46 34 16 37 73 48 117 143 60 42 30 197 27 62 32 23 18 32 36 72 20 2115 37 14 25 25 96 28 39 40 20 15 35 26 1211 29 104 32 35 33 17 16 43 43 58 55 29 20 20 14 33 38 66 43 83 13
internal_value=0.0777179 0.0852095 -0.209536 0.0278341 0.0979925 -0.00746833 0.0573202 0.0782867 -0.058721 0.0381942 -0.284893 -0.305435 -0.166898 0.0145184 -0.0437604 0 -0.021869 0.0138449 0.0685173 -0.0549352 -0.0751421 -0.083468 -0.161454 -0.0230106 -0.0405761 -0.0392024 -0.0577089 -0.0774061 -0.0982625 -0.129416 0.107526 0.0366949 -0.0595749 -0.0706933 -0.084859 -0.0215378 0.00380478 -0.0906297 -0.0980262 0.0359154 0.0413992 -0.232028 -0.0095081 -0.0257518 -0.0457429 -0.0898036 0 -0.018553 -0.0760239 0.0449695 0.0481309 -0.113571 0.0528681 -0.0503102 0.0202454 0.0308994 0.0445831 0.059724 0.0488649 0.0553599 0.0620976 0.0100268 0.0284884 0 -0.0410039 -0.0830334 -0.0299727 -0.0477012 -0.160652 -0.155615 0.101062 0.0539946 -0.105648 0.0511611 0.0556173 0.00231854 0.00191726 0 -0.0222786 -0.050316 -0.0755074 0 0.0773169 0.0883925 0.0442049 0.00729561 0.0292487 0.00393394 0.0201823 -0.0798665 -0.0933198 0.0303525 0.0225515 0.0115119 -0.00846147 0.0531514 -0.00314282 -0.0307806 -0.0710959 0 0.00628716 0.0359116 0 0.0121896 -0.00181614
internal_weight=18555.8 18087.8 467.998 3309.13 14778.7 1492.15 1816.98 4852.22 460.069 1144.01 330.147 275.704 47.5023 1032.08 412.566 648.576 137.851 427.775 3377.45 338.135 203.227 186.091 54.4431 220.801 116.201 156.5 94.3784 71.073 59.3991 40.9967 9926.45 157.306 99.7063 89.8195 78.4956 134.908 361.115 174.415 157.777 383.507 342.876 29.8591 168.93 107.031 65.9834 30.2502 270.469 99.8788 20.9617 326.329 308.934 125.552 782.897 59.759 192.186 136.951 90.2543 1744.4 142.036 125.557 114.137 170.59 79.4417 91.1481 22.8908 13.2867 53.1628 39.56 25.3328 35.2862 4368.5 768.834 15.5925 296.45 736.011 64.3009 74.4318 78.9171 39.303 22.6742 14.8062 56.7939 1633.05 672.97 55.8735 68.2573 28.4803 61.8981 50.4286 31.6024 25.221 28.728 50.5306 31.087 32.2256 286.86 23.9012 11.8502 25.3321 15.2702 47.2543 38.611 32.8227 39.6141 17.6432
internal_count=36960 35062 1898 7738 27324 3872 3866 9634 1367 2584 1520 1311 186 2505 1181 1641 378 1037 6934 1001 634 593 209 604 336 449 287 229 202 152 17690 346 304 282 256 367 898 566 522 864 760 135 448 300 198 105 691 277 73 714 668 432 1686 180 450 308 191 3691 301 259 229 414 178 236 73 50 153 121 103 139 7975 1649 60 634 1569 155 180 204 114 74 54 145 3243 1282 116 163 59 148 113 106 89 59 112 71 90 609 68 40 85 45 110 80 80 90 51
cat_boundaries=0 12 22 160 161
cat_threshold=536903684 0 1048577 100663297 128 2281701632 4194312 2684356640 134219776 134234132 8388610 1 536870912 268435456 64 1140858881 0 0 135168 0 0 4 0 0 0 0 0 0 0 0 0 0 0 0 0 0 4096 0 0 0 0 0 0 268435456 0 0 1 0 0 0 0 0 0 0 0 0 0 0 0 0 0 0 0 0 0 0 0 0 0 0 0 0 0 0 0 0 0 0 0 8388608 0 0 0 0 0 0 0 0 0 0 0 0 0 0 0 0 0 0 0 0 0 0 0 0 0 0 0 0 0 0 0 16 0 0 0 0 0 0 0 0 0 0 0 0 0 0 0 1073741824 0 0 0 0 2048 0 0 4096 0 0 0 0 0 0 0 512 0 0 0 0 0 0 1048576 0 0 0 0 0 0 0 16777216 2097152 4
is_linear=0
shrinkage=0.0939263


Tree=2
num_leaves=106
num_cat=9
split_feature=73 73 106 106 73 73 7 77 106 73 83 73 7 6 10 7 106 96 7 65 6 106 70 1 6 68 11 89 35 51 10 93 82 26 73 78 82 73 74 7 97 34 34 73 19 70 100 89 106 26 88 77 47 47 87 85 35 55 105 15 14 66 1 31 78 82 54 66 31 43 106 11 60 10 43 54 45 66 41 66 104 35 102 73 97 70 92 78 70 68 65 51 60 45 79 45 97 47 11 84 75 88 106 101 1
split_gain=3732.72 1239.25 730.786 321.132 273.822 147.907 76.8888 61.258 59.4132 59.3031 57.154 33.2414 32.4049 28.9994 24.7399 21.9565 20.6727 24.8644 12.7057 12.3923 12.0601 12.0021 11.5047 12.2774 10.5307 10.5484 15.5268 10.2433 12.1882 9.85018 13.4153 12.5706 9.74198 9.48213 8.72007 14.9487 8.38146 8.27033 8.02066 7.83981 7.68004 7.48526 7.31996 6.37553 5.79507 5.68612 5.61511 7.05442 5.43792 5.35039 11.8859 6.65551 5.22023 5.19295 5.054 5.22559 4.81109 4.74359 5.43223 5.07699 4.61677 4.28752 4.27954 9.07353 4.17121 4.05897 4.21462 4.02227 3.90389 5.6205 4.74062 3.87754 3.85081 3.76522 3.72064 3.66917 3.57348 3.48343 3.78064 3.71782 3.41983 3.40106 3.35998 3.27005 3.16365 2.99493 2.94721 2.88772 2.87297 4.13951 2.74902 4.74272 3.61643 2.6627 4.156 2.64344 2.63597 2.46308 2.48849 2.30161 2.24682 1.97167 2.11491 1.93916 1.90859
threshold=0.074120800942182555 0.4750796258449555 0.076805114746093764 0.53915673494339 0.305995523929596 0.66013121604919445 0 0.8866468369960786 0.65845295786857616 0.18874412775039676 0.78930321335792553 0.16603311151266101 1 2 1546.5000000000002 3 0.40327404439449316 0.66874697804451 4 0.21793544292449954 5 0.51668789982795726 1.6307067871093752 60.500000000000007 6 0.56866052746772777 804.50000000000011 0.085140947252511992 0.11503660256410302 1.0809262394905093 2894.5000000000005 0.37197169661521917 0.77326050400733959 0.79750000000000021 0.38161981105804449 0.36558678746223455 0.37938317656517034 0.40640942752361303 0.50073373317718517 7 0.43325054645538336 770.74500000000012 759.54500000000019 0.37798468768596655 8 1.4864233136177065 0.041819937527179725 0.22503028810024264 0.24105311930179599 0.86250000000000016 2.785812616348267 0.12988828122615817 1.2285680770874026 0.2791669517755509 0.99627977609634411 1.7055962085723879 0.11719173076923102 1.4357673525810244 1.3928928375244143 18.500000000000004 1750.2650000000001 3.3270730972290044 42.500000000000007 1194.5999685205952 0.63747307658195507 1.3598328828811648 0.28280140459537512 1.3094204068183901 313.71727297111306 0.32200983166694647 0.1762548238039017 801.50000000000011 0.53863203525543224 1904.4500000000003 2.1501835584640507 0.81467470526695263 3.556063294410706 1.0558348894119265 0.16862040013074878 1.4553624391555788 0.10273655503988267 0.35600714285714302 0.29997627437114721 0.55701497197151195 0.90680283308029186 0.57590216398239147 0.14640277624130252 0.88165557384490978 1.4053602218627932 0.49660670757293707 0.1583230942487717 0.94113412499427807 0.1562483757734299 0.47737699747085577 0.23156884312629702 1.2523231506347658 0.92792564630508434 0.47901269793510443 501.50000000000006 0.3614190816879273 2.5491559505462651 1.6574668884277346 0.19958839565515521 2.2159367799758916 50.500000000000007
decision_type=2 2 2 2 2 2 9 2 2 2 2 2 9 9 2 9 2 2 9 2 9 2 2 2 9 2 2 2 10 2 2 2 2 2 2 2 2 2 2 9 2 10 8 2 9 2 2 2 2 2 2 2 2 2 2 2 10 2 2 2 2 2 2 2 2 2 2 2 2 2 2 2 2 2 2 2 2 2 2 2 2 8 2 2 2 2 2 2 2 2 2 2 2 2 2 2 2 2 2 2 2 2 2 2 2
left_child=2 3 19 4 6 8 32 11 83 15 14 42 37 36 -4 -8 17 -16 53 -1 48 29 23 41 97 27 49 28 -26 30 31 33 54 -17 35 40 56 46 -35 -13 43 -18 61 72 -24 99 -6 -48 -14 50 51 80 -46 -15 55 57 -11 58 59 -2 -50 74 -31 -64 -41 66 85 -55 70 -70 -29 86 -22 -71 76 96 84 78 87 101 -27 -72 -12 -3 -5 -39 -54 -37 89 -69 91 92 -34 -92 -95 100 -36 98 -20 -30 -81 102 -79 -85 -32
right_child=1 5 10 7 12 -7 9 -9 -10 13 82 39 20 18 16 21 22 -19 24 -21 34 -23 44 -25 25 26 -28 68 45 62 104 -33 90 38 75 77 -38 65 -40 64 -42 -43 -44 -45 52 -47 47 -49 60 -51 -52 -53 71 67 -56 -57 -58 -59 -60 -61 -62 -63 63 -65 -66 -67 -68 88 69 73 81 -73 -74 -75 -76 -77 -78 79 -80 95 -82 -83 -84 103 -86 -87 -88 -89 -90 -91 93 -93 -94 94 -96 -97 -98 -99 -100 -101 -102 -103 -104 -105 -106
leaf_value=-0.24453849025821728 0.057632741329106313 0.066182944435193194 0 0.048084867178585719 0 0.10591204813300663 0 0.10346238657421168 0.10575268405403673 0 0 0 -0.0016163838401136461 0.030406617694485914 -0.15888924774577942 0 -0.11867333702361876 0 0 0 0.059223847869823661 0 0 0 0 -0.1826413556795696 0 -0.0028302612102829284 -0.11100399685936449 0 -0.032428773498175897 0 0 -0.131606307430777 0.060413030815533328 0 0 0.050717251453353478 0 0.072825625694351068 0 0 0 0 0 0 -0.088188893240010308 0 0 0 0 0 -0.10434909475844062 0 0 0 0.057215882541904906 0 0 0 0.034448319594627179 0 0 -0.11799794758906818 0 0 0 0 0 0 0.046547873621104463 0 0 -0.091352324502217364 0 0 0 -0.055224994318082969 0 0.035964934479750042 0 0 0.050886809583787426 0.082526148708142219 0 0 0 0.04747369130322171 0 -0.10884062190249176 0 0 -0.07780774241775569 0 0.051858687560016048 0 0 0.030649910577583091 -0.047192065074396682 0 0 0 0 0.0247331632997995 0
leaf_weight=329.97125577926636 140.56619988381863 1360.369767382741 52.949201285839081 160.82923285663128 60.318704664707184 8402.5290071666241 35.762461468577385 514.48640614748001 925.97942896187305 13.855964407324789 6.4720809906721106 46.710312068462372 43.649697884917259 41.758512035012245 48.699751853942871 10.224831059575079 40.793363109230995 13.212185204029081 9.2934578359127062 5.0246818214654914 280.90200935304165 18.636089459061623 52.939165398478508 21.260268822312355 11.836251050233839 24.090008378028873 6.9509702622890464 13.838555380702017 27.801621839404106 22.97760421037674 15.237828239798548 22.961858078837395 23.71509738266468 119.6329692453146 934.81008698046207 22.629624739289284 48.973352193832397 62.157627373933792 17.391991958022118 872.44104208052158 16.330390930175781 5.9264757037162772 64.003430977463722 15.143806532025335 8.1836350560188276 8.0150295197963697 15.217478081583975 21.371233344078064 15.399771615862845 8.5725425928831083 6.1715303510427466 5.7962393611669532 15.916951864957815 18.062886670231819 24.386747851967812 12.237996280193327 64.257939860224724 14.467678889632223 16.633641794323921 19.135163098573685 89.374949172139168 13.503284871578215 15.604165226221086 8.3123391121625883 13.23178508877754 20.188846781849861 20.856264144182205 10.374027267098432 8.9735451787710172 11.245641261339189 34.498879939317703 5.7627139687538138 21.042004242539406 12.710668399929999 13.947664067149161 12.057224094867705 10.841928243637083 18.124090328812599 16.996607065200806 41.25309519469738 4.5451435744762412 13.146957919001578 43.960323467850685 1597.7173112779856 10.71201905608177 12.118740707635878 8.8161363452672941 47.76286144554615 9.1229753792285901 7.9921432584524146 5.6522046625614157 19.49737560749054 13.812956899404524 9.737757205963133 25.198390781879425 11.393463745713232 10.752391040325163 21.354043632745743 9.5074617117643339 5.5688307583332053 13.869186103343962 11.545251697301863 15.102581977844237 51.970849961042404 16.019203260540962
leaf_count=1401 291 2899 133 351 153 15950 86 959 1744 36 18 118 121 90 185 27 147 33 21 15 592 48 127 56 27 103 15 42 102 54 49 62 62 423 2014 57 125 132 50 1822 44 15 166 40 19 21 57 56 44 24 16 17 60 42 64 34 130 38 43 48 203 37 39 36 33 56 56 28 20 30 69 14 52 49 37 31 29 61 46 87 14 35 89 3251 28 32 24 97 23 35 18 45 50 27 46 33 27 42 35 16 36 28 40 122 36
internal_value=0.0742828 0.0828286 -0.144273 0.0411971 0.0218613 0.0984646 -0.0149432 0.073638 0.0823156 -0.031533 -0.0403267 0.0601 0.0439567 -0.00826325 -0.0586774 -0.0646683 -0.0724229 -0.128162 -0.0240418 -0.24203 0.0483873 -0.0725755 -0.0445746 -0.0773215 -0.0352085 -0.0443267 -0.089075 -0.0237534 -0.0567841 -0.0807275 -0.0917315 -0.103175 0.0213837 -0.114217 0.0514592 0.0367058 0.0254801 0.00299393 -0.120916 0.0692417 0.0498356 -0.104573 0.0255301 0.0531445 -0.00991777 -0.0817325 -0.0113545 -0.0407791 0.0104048 -0.10854 -0.123946 -0.145032 -0.0348938 0 0.0327135 0.0376428 0.0464826 0.0418108 0.0461219 0.0514428 0.0250531 0.0340072 -0.0135124 -0.0433781 0.0711892 0.0231952 0.0320101 -0.0118358 0 -0.0296984 0.00870216 -0.0623419 0.0561376 -0.0566313 0.0377839 0.0592016 0.0414192 0.00997067 0.0239475 0 -0.164853 0.030963 0.0410279 0.0747762 0.0447934 0.0424833 -0.0781393 0.0343383 -0.0385378 -0.0593071 0 -0.0158722 -0.0383742 0.0153069 0.030483 0.0129116 0.0598639 0 -0.00693966 -0.0985774 0.0248578 -0.0217679 -0.0338576 0.081273 0
internal_weight=17655.6 16995.8 659.888 4657.19 2936.49 12338.6 1086.12 1720.71 3936.04 761.077 324.892 1206.22 1850.37 458.315 274.46 302.761 221.511 61.9119 331.228 334.996 1638.14 266.999 159.599 67.9801 243.917 203.762 56.1264 147.636 53.2217 248.363 201.469 170.212 325.041 147.25 1489.71 532.095 127.087 212.229 137.025 932.383 333.418 46.7198 273.838 317.088 91.6186 41.3855 96.9074 36.5887 148.424 49.1755 40.6029 34.4314 38.6794 87.3105 227.427 203.041 78.1139 190.803 176.335 159.701 104.775 209.834 46.8941 23.9165 885.673 115.321 95.1326 45.552 94.4142 32.9299 61.4844 30.4958 301.944 23.9563 196.331 957.62 182.383 198.677 87.3891 111.288 28.6352 47.6458 50.4324 3010.06 171.541 74.2764 24.7331 70.3925 27.4891 18.3662 97.6138 57.0254 37.5281 40.5884 34.9361 66.5157 945.562 40.155 18.8009 33.3705 55.1223 44.7719 33.2267 1649.69 31.257
internal_count=36960 34624 2336 10658 7078 23966 2883 3580 8016 2117 920 2621 4195 1207 813 910 680 218 916 1416 3653 824 462 218 698 600 189 411 166 776 647 562 766 500 3285 1213 291 542 473 1973 728 162 648 684 244 139 266 113 368 174 150 134 117 218 518 454 166 420 382 339 247 482 129 75 1855 276 220 128 245 99 146 98 644 79 445 2072 408 485 200 285 117 104 107 6272 379 164 84 154 86 63 248 157 112 91 73 156 2041 98 56 118 123 129 101 3373 85
cat_boundaries=0 11 23 161 168 179 305 417 427 428
cat_threshold=536937476 512 32961 69208064 65536 2147491936 4327432 536887424 2560 16777220 10 67177488 69892 4352 603979776 147458 134217728 33554688 0 268438080 1048576 8320 2178 0 0 16384 0 0 0 0 0 0 0 0 0 0 0 0 0 0 0 0 0 0 0 0 0 0 1048576 0 0 0 0 0 0 0 0 0 0 0 0 0 0 0 0 134217728 0 0 0 0 0 0 0 0 0 0 0 0 67108864 0 0 0 0 0 1 0 0 0 0 0 0 0 0 0 0 0 0 0 0 0 0 0 0 0 0 0 0 0 0 0 0 0 0 0 0 0 0 0 0 0 0 0 0 0 0 0 0 0 1073741824 0 0 0 0 0 0 0 4096 536870912 0 0 0 0 0 0 0 0 0 0 0 0 0 0 0 0 0 0 0 0 0 16777216 2097152 0 524288 0 8192 0 0 134221824 0 2147483648 4096 1107296256 4096 256 134217728 0 0 1048656 8388608 0 0 0 0 0 0 1 0 0 0 0 33554432 0 0 0 0 0 0 0 0 0 0 0 0 0 1048576 0 0 0 0 0 256 0 0 0 0 0 0 0 0 0 0 33554432 0 0 0 0 0 0 536870912 0 0 0 0 0 0 0 0 0 0 0 0 0 0 0 0 0 32768 0 0 0 0 0 4 0 0 0 0 0 0 0 0 0 0 0 0 0 0 0 16 0 0 0 0 0 0 0 0 0 0 32 0 0 0 524288 1073741824 0 0 0 0 0 0 0 0 0 0 0 32768 0 128 0 0 0 0 0 4 0 0 0 0 0 0 0 0 0 0 0 0 0 0 0 0 0 0 0 0 0 268435456 0 0 1 0 0 0 0 0 0 0 0 0 0 0 0 0 0 0 0 0 0 0 0 0 0 0 0 0 0 0 0 0 1073741824 0 0 0 0 0 0 0 0 0 0 0 2097152 0 0 0 0 0 0 0 0 0 0 0 0 0 0 0 0 0 0 0 0 0 0 16 0 0 0 0 0 0 0 0 0 0 0 0 0 0 0 0 0 0 0 0 0 33554432 0 0 536870912 64 1024 50331648 0 0 4 16777248 132616
is_linear=0
shrinkage=0.0939263


Tree=3
num_leaves=106
num_cat=8
split_feature=73 73 79 106 73 73 77 7 7 73 83 106 73 6 73 77 70 41 1 68 68 47 106 55 1 106 45 86 51 101 82 70 66 59 85 70 1 35 104 1 7 96 11 79 84 98 106 51 6 7 84 41 82 106 45 78 73 45 106 60 34 35 86 73 85 78 86 12 60 47 34 19 43 103 35 103 105 75 84 45 25 3 45 45 70 88 102 35 96 101 97 87 81 45 14 75 59 98 11 79 45 80 70 45 1
split_gain=3156.24 1191.91 533.696 299.462 292.517 92.3829 68.8153 63.6117 47.2912 47.0371 43.059 37.6485 35.6457 29.253 21.6928 17.5341 16.0688 15.8445 13.156 11.7899 16.0207 14.1284 16.5027 12.9606 11.9243 11.4229 11.2838 19.2662 12.9407 11.7207 11.161 11.8842 10.614 10.4176 21.4761 10.1117 11.4346 13.2237 15.3767 10.9518 9.90733 9.52857 9.08948 8.88675 8.47118 8.13511 7.89742 9.45711 7.67301 7.57816 6.21871 6.18759 5.9304 5.73714 5.64827 5.59246 5.58758 5.53732 5.54195 5.47553 5.43096 5.33175 5.02269 5.42913 6.26439 4.78307 4.58081 4.23724 4.10109 3.9461 3.85543 3.83661 4.7241 9.96273 18.5456 3.7493 6.46717 3.78001 3.71721 3.69171 4.17427 3.68334 3.66815 3.60176 3.61162 3.5948 3.59299 3.47822 3.07982 2.83017 2.73978 2.67723 2.44753 2.07351 1.93399 1.91273 2.47525 1.86684 1.85423 2.60497 5.24132 1.82248 1.65016 1.48442 1.48194
threshold=0.074120800942182555 0.51308390498161327 0.96542742848396312 0.53915673494339 0.305995523929596 0.67198577523231517 0.8866468369960786 0 1 0.18874412775039676 0.78930321335792553 0.6047043800354005 0.18157967180013659 2 0.38161981105804449 0.98995989561080944 1.1655551195144656 0.60698127746582042 27.500000000000004 0.2214765474200249 0.078271947801113143 0.17740538716316226 0.52009347081184398 1.6094411015510561 63.500000000000007 0.15702646225690844 2.3289952278137211 0.30043855309486395 1.1952571272850039 1.8797004818916323 1.2311775684356692 1.6639633774757387 1.5984395742416384 1.632282614707947 1.6033325195312502 0.11321545764803888 26.500000000000004 0.11364461538461552 0.22735051810741427 63.500000000000007 3 1.4125953912734988 785.50000000000011 0.62882366776466381 1.292343318462372 1.7269333004951479 0.38213922083377844 1.0254192948341372 4 5 0.82656595110893261 0.087044615298509612 2.1199258565902714 0.23591923713684085 0.57374989986419689 0.67784088850021373 0.40211203694343572 0.47737699747085577 0.48298856616020208 0.6593853533267976 674.90000000000009 0.23142100000000002 1.5785391330718996 0.12121234089136125 1.7055962085723879 0.74290969967842113 4.6407926082611093 59.025000000000006 0.057574547827243812 1.8433003425598147 792.60500000000013 6 0.40635697543621069 0.14885798096656802 0.24611149717514103 1.3260141611099245 1.441222667694092 0.18961912393569949 1.1340221762657168 1.6587923765182497 0.69750000000000012 7 0.17830178886651996 3.556063294410706 0.51692602038383495 1.7284511327743532 0.29997627437114721 0.11719173076923102 0.91398629546165477 0.78823190927505504 0.51768952608108532 0.10039104148745538 1.7459690570831301 0.53989538550376903 989.8850000000001 0.48545999825000768 0.015487547963857652 0.71855953335762035 730.50000000000011 0.35968312621116644 0.048944078385829932 0.37953704595565801 1.2723476290702822 2.1433786153793339 48.500000000000007
decision_type=2 2 2 2 2 2 2 9 9 2 2 2 2 9 2 2 2 2 2 2 2 2 2 2 2 2 2 2 2 2 2 2 2 2 2 2 2 8 2 2 9 2 2 2 2 2 2 2 9 9 2 2 2 2 2 2 2 2 2 2 10 10 2 2 2 2 2 8 2 2 8 9 2 2 10 2 2 2 2 2 2 1 2 2 2 2 2 10 2 2 2 2 2 2 2 2 2 2 2 2 2 2 2 2 2
left_child=2 3 10 4 7 11 12 30 52 17 15 66 44 43 25 16 -1 19 -18 20 46 -21 23 24 88 54 -20 28 -28 101 62 95 71 34 51 -34 -37 -38 39 57 53 42 50 87 70 92 47 -9 -27 -14 -30 -4 61 -16 75 -51 -54 -39 59 -59 -33 68 63 -2 67 90 -3 -65 98 -35 78 -15 -73 -74 -75 -10 77 -77 79 -5 -81 93 -55 84 -82 97 -12 -11 -23 -89 -50 -19 94 -63 -42 -32 -97 -56 99 100 -6 -29 -45 -93 -76
right_child=1 5 33 6 8 -7 -8 9 14 13 86 -13 49 32 40 -17 18 91 26 21 -22 22 -24 -25 -26 48 27 29 41 -31 31 60 35 69 -36 36 37 38 -40 -41 45 -43 -44 102 -46 -47 -48 -49 65 55 -52 -53 56 82 85 -57 -58 58 -60 -61 -62 81 -64 64 -66 -67 -68 -69 -70 -71 -72 72 73 74 104 76 -78 -79 -80 80 83 -83 -84 -85 -86 -87 -88 89 -90 -91 -92 103 -94 -95 -96 96 -98 -99 -100 -101 -102 -103 -104 -105 -106
leaf_value=0 0 0.074925486596620378 -0.14294662867569669 0 0 0.10363078030571897 0.1020198688522117 -0.11439145220834424 0 0 0 0.1024438635713194 0 0.012040595588408224 -0.0067446594626403853 0.0040389219014379807 0 -0.042569971822366576 0 0 0 -0.1337749113046719 0 0 0 0 0 -0.15225542176374884 -0.12166447598559149 0 0 0 0 0 0 0 0 0 0 0 0 0 0 -0.039065650679048256 0.064178711534399815 0 0 0 0.050573076066526043 0.071424066728681193 0 0 -0.089580399290904555 0.040681688044696913 -0.047777602948155272 0 0 -0.12918888402724849 0 0 -0.14010029081545011 0.037336313450645607 0 0 0 0 0 0.047931344959222605 0.021412476171139713 -0.21602291421068062 0 0 0 0 -0.18775007235253485 0 0 0.055592291367844153 0 0 0 0 0 0 0.039651516900014609 0 0.047688059642637934 0.05312005770820747 0 0 0 0 0 0 0.0600805801839717 0 0.032251853041071532 0 0 0 -0.0701577647841512 0 0 0.025590971384244477 0
leaf_weight=34.107431173324585 27.56947734951973 2267.0085134655237 32.695878505706787 19.774126797914505 19.72144378721714 7627.9662100374699 582.85091350972652 26.869959831237793 35.650858551263809 13.803573265671728 6.6960408538579932 858.2662268280983 45.872899517416954 42.340008080005646 28.606434091925621 17.076794385910034 24.466460898518562 10.670649528503416 12.690796434879301 12.695133462548254 50.61398634314537 96.607145875692368 11.134185716509817 14.667965784668921 18.302297174930573 52.626201555132866 52.177213057875633 53.69580414891243 36.483263209462166 5.547085613012313 11.536260008811949 9.3369563966989535 8.5725839734077436 4.5811397582292548 5.2269156575202933 13.803303122520445 26.600573599338531 9.457635894417761 14.641185522079466 10.914279237389563 6.069550395011901 11.925073727965353 9.5113796442747098 8.7657272964715975 55.999243900179863 14.669713065028189 14.155777603387831 7.8159431368112555 298.69079676270485 977.56736791133881 5.6342130452394477 4.7352152168750754 9.5444491207599622 53.302282705903053 24.003468498587612 13.198806047439573 23.959558963775635 57.876430958509445 7.0954476594924918 5.164177566766738 7.0940824300050727 82.900081321597099 35.074072152376175 16.501094371080399 17.045231685042381 37.288469254970551 19.526219397783279 173.45578464865685 25.653683587908745 317.7932171523571 20.138640999794006 25.752916947007179 46.602474972605705 30.0226029753685 8.7362541109323519 2.6848912090063086 11.91281048953533 53.001210510730743 11.127337530255316 17.835338667035103 11.993400633335112 11.706361621618269 15.373767346143721 13.79304827749729 154.57253955304623 33.97645191848278 42.62203711271286 81.247260957956314 10.630263939499853 15.28426446020603 15.558887362480162 7.2142448127269772 12.159473165869711 15.262354254722593 1374.6126464754343 5.6892059296369544 36.558855444192886 5.411721244454383 13.307391956448553 14.752749934792517 21.502173706889153 8.8211367726325971 11.63729467988014 23.620642706751823 8.1799126118421537
leaf_count=84 71 4915 121 55 53 15515 1160 96 92 36 19 1735 118 96 85 36 60 37 30 31 119 342 27 38 50 137 133 200 132 13 35 25 16 14 8 31 68 26 36 28 16 29 24 32 115 40 36 19 663 2132 15 12 38 119 77 34 65 211 20 14 33 189 92 43 46 94 49 378 56 1291 59 60 118 79 43 9 34 106 35 50 33 34 43 37 349 84 89 171 31 38 39 20 31 40 3045 17 76 13 34 38 76 26 26 47 25
internal_value=0.0710468 0.0794917 -0.125577 0.0428456 0.0256798 0.0975335 0.0727175 -0.0137603 0.0446759 -0.0292601 -0.0337387 0.082431 0.0592561 -0.00777225 0.0491357 -0.0499047 -0.0570983 -0.0585787 -0.0663407 -0.0670772 -0.0259095 -0.0862402 -0.0942203 -0.103011 -0.11291 0.0299595 -0.0743999 -0.0803449 -0.0432774 -0.12887 0.0181385 -0.00502025 -0.0244114 -0.203705 -0.100635 -0.0435501 -0.0511602 -0.0604252 -0.0752962 -0.0898054 0.0561085 -0.0718808 -0.089145 0.0252896 0.0257885 0.0582967 -0.0648443 -0.0885902 0.0388935 0.0682008 -0.107604 -0.128344 0 0.00812302 0.00273999 0.0698907 -0.0312635 -0.101796 -0.111506 -0.120757 -0.0786825 0.00956689 0.0282245 0.0332209 0.0384784 0.0433303 0.0744865 0.0436195 0 -0.214235 0.0133268 -0.00190383 -0.0143371 -0.0273673 -0.0576425 0.0202632 0.0332937 0.0485066 0.0184697 0.0225478 0.0268816 0.0243965 0.0286823 0.0315766 0.0356252 -0.0114246 0.0365698 0.0397759 -0.126027 0.0460643 0.0485241 0 0.0594535 0.0315287 0.0598454 0.00148899 0.0198757 -0.0364409 -0.0185334 -0.0266887 -0.038855 -0.140345 0 0.00954521 -0.134948
internal_weight=16789.2 16102.8 686.487 5329.99 3405.27 10772.8 1924.72 1091.36 2313.91 751.496 321.455 3144.8 1341.87 446.498 2075.6 272.137 255.06 304.998 220.952 263.493 99.4557 164.037 151.342 140.208 125.54 570.806 196.486 183.795 115.731 68.064 339.861 70.2154 315.76 365.032 42.658 154.126 145.553 131.75 105.149 90.508 1504.79 63.5539 51.6289 130.738 305.234 1407.51 48.8417 34.6859 404.164 1036.64 42.1175 37.4311 238.31 97.2825 166.641 990.766 33.504 79.5937 70.1361 63.0406 16.431 204.806 269.646 234.572 207.002 351.538 2286.53 189.957 94.9374 322.374 249.234 161.634 119.294 93.5412 46.9388 103.25 67.5989 55.6861 229.096 217.968 198.194 109.869 68.6761 180.359 166.566 63.3916 49.3181 110.335 107.237 96.5315 314.25 41.5055 1392.84 98.1624 1380.68 53.7843 42.2481 29.4152 69.2838 55.9764 41.2236 62.5169 20.403 30.8349 16.9162
internal_count=36960 34624 2336 12410 8233 22214 4177 2883 5350 2067 890 6699 3017 1174 4727 782 746 893 662 789 270 519 488 461 423 1348 602 572 333 239 816 186 871 1446 141 450 434 403 335 299 3379 200 171 303 733 3132 151 115 933 2284 147 133 623 247 415 2166 103 271 245 225 58 520 630 538 467 796 4964 421 257 1305 618 421 325 265 147 241 149 115 559 524 469 263 162 419 382 174 108 245 373 209 702 104 3092 229 3061 128 93 90 201 167 129 226 58 67 68
cat_boundaries=0 11 23 161 173 287 299 300 301
cat_threshold=536937476 512 37057 69206016 65536 2147491936 4331528 536887424 2560 16777220 10 604569616 8425472 12544 2684354568 17410 0 167772161 16448 268437504 17833984 8384 2 0 0 16384 0 0 0 0 0 0 0 0 0 0 0 0 0 0 0 0 0 0 0 0 0 0 1048576 0 0 0 0 0 0 0 0 0 0 0 0 0 0 0 0 134217728 0 0 0 0 0 0 0 0 0 0 0 0 67108864 0 0 0 0 0 1 0 0 0 0 0 0 0 0 0 0 0 0 0 0 0 0 0 0 0 0 0 0 0 0 0 0 0 16 0 0 0 0 0 0 0 0 0 0 0 0 0 0 0 1073741824 0 0 0 0 0 0 0 4096 536870912 0 0 0 0 0 0 0 0 0 0 0 0 0 1048576 0 0 0 0 0 0 0 16777216 2097152 0 0 64 0 131072 4352 2052 0 134218240 0 0 129 0 0 0 0 0 0 0 0 0 0 0 0 0 0 0 0 0 0 0 0 0 0 0 0 0 0 0 0 0 0 0 0 0 0 0 0 0 0 0 0 0 0 0 0 0 0 0 0 0 0 0 0 0 0 0 0 0 0 0 0 0 1 0 0 0 0 0 0 0 0 0 0 0 0 0 0 0 0 0 0 0 0 0 0 0 0 1073741824 0 0 0 0 0 0 32768 0 0 0 0 0 0 0 0 0 0 524288 0 0 0 0 0 0 0 0 4096 0 0 536870912 0 0 16777216 1073741840 0 4 32 0 128 270440 2
is_linear=0
shrinkage=0.0939263


end of trees

feature_importances:
nn_prob_adimplencia=39
nn_prob_lucro_inadim=29
embed_adimplencia_4=20
embed_adimplencia_25=16
embed_adimplencia_29=14
Cidade_Loja=13
score_SPC=11
embed_adimplencia_10=11
valor_financiado=10
idade=9
valor_cestabasica=9
preco_cb_perc=9
embed_lucro_inadim_8=9
embed_adimplencia_27=8
embed_lucro_inadim_1=8
embed_lucro_inadim_3=8
embed_lucro_inadim_4=8
embed_lucro_inadim_27=8
descricao_da_Profissao=7
embed_adimplencia_0=7
embed_adimplencia_6=7
embed_adimplencia_18=7
embed_lucro_inadim_0=7
embed_lucro_inadim_5=7
embed_lucro_inadim_10=7
embed_lucro_inadim_14=7
embed_lucro_inadim_22=7
embed_lucro_inadim_23=7
embed_lucro_inadim_28=7
valor_inicial_da_prestacao=6
renda_cliente=6
embed_lucro_inadim_9=6
embed_lucro_inadim_12=5
embed_lucro_inadim_30=5
embed_adimplencia_2=4
embed_adimplencia_14=4
embed_adimplencia_19=4
embed_lucro_inadim_11=4
embed_lucro_inadim_31=4
Score_MC=3
categorias_da_Profissao=3
densidade_pop=3
embed_adimplencia_16=3
embed_lucro_inadim_24=3
embed_lucro_inadim_25=3
embed_lucro_inadim_29=3
plano_financiamento=2
idhm_renda_2010=2
idhm_longevidade_2010=2
preco_combustivel=2
embed_adimplencia_13=2
embed_adimplencia_22=2
embed_adimplencia_24=2
embed_adimplencia_28=2
embed_lucro_inadim_7=2
embed_lucro_inadim_13=2
embed_lucro_inadim_15=2
embed_lucro_inadim_17=2
tipo_residencia=1
Cargo=1
municipio=1
uf=1
idhm_educacao_2010=1
populacao=1
embed_lucro_inadim_6=1
embed_lucro_inadim_18=1
embed_lucro_inadim_19=1
embed_lucro_inadim_20=1
embed_lucro_inadim_26=1

parameters:
[boosting: gbdt]
[objective: binary]
[metric: auc]
[tree_learner: serial]
[device_type: cpu]
[data_sample_strategy: bagging]
[data: ]
[valid: ]
[num_iterations: 3000]
[learning_rate: 0.0939263]
[num_leaves: 106]
[num_threads: -1]
[seed: 42]
[deterministic: 0]
[force_col_wise: 0]
[force_row_wise: 0]
[histogram_pool_size: -1]
[max_depth: 24]
[min_data_in_leaf: 20]
[min_sum_hessian_in_leaf: 0.001]
[bagging_fraction: 0.967167]
[pos_bagging_fraction: 1]
[neg_bagging_fraction: 1]
[bagging_freq: 0]
[bagging_seed: 400]
[bagging_by_query: 0]
[feature_fraction: 0.988623]
[feature_fraction_bynode: 1]
[feature_fraction_seed: 30056]
[extra_trees: 0]
[extra_seed: 12879]
[early_stopping_round: 0]
[early_stopping_min_delta: 0]
[first_metric_only: 0]
[max_delta_step: 0]
[lambda_l1: 9.75313]
[lambda_l2: 0.773447]
[linear_lambda: 0]
[min_gain_to_split: 0]
[drop_rate: 0.1]
[max_drop: 50]
[skip_drop: 0.5]
[xgboost_dart_mode: 0]
[uniform_drop: 0]
[drop_seed: 17869]
[top_rate: 0.2]
[other_rate: 0.1]
[min_data_per_group: 100]
[max_cat_threshold: 32]
[cat_l2: 10]
[cat_smooth: 10]
[max_cat_to_onehot: 4]
[top_k: 20]
[monotone_constraints: ]
[monotone_constraints_method: basic]
[monotone_penalty: 0]
[feature_contri: ]
[forcedsplits_filename: ]
[refit_decay_rate: 0.9]
[cegb_tradeoff: 1]
[cegb_penalty_split: 0]
[cegb_penalty_feature_lazy: ]
[cegb_penalty_feature_coupled: ]
[path_smooth: 0]
[interaction_constraints: ]
[verbosity: -1]
[saved_feature_importance_type: 0]
[use_quantized_grad: 0]
[num_grad_quant_bins: 4]
[quant_train_renew_leaf: 0]
[stochastic_rounding: 1]
[linear_tree: 0]
[max_bin: 255]
[max_bin_by_feature: ]
[min_data_in_bin: 3]
[bin_construct_sample_cnt: 200000]
[data_random_seed: 175]
[is_enable_sparse: 1]
[enable_bundle: 1]
[use_missing: 1]
[zero_as_missing: 0]
[feature_pre_filter: 1]
[pre_partition: 0]
[two_round: 0]
[header: 0]
[label_column: ]
[weight_column: ]
[group_column: ]
[ignore_column: ]
[categorical_feature: 0,2,3,4,5,6,7,8,13,16,18,19,22,23,28,33,39]
[forcedbins_filename: ]
[precise_float_parser: 0]
[parser_config_file: ]
[objective_seed: 16083]
[num_class: 1]
[is_unbalance: 0]
[scale_pos_weight: 3.74759]
[sigmoid: 1]
[boost_from_average: 1]
[reg_sqrt: 0]
[alpha: 0.9]
[fair_c: 1]
[poisson_max_delta_step: 0.7]
[tweedie_variance_power: 1.5]
[lambdarank_truncation_level: 30]
[lambdarank_norm: 1]
[label_gain: ]
[lambdarank_position_bias_regularization: 0]
[eval_at: ]
[multi_error_top_k: 1]
[auc_mu_weights: ]
[num_machines: 1]
[local_listen_port: 12400]
[time_out: 120]
[machine_list_filename: ]
[machines: ]
[gpu_platform_id: -1]
[gpu_device_id: -1]
[gpu_use_dp: 0]
[num_gpu: 1]

end of parameters

pandas_categorical:[["  COLCHAO D33 138X14CM", "  VENTILACAO 30CM SUPER POTENCIA VSP-30-B 110V", " 0-PROCEDIMENTO EST\u00c9TICO", " COMODA E ROUPEIRO", " LAVADORA + NOT", "01 BELICHE/2 COLCHOES/BOX CASAL", "01 BICICLETA /ROUPEIRO", "01 CAMA BOX", "01 CAMA E 01 COLCHAO DE CASAL", "01 COMODA E 01 ROUPEIRO", "01 FOGAO", "01 FOGAO 01 COLCHAO CASAL", "01 FOGAO E 01 COZINHA", "01 LIQUIDIFICADOR, CAIXA DE SOM", "01 MESA 01 ARMARIO", "01 PAINEL 01 ROUPEIRO", "01 ROUPEIRO", "01 ROUPEIRO 01 SANDUICHEIRA", "01 ROUPEIRO 01COZINHA", "01 Roupeiro", "01 SMARTPHONE", "01 SOFA", "01 SOFA 04", "01 TANQUINHO , 01 COMODA", "01 beliche 01 colch\u00e3o", "01 cafeteira 01 ventilador de coluna", "01 caixa de som", "01 caixa de som e 01 ventilador", "01 colch\u00e3o", "01 cozinha", "01 escova , 01 fritadeira", "01 fog\u00e3o", "01 fritadeira , 01 panela", "01 liquidificador , ventilador , batedeira", "01 mesa", "01 mesa 04 cadeiras", "01 rack", "01 roupeiro", "01 roupeiro , multiuso ,ventilador", "01 roupeiro 01 kit cozinha", "01 sof\u00e1 e 01 roupeiro", "01ROUPEIRO", "01ventilador / fritadeira el\u00e9trica / ferro", "02 CELULAR", "02 COLCHAO E ROUPEIRO", "02 guarda roupas", "02 roupeiro e sofa + painel", "03 ventilador", "04 PNEUS", "04 bicicleta", "1 BELICHE", "1 BELICHE 1 COLCHAO", "1 BIOESTIMULADOR+ 1ML DE PREENCHIMENTO", "1 BOX 1 BASE , 1 SOFA CAMA", "1 COLCHAO", "1 ESTOFADO", "1 GUARDA ROUPA", "1 GUARDA ROUPA 1 CAMA BOX", "1 JOGO DE SOFA", "1 KIT COZINHA", "1 RACK E 1 SOFA", "1 SOFA", "1 redmi 12", "10 FIOS LISOS + BOTOX", "10C CELULAR", "12 fios de garra + botox 35 uni", "14g motorola", "1ML DE BIG CHINES + BOTOX 3 REGIOES", "1ML PREENCHIMENTO LABIAL + BOTOX 3 REGIOES", "2  VENTILADORES", "2 BICICLETA", "2 BOTOX", "2 CADEIRAS", "2 CELULARES", "2 CELULARES 12C", "2 CELULARES REDMI A2", "2 CLIMATIZADORES DE 8 LITROS", "2 CONJ BOX", "2 COZINHAS COMPACTAS", "2 GUARDA ROUPAS", "2 Iphones", "2 LAVADORA 17KG", "2 PENEU", "2 PENTEADEIRAS", "2 PNEU", "2 PNEU + FOGAO", "2 POLTRONA", "2 ROUPEIRO 1 HOME", "2 ROUPEIROS", "2 SOFAS", "2 VENTILADOR", "2 VENTILADORES", "2 ml labial + botox 35 uni", "2 ventilador", "2 ventiladores", "2PC BALCAO 2P", "3 CADEIRA DE PRAIA", "3 VENTILADOR", "3 VENTILADORES", "3 pneu", "4  CADEIRAS E LAVADORA", "4 CADEIRAS", "4 PNEUS", "4 SESS\u00d5ES MICROAGULHAMENTO", "4 cadeiras", "5 SESS\u00d5ES PEIM + BOTOX 3 REGIOES", "6 CADEIRA E UMA ESCADA", "6 cadeiras", "AIR FLAYER", "AIR FRIER", "AIR FRY", "AIR FRY E GUARDA SOL", "AIR FRY+ BATEDEIRA", "AIR FRYER", "AIR FRYER E VENTILADOR", "AIR FRYER+TANQUINHO", "AIR FRYER, PANELA DE ARROZ", "AIRFRAY,VENTILADOR", "ANDUICHEIRA", "ANGELA", "ANTENA", "ANTENA  E SOM", "ANTENA DIGITAL/RECEPTOR", "ANTENA E CONVERSOR", "ANTENA E RECEPTOR", "ANTENA+ ASPIRADOR", "ANTENA+CRIADO MUDO", "ANTENA/RECEPTOR E PANELA", "AP CEL", "AP CEL + CHIP", "AP CEL + FOGAO COOKTOP 5B", "AP CEL A34", "APARADOR", "APARADOR , MULTIUSO", "APARADOR DE PELOS", "APARADOR E POLTRONA", "APARADOR E PUF", "APARADOR, SAPATEIRA, MESA", "APARELHO CELLULAR", "APARELHO CELULAR", "APARELHO CELULAR A03 CORE", "APARELHO CELULAR A23", "APARELHO CELULAR REDMI A1", "APINEL E TV", "AQUECEDOR", "AQUECEDOR + BICICLETA", "AQUECEDOR E FORNO ELETRICO", "AR CONDICIONADO", "AR CONDICIONADO 9000", "AR CONDICIONADO ELGIN", "AR CONDICIONADO\u00b4", "AR CONDIONADO", "AR CONSICIONADO", "ARAMARIO", "ARCONDICIONADO SPLI 9MIL  BTUS", "AREA DE COZINHA", "AREIA CIMENTOS PARA CONSTRUCAO", "ARMARIA DO CUZINHA", "ARMARIO", "ARMARIO + RACK", "ARMARIO + SAUDICHEIRA", "ARMARIO AEREO DE COZINHA", "ARMARIO CAMA ROUPEIRO E MESA", "ARMARIO COZ E VENTILADOR", "ARMARIO COZINHA", "ARMARIO COZINHA E BALCAO", "ARMARIO COZINHA E COMODA", "ARMARIO COZINHA+CRISTALEIRA+PAINEL", "ARMARIO DE ACO", "ARMARIO DE COZINHA", "ARMARIO DE COZINHA E BALCAO DE PIA", "ARMARIO DE COZINHA+BALCAO DE PIA", "ARMARIO DE COZINHA, SOFA E CADEIRA DE ESCRITORIO", "ARMARIO E BALCAO", "ARMARIO E BICICLETA", "ARMARIO E CAFETEIRA", "ARMARIO E COLCHAO", "ARMARIO E FOGAO", "ARMARIO E MULTIUSO", "ARMARIO E PIA", "ARMARIO E VENTILADOR", "ARMARIO FORNO E MICROONDAS", "ARMARIO P/COZINHA", "ARMARIO cozinha", "ARMARIO+TV", "ARMARIO, BALCAO, PIA E FOGAO", "ARMARIO/MESA", "ARMARIOS E MULTIUSO", "ARO RODA TRASEIRA E PNEU", "ARTMARIO COZINHA", "ASPIRADOR", "ASPIRADOR + BICICLETA", "ASPIRADOR DE", "ASPIRADOR DE PO", "ASPIRADOR DE PO 2 EM 1", "ASPIRADOR DE PO, E LAVADORA ALTA PRESSAO", "ASPIRADOR E LAVAJATO", "ASPIRADOR E RADIO", "ASPIRADOR+LAVADORA PRESSAO", "ASPIRADOR, secador de cabelo", "Aparador Henn", "Ar condicionado", "B&C MATERIAS DE CONSTRUCAO", "BABILYS E PARAFUSADEIRA", "BACALHAU MOTO E PNEU", "BACIA PIA", "BAIKE", "BALCA E PIA", "BALCAO", "BALCAO + INOX + CONJ. PANELA+ FOGAO", "BALCAO + PIA", "BALCAO + PIA + CABECEIRA", "BALCAO + TAMPO", "BALCAO + cuba", "BALCAO +COOK TOP", "BALCAO +COOKTOP", "BALCAO +PIA INOX", "BALCAO , MULTIUSO", "BALCAO ,PIA", "BALCAO - PIA 1,20", "BALCAO . PIA", "BALCAO 1,20", "BALCAO 1,20 ACO E PIA MARMORITE", "BALCAO 1.20", "BALCAO 120 + FRETE", "BALCAO 120 COLOR. ARMARIO", "BALCAO COPA", "BALCAO DE COZ, ROUPEIR", "BALCAO DE COZINHA", "BALCAO DE PIA", "BALCAO DE PIA + CANTINHO DO CAFE", "BALCAO DE PIA + CUBA", "BALCAO DE PIA + PEDRA", "BALCAO DE PIA + PEDRA DE PIA", "BALCAO DE PIA /TANQUINHO", "BALCAO DE PIA E 2 CADEIRAS", "BALCAO DE PIA E COLCHAO", "BALCAO DE PIA E CONJ MESA", "BALCAO DE PIA E CUBA", "BALCAO DE PIA E CUBA INOX", "BALCAO DE PIA E INOX", "BALCAO DE PIA E PIA", "BALCAO DE PIA E ROUPEIRO", "BALCAO DE PIA E TAMPAO", "BALCAO DE PIA E TAMPO", "BALCAO E AEREO DE COZINHA C/ TAMPO", "BALCAO E CENTRIFUGA", "BALCAO E CONJ BOX", "BALCAO E CONJUNTO DE MESA E CADEIRA", "BALCAO E COOK TOP", "BALCAO E COOKTOP", "BALCAO E COOTOP", "BALCAO E CUBA", "BALCAO E FORNO", "BALCAO E INOX", "BALCAO E KIT", "BALCAO E LAVADORA", "BALCAO E NICHO", "BALCAO E PEDRA DE PIA", "BALCAO E PI", "BALCAO E PIA", "BALCAO E TAAMPO", "BALCAO E TAMPO", "BALCAO E TANQUINHO", "BALCAO INOX E FOGAO", "BALCAO P PIA", "BALCAO P/ FORNO", "BALCAO PARA FORNO E MICRO", "BALCAO PARA PIA + JOGO DE PANELAS", "BALCAO PEDRA DE PIA", "BALCAO PIA", "BALCAO PIA 1,60 + tampo + cooktop + balcao", "BALCAO PIA E MESA MOR", "BALCAO+ARMARIO", "BALCAO+COOKTOP", "BALCAO+PIA", "BALCAO+PIA +MULTIUSO", "BALCAO+TANQUINHO+SOFA", "BALCAO+cooktop", "BALCAO+cooktop+comoda", "BALCAO+tampo+fruteira", "BALCAO, FOGAO", "BALCAO, LAVADORA", "BALCAO, PIA E COZINHA", "BALCAO, PIA E FOGAO", "BALCAO, ROUPEIRO", "BALCAO, TAMPO E G. ROUPA PQ", "BALCAO/ COOKTOP", "BALCAODEPIA+ TAMPO", "BALCAOO DE PIA", "BANQUETA E COLCHAO", "BASE", "BASE + COLCHAO", "BASE + COLCHAO + CABECEIRA", "BASE BAU E COLCHAO", "BASE BOX", "BASE BOX E COLCHAO", "BASE BOX, VENTILADOR E BEBEDOURO", "BASE CAMA, PAINEL", "BASE COLCHAO E BALCAO DE PIA", "BASE DE CAMA+ CABECEIRA", "BASE E COLCHAO", "BASE P/ BOX", "BASE, COLCHAO, BICAMA", "BASE, COLCHAO, ROUPEIRO", "BASE, COLCHAO, ROUPEIRO, COZINHA", "BATEDEIRA", "BATEDEIRA  PLANETARIA E SECADOR DE CABELO", "BATEDEIRA + LIQUIDIFICADOR", "BATEDEIRA + MICROONDAS + FRITADEIRA", "BATEDEIRA E CHALEIRA", "BATEDEIRA E FRITADEIEA", "BATEDEIRA E GARRAFA TERMICA", "BATEDEIRA E LIQUIDIFICADOR", "BATEDEIRA E VENTILADOR", "BATERIA", "BATERIA 60 AMPERES", "BATERIA 7 AMPERES", "BATERIA 70 AMPERES", "BATERIA E MOTOR ARRANQUE", "BATERIA E PNEU", "BATERIA E PNEU MOTO", "BEBEDOURO", "BEBEDOURO E FOGAO", "BELICHE", "BELICHE + COLCHAO CASAL", "BELICHE , COLCHAO", "BELICHE 2 COLCHAO", "BELICHE E 02 COLCHOES", "BELICHE E CAMA", "BELICHE E COLCHAO", "BELICHE E COLCHAO E MESA", "BELICHE E COLCHOES", "BELICHE, COLCHAO E CENTRIFUGA", "BELICHE, COLCHAO E LAVADOURA", "BENGALA MOTO E PNEU", "BERCO", "BERCO , COLCHAO", "BERCO E COLCHAO", "BERCO E COLCHAO DE BERCO", "BERCO E COMODA", "BERCO E G ROUPAS", "BERCO E LIQUIDIFICADOR", "BERCO E ROUPEIRO", "BERCO, COMODA", "BERCO, GUARDA ROUPA E COLCHAO", "BERCO,CAMA  E COLCHAO", "BIBICLETA", "BICAMA", "BICCILETA", "BICI LETA", "BICICLATA", "BICICLETA", "BICICLETA  ARO 29", "BICICLETA + ASPIRADOR", "BICICLETA 29", "BICICLETA ARO", "BICICLETA ARO 16", "BICICLETA ARO 16 INFANTIL", "BICICLETA ARO 20", "BICICLETA ARO 24", "BICICLETA ARO 26", "BICICLETA ARO 29", "BICICLETA ARO 29 CINZA", "BICICLETA ARO 29 KSW", "BICICLETA E MESA DE APOIO", "BICICLETA E MICROONDAS", "BICICLETA E PAINEL", "BICICLETA E PANELA", "BICICLETA INFANTIL+LIQUIDIFICADOR", "BICICLETA KSW", "BICICLETA KSW ARO 29", "BICICLETA+KIT PROTECAO", "BICICLETA, CABECEIRA", "BICICLETA, COLCHAO", "BICICLETAS", "BICICLETE", "BICILCETA", "BICLETA", "BIKE", "BIOCRYSTAL - BIOESTIMULADOR FACIAL+ FIOS GARRA", "BIOCRYSTAL E BOTOX", "BIOESTIMUDOR", "BIOESTIMULADOR", "BIOESTIMULADOR + PREENCHIMENTO", "BIOESTIMULADOR , PREENCH, BOTOX", "BIOESTIMULADOR E BOTOX", "BIOESTIMULADOR E PREENCHIMENTO", "BIOESTIMULADOR, 10 FIO LISO", "BIOESTIMULADOR, PREENCHIMENTO BOTOX", "BIOESTIMULADOR,BOTOX", "BIOESTIMULADOR.", "BIOESTIMULADOR/ BOTOX", "BIOESTIMULADOR/ BOTOX/ FIOS", "BIOESTIMULADOR/ BOTOX/ PREENCHIMENTO", "BIOESTIMULADOR/ BOTOX/FIOS GARRA", "BIOESTIMULADOR/ BOTOX/PREENCHIMENTO", "BIOESTIMULADOR/ FIOS", "BIOESTIMULADOR/BOTOX", "BIOESTIMULADOR/BOTOX/ PREENCHIMENTO", "BIOESTIMULADOR/FIOS", "BIOESTIMULDOR/PREENCHIMENTO/BOTOX", "BIOESTUMULADOR + PREENC 1ML", "BIOSTMULADOR", "BOTOX", "BOTOX  3 REGIOES, FIOS PARAFUSSOS , PEELING", "BOTOX  E FIOS", "BOTOX + BIOCRYSTAL", "BOTOX + FIO FILLER", "BOTOX + FIO FILLER + PREENCH  + MICRO", "BOTOX + FIOS", "BOTOX + L\u00c1BIOS", "BOTOX + PREENCHIMENTO", "BOTOX +_ PREENCHIMENTO", "BOTOX , BIOESTIMULADR , PREENCHIMENTO", "BOTOX , FIOS", "BOTOX , PREENCHIMENTO", "BOTOX , PREENCHIMENTO E FIOS", "BOTOX , SKINB E BIOESTIMULADOR", "BOTOX - PREENCHIMENTO- BIO", "BOTOX 03 REGI\u00d5ES", "BOTOX 3 REGIOES", "BOTOX 3 REGIOES + 1 ML BIGODE CHINES", "BOTOX 3 REGIOES + PREENCH", "BOTOX 3 REGIOES / preenchimento", "BOTOX 3 REGIOES, PREENCHIMENTO", "BOTOX 3 REGI\u00d5ES", "BOTOX 3 REGI\u00d5ES + MARIONETE", "BOTOX 3 REGI\u00d5ES - 1 FIO FILLER", "BOTOX 3 REGI\u00d5ES/ FIOS", "BOTOX 3 regioes", "BOTOX 3R", "BOTOX 4 REGIOES , PREENCHIMENTO BIGIDE CHINES 1ML", "BOTOX 4 REGI\u00d5ES", "BOTOX E 1 FIO", "BOTOX E BIGODE CHINES", "BOTOX E BIO", "BOTOX E BIOESTIMULADOR", "BOTOX E FILLER FIO", "BOTOX E FIO", "BOTOX E FIOS", "BOTOX E FIOS FILLER", "BOTOX E FIOS LISO", "BOTOX E KIT MELASMA", "BOTOX E LABIAL", "BOTOX E MICROAGULHAMENTO", "BOTOX E OUTROS PROCEDIMENTOS", "BOTOX E PEIM", "BOTOX E PREENCHIEMNTO", "BOTOX E PREENCHIMENTO", "BOTOX E PREENCHIMENTOS", "BOTOX E PRENCHEDORES", "BOTOX E PRENECHIMENTO", "BOTOX E PRRENCHIMENTO", "BOTOX E SKIN", "BOTOX E SKINBOOSTER", "BOTOX E SKINBOOSTER, PAPADA", "BOTOX LIGHT E PREENCHIMENTO", "BOTOX PREENCHIMENTO", "BOTOX+FIOLISO/PEEELING ATA", "BOTOX+FIOS LISOS+SCULPTRA", "BOTOX, BIOESTIMULADOR", "BOTOX, BIOESTIMULADOR, FIOS", "BOTOX, BIOESTIMULADOR, PREENCHIMENTO", "BOTOX, BIOESTIULADOR E ENZIMAS", "BOTOX, ENZIMAS DE ABDOMEM", "BOTOX, FIO FILLER E BIO CRISTAL", "BOTOX, FIO LISOS, PEIM", "BOTOX, FIOS  E BIOETIMULADOR", "BOTOX, FIOS E PREENCHIMENTO", "BOTOX, FIOS FILLER", "BOTOX, FIOS, BIOESTIMULADOR", "BOTOX, LABIOS, GARRA", "BOTOX, MELASMA E LABIAL", "BOTOX, PREENCHIMENTO", "BOTOX, PREENCHIMENTO E BIOESTIMULADOR", "BOTOX, PREENCHIMENTO, FIOS, BIOESTIMULADOR", "BOTOX, PREENCHIMENTO,BIOESTIMULADOR", "BOTOX, PREENCHIMENTO,FIOS", "BOTOX, PREENCHIMENTOS", "BOTOX, PREENCHIMENTOS, FIOS", "BOTOX, SKINBOOSTER, E LIPO DE PAPADA", "BOTOX,FIOS", "BOTOX,FIOS BIOESTIMULADOR", "BOTOX,PREENCHIMENTO", "BOTOX- BIOESTIMULADOR- PREENCHIMENTO", "BOTOX/ BIOES", "BOTOX/ BIOESTIMULADOR", "BOTOX/ LABIAL", "BOTOX/BIOESTIMULADOR/PREENCHEDOR", "BOTOX/FIOS/PREENCHIMENTO", "BOTOX/PAPADA/PREENCHIMENTO", "BOTOX/PREENCHIMENTO", "BOTOZ", "BOX", "BOX + CABECEIRA", "BOX + ESCRIVANINHA", "BOX + ROUPEIRO", "BOX / BASE / BALCAO", "BOX // COLCHAO", "BOX CABECEIRA", "BOX CASAL", "BOX CASAL , ROUPEIRO", "BOX CASAL E SOLTEIRO", "BOX E BALCAO", "BOX E BUFFET", "BOX E CABECEIRA", "BOX E CAVECEIRA", "BOX E COCHAO", "BOX E COLCHAO", "BOX E COMODA", "BOX E FORNO TRAVESSEIRO", "BOX E GUARDA ROUPA", "BOX E LAVADORA", "BOX E TRAVESSEIRO", "BOX ROUPEIRO", "BOX+CABECEIRA", "BOX-PENTEADEIRA", "BOX1", "BOXX", "BRINQUEDO + maquina", "BRINQUEDOS, ASPIRADOR, BIKE.", "Balcao de pia", "Berco e comoda", "Bicicleta", "Bioesti, preenchim, vasinhos", "Bioestimulador", "Bioestimulador e Botox", "Bioestimulador e botox", "Bioestimulador, Botox e preenchimento", "Biostimulador", "Botox", "Botox + Fios", "Botox 3 regioes", "Botox 3 regioes  light e  kit melasma", "Botox 3 regi\u00f5es", "Botox 4 regioes", "Botox e Preenchimento", "Botox e bioestimulador", "Botox e preenchimento", "Botox e preenchimento de queixo", "Botox e preenchimento l\u00e1bial", "Botox, fios de sustenta\u00e7\u00e3o", "Botox,fios", "Box", "CABECEIRA", "CABECEIRA  E FRITADEIRA ELETRICA", "CABECEIRA E BASE", "CABECEIRA E CELULAR", "CABECEIRA+TRAVESSEIROS", "CABIDERA", "CADEIRA", "CADEIRA  DE PRAIA", "CADEIRA DE AREA", "CADEIRA DE AREA E MESINHA", "CADEIRA DE AREA+LIQUIDIFICADOR", "CADEIRA DE ESCRITORIO E ROUPEIRO", "CADEIRA DE MADEIR", "CADEIRA DE PRAIA", "CADEIRA DE PRAIA 4", "CADEIRA E ASPIRADOR DE PO", "CADEIRA E COLCHAO", "CADEIRA E VARAL PARA ROUPAS", "CADEIRAO", "CADEIRAS", "CADEIRAS DE AREA", "CADEIRAS DE PRAIA", "CADEIRAS E FORNO ELETRICO", "CADEIRAS PVC + ASPIRADOR", "CADEIRINHA", "CAFETEIRA", "CAFETEIRA , ESCRIVANINHA E CADEIRA DO PAPAI", "CAFETEIRA E SANDUICHEIRA", "CAFETEIRA+FRITADEIRA", "CAFETERA", "CAIXA AMPLIFICADA", "CAIXA AMPLIFICADA DE SOM", "CAIXA AMPLIFICADORA AMVOX", "CAIXA D SOM", "CAIXA DE SOM", "CAIXA DE SOM + BALCAO DE PIA", "CAIXA DE SOM 10W....TRAVESSEIRO 60X40CM", "CAIXA DE SOM 1100W", "CAIXA DE SOM 1500", "CAIXA DE SOM 200W BLUETOOTH", "CAIXA DE SOM 300WATS", "CAIXA DE SOM 510W", "CAIXA DE SOM AMVOX", "CAIXA DE SOM AMVOX 1900 WATS AMPLIFICADA", "CAIXA DE SOM E CAMA", "CAIXA DE SOM E LIQUITIFICADOR", "CAIXA DE SOM E PANELA DE ARROZ", "CAIXA DE SOM E UMA SANDUICHEIRA", "CAIXA DE SOM E garrafa termica", "CAIXA DE SOM+ COLCHAO SOLTEIRO", "CAIXA DE SOM+ VENTILADOR", "CAIXA SOM", "CAIXA SOM JBL", "CAIXA SOM+tv", "CALCADEIRA E MESA DE CENTRO E UM BRINQUEDO", "CALCHAO", "CAMA", "CAMA + ARMARIO", "CAMA + CABECEIRA + BERCO", "CAMA + COCHAO", "CAMA + COLCHAO", "CAMA + MULTIUSO", "CAMA + ROUP", "CAMA + ROUPEIRO + SOFA", "CAMA +COLCHAO", "CAMA , ROUPEIRO , CABECEIRA", "CAMA - MULTIUSO", "CAMA / PAINEL", "CAMA /MULTIUSO", "CAMA BAU, ROUPEIRO", "CAMA BOX", "CAMA BOX + G ROUPA", "CAMA BOX + panela", "CAMA BOX , CABECEIRA", "CAMA BOX ,CABECEIRA", "CAMA BOX 01", "CAMA BOX CASAL E LIQUIDIFICADOR", "CAMA BOX E 2 TRAVESSEIRO", "CAMA BOX E BASE", "CAMA BOX E CABECEIR", "CAMA BOX E CABECEIRA", "CAMA BOX E CABECEIRA DE CAMA", "CAMA BOX E CAIXA DE SOM", "CAMA BOX E COLCHAO", "CAMA BOX E GUARDA ROUPA", "CAMA BOX E ROUPEIRO", "CAMA BOX E VENTILADOR", "CAMA BOX, FRITADEIRA", "CAMA BOX/TV", "CAMA BOX/VENTILADOR", "CAMA C/ COLCHAO + TAMPO E COMODA", "CAMA DE MADEIRA E COLCHAO", "CAMA DE SOLTEIRO E COLCHAO", "CAMA E ARMARIO", "CAMA E CABECEIRA", "CAMA E CELULAR", "CAMA E COLCHAO", "CAMA E COLCHAO BERCO", "CAMA E COLHAO", "CAMA E COMODA", "CAMA E GUARDA ROUPA", "CAMA E MESA", "CAMA E MINI CAMA", "CAMA E MULTIUSO", "CAMA E ROUPEIRO", "CAMA E SOFA", "CAMA E TANQUINHO", "CAMA E VENTILADOR", "CAMA INFANTIL E COILCHAO", "CAMA+ BASE BOX", "CAMA+ PIA+CUBA DE PIA", "CAMA+COMODA", "CAMA+MULTIUSO", "CAMA, BERCO", "CAMA, COLCHAO E BICICLETA", "CAMA, GELADEIRA", "CAMA, RACK E BALCAO", "CAMA, ROUPEIRO.", "CAMA,LIQUIDIFICADOR,ROUPEIRO,BATEDEIRA  ", "CAMILA", "CANTO ALEMAO + FOGAO + MULTIUSO", "CAPA CHUVA , KIT RELACAO TORNADO", "CAPACETE", "CAPACETE E CABO EMBREAGEM", "CAPACETE G08", "CARINHO DE BEBE", "CARRINHO BEBE", "CARRINHO BERCO E COLCHAO", "CARRINHO DE BEBE", "CARRINHO DE BEBE/ BEBE CONFORTO", "CARRINHO DE PASSEIO BEBE", "CDEIRA P/ CARRO E SANDUICHEIRA", "CEL", "CEL REDMI 12", "CELAR", "CELINDRO", "CELLULAR", "CELU", "CELUAR", "CELUKLAR", "CELULA", "CELULAE", "CELULAR", "CELULAR  E COLCHAO", "CELULAR  OFERTA", "CELULAR  REDMI 11", "CELULAR  REDMI 12", "CELULAR + FORNO", "CELULAR + GUARDA ROUPA", "CELULAR + TABLET", "CELULAR + bateria", "CELULAR +ROUPEIRO", "CELULAR ,ROUPEIRO", "CELULAR /COLCHAO", "CELULAR 04", "CELULAR 10A", "CELULAR 12 C", "CELULAR 12C", "CELULAR 12C OFERTA", "CELULAR 13C", "CELULAR 32 G 2 RAM", "CELULAR 9A", "CELULAR 9C", "CELULAR A 24+ ROUPEIRO", "CELULAR A03", "CELULAR A03 SAMSUNG", "CELULAR A03 SAMSUNG CORE", "CELULAR A03 SANSUMG", "CELULAR A04", "CELULAR A04 32 G", "CELULAR A04E", "CELULAR A04S", "CELULAR A1", "CELULAR A1 CORE", "CELULAR A13 SAMSUNG", "CELULAR A14", "CELULAR A2", "CELULAR A2 XIAOMI", "CELULAR A22", "CELULAR A22 SAMSUNG", "CELULAR A22 SAMSUNG 5G", "CELULAR A23", "CELULAR A24", "CELULAR A3", "CELULAR A52", "CELULAR A54", "CELULAR BLACK", "CELULAR C55", "CELULAR COM 300 DE ENTRADA", "CELULAR COM 400,00 DE ENTRADA", "CELULAR E 32", "CELULAR E ANTENA", "CELULAR E BATEDEIRA", "CELULAR E BIC", "CELULAR E CAMA BOX", "CELULAR E COLCHAO", "CELULAR E COMODA", "CELULAR E FOGAO", "CELULAR E FORNO", "CELULAR E FRITADEIRA", "CELULAR E LAVADORA", "CELULAR E LAVAJATO", "CELULAR E MAQUINA DE CABELO", "CELULAR E MESA", "CELULAR E MESA DE FERRO", "CELULAR E MINI PROCESSADOR", "CELULAR E PRANCHA", "CELULAR E SECADOR", "CELULAR E TABLET", "CELULAR E TANQUINHO", "CELULAR E TELEVISAO", "CELULAR E VENTILADOR", "CELULAR E13", "CELULAR NOKIA 32G", "CELULAR OFERTA", "CELULAR RED MI", "CELULAR RED MI NOTE 11", "CELULAR REDMI", "CELULAR REDMI 10 A 32 GB", "CELULAR REDMI 10 A 32 GB XIAOMI", "CELULAR REDMI 10 C", "CELULAR REDMI 10A", "CELULAR REDMI 10C", "CELULAR REDMI 12", "CELULAR REDMI 12 C +VENTILADOR", "CELULAR REDMI 12 POLAR", "CELULAR REDMI 12C", "CELULAR REDMI 13 C", "CELULAR REDMI 9", "CELULAR REDMI 9A", "CELULAR REDMI 9C", "CELULAR REDMI A2", "CELULAR REDMI NOTE 12", "CELULAR REDMI12", "CELULAR black", "CELULAR e cooktop", "CELULAR e uma lavadora", "CELULAR oferta", "CELULAR \u00b4", "CELULAR* CX SOM", "CELULAR+ASPIRADOR", "CELULAR+CILINDRO", "CELULAR+MICRO-ONDAS", "CELULAR+MICROONDAS", "CELULAR+MULTI", "CELULAR+MULTIUSO", "CELULAR+SANDUICHEIRA", "CELULAR+SECADORA", "CELULAR+TV", "CELULAR+bebe conforto", "CELULAR+cafeteira", "CELULAR+centrifuga", "CELULAR+comoda", "CELULAR, CAIXA DE SOM", "CELULAR, conj panelas e liquidificador", "CELULAR/ BALCAO / PIA E FOGAO", "CELULAR/ COLCHAO", "CELULAR/CAIXA DE SOM/WAP", "CELULAR/ESCOVA SECADORA", "CELULAR/FOGAO", "CELULAR/SMARTPHONES", "CELULAR/TABLET", "CELULAR/radio", "CELULAY", "CELULR", "CELUYKLAR", "CELUYLAR", "CENTRIFUFGA", "CENTRIFUGA", "CENTRIFUGA  E FRITADEIRA ELETRICA", "CENTRIFUGA + AIR", "CENTRIFUGA + COLCHAO", "CENTRIFUGA + LAVADORA", "CENTRIFUGA + MAQ. LAVAR", "CENTRIFUGA + ROUPEIRO", "CENTRIFUGA +PANELA", "CENTRIFUGA , LAVADORA", "CENTRIFUGA 15 KG", "CENTRIFUGA 15KL WANKE", "CENTRIFUGA DE 8 KG", "CENTRIFUGA DE 8,8 KILOS", "CENTRIFUGA E AIR FRY", "CENTRIFUGA E CELULAR", "CENTRIFUGA E LAVADORA", "CENTRIFUGA E LAVADORA DE ALTA PRESSAO", "CENTRIFUGA E PANELA", "CENTRIFUGA E SANDUICHEIRA", "CENTRIFUGA E TANQUINHO", "CENTRIFUGA+LAVADOURA", "CENTRIFUGA+MAQUINA DE LAVAR", "CENTRIFUGA+ROUPEIRO", "CENTRIFUGA+TAMQUINHO", "CENTRIFUGA+TANQUINHO", "CENTRIFUGA, BESE, ARMARIO", "CENTRIGA", "CHAKEIRA E LAVADORA", "CHALEIRA", "CHALEIRA E BATEDEIRA", "CHALEIRA E GARRAFA", "CHALEIRA E PANELA", "CHALEIRA ELETRICA", "CHALEIRA ELETRICA + LIQUIDIFICADOR", "CHALEIRA ELETRICA + PRANCHA", "CHALEIRA, SANDUICHEIRA, VENTILADOR", "CHALEURA", "CHAPINHA", "CHAPINHA + SECADOR", "CHAPINHA E SECADOR", "CHICOTE , BATERIA , CHAVE IGNICAO MOTO", "CHURRASQUEIRA ELETRICA", "CHURRASQUEIRA ELETRICA   E  FAQUEIRO", "CILINDRO", "CILINDRO MOTOR E KIT RELACAO", "CILINDRO,ROUP, VENT", "CJ BOX", "CJ BOX + BALCAQO PIA", "CJ BOX E CABECEIRA", "CJ BOX E COLCHAO MINI CAMA", "CJ MESA", "CLIMA TIZADOR", "CLIMATIZADOR", "CLIMATIZADOR 8 LITROS", "CLIMATIZADOR 8 LT", "CLIMATIZADOR DE 8 LITROS", "CLIMATIZADOR DE AR", "CLIMATIZADOR E ESCOVA", "CLIMATIZADOR E FERRO BLACK DECKER", "CLIMATIZADOR E FORNO ELETRICO", "CLIMATIZADOR E UMIDIFICADOR", "CLULAR", "CMA BOX", "CMA BOX E CABECEIRA", "COBNJ.BOX", "COCHAO", "COIFA + FORNO", "COJ BOX + MESA + BALCAO", "COJ CAMA BOX", "COJ MESA", "COKTOP", "COLCAO", "COLCHAAO", "COLCHAO", "COLCHAO + BASE", "COLCHAO + BOX", "COLCHAO + CELULAR", "COLCHAO + COZINHA", "COLCHAO +BASE BOX+CABECEIRA", "COLCHAO +centrifuga", "COLCHAO , MOTOQUINHA", "COLCHAO 1.38", "COLCHAO BASE E CABECEIRA", "COLCHAO BOX , FOGAO", "COLCHAO BOX E CENTRIFUGA", "COLCHAO COM BASE BOX E CABECEIRA", "COLCHAO D33", "COLCHAO E BASE", "COLCHAO E BELICHE", "COLCHAO E BERCO", "COLCHAO E CAMA", "COLCHAO E COZINHA DE L", "COLCHAO E FORNO ELETRICO", "COLCHAO E LAVADORA", "COLCHAO E MULTIUSO", "COLCHAO E ROUPEIRO", "COLCHAO E TABLET", "COLCHAO E TRAVESSEIRO", "COLCHAO JOGO DE MESA E BASE", "COLCHAO+BASE", "COLCHAO+COMODA", "COLCHAO, PAINEL, CAMA + ENTRADA DE 3.000,00", "COLCHAO,SECADOR", "COLCHAO/ BASE", "COLCHAO/BOX", "COLCHOES", "COLCHONETE E VENTILADOR", "COLHAO", "COLHAO D33", "COLHAO, TANQUINHO", "COMBO SMART RACK-PAINEL E VENTILADOR", "COMJ BOX", "COMODA", "COMODA + SOFA", "COMODA , VENTILADOR , SUPORTE", "COMODA /PENTEADEIRA", "COMODA E BALCAO", "COMODA E CAMA", "COMODA E ESTOFADO", "COMODA E FOGAO", "COMODA E MULTIUSO", "COMODA E PAINEL", "COMODA E PISCINA", "COMODA E RACK", "COMODA E ROUPEIRO", "COMODA+BALCAO", "COMODA+CENTRIFUGA", "COMODA+MULTIUSO", "COMODA, COLCHAO, BASE, VENTILADOR", "COMODA, PANELA, FERRO, TALHER", "COMODA, ROUPEIRO", "COMODA, ROUPEIRO, BICICLETA", "COMONDA", "COMPACTA,CUBA,FOGAO", "COMPRA DE UM AEREO E UM FORNO ELETRICO", "CON BOX", "CONJ BOX", "CONJ BOX +  caixa de som", "CONJ BOX + CABECEIRA", "CONJ BOX + FOGAO", "CONJ BOX + FRETE", "CONJ BOX + KIT COZINHA", "CONJ BOX + PAINEL", "CONJ BOX + roupeiro", "CONJ BOX +ROUPEIRO", "CONJ BOX +cabeceira", "CONJ BOX +cozinha", "CONJ BOX 0,88", "CONJ BOX COM 10000 DE ENTRADA", "CONJ BOX COM 500 DE ENTRADA", "CONJ BOX COM 600,00 DE ENTRADA", "CONJ BOX E CABECEIRA", "CONJ BOX E CENTRIFUGA", "CONJ BOX E FORNO", "CONJ BOX E GUARDA ROUPA", "CONJ BOX E MULTIUSO", "CONJ BOX E ROUPEIRO", "CONJ BOX com 500 de entrada", "CONJ BOX com1,000 de entarad", "CONJ BOX+CABECEIRA", "CONJ BOX, BALCAO PIA, CABECEIRA", "CONJ BOX, CABECEIRA, CONJ JANTAR E AIR FRAYER", "CONJ BOX, ROUPEIRO", "CONJ BOX.", "CONJ DE MESA", "CONJ ESTOFADO E CENTRIFUGA", "CONJ MESA", "CONJ MESA 6 CADEIRAS", "CONJ MESA COM 6 CADEIRAS", "CONJ MESA+FOGAO", "CONJ. BOX", "CONJ. BOX 1,38", "CONJ. BOX E CABECEIRA", "CONJ. BOX E MESA C0 4 CADEIRAS", "CONJ. BOX E ROUPEIRO", "CONJ. BOX E TV", "CONJ. BOX, FORNO LAVA JATO", "CONJ. MESA", "CONJ. MESA 4 CAD", "CONJ.BOX", "CONJ.BOX E ESCOCA", "CONJ.BOX E ROUPEIRO", "CONJT BOX COLCHAO E CABECEIRA", "CONJUNTO BOX", "CONJUNTO BOX + CABECEIRA", "CONJUNTO BOX + VIOLAO", "CONJUNTO BOX +CLOSET", "CONJUNTO BOX /MULTIUSO", "CONJUNTO BOX CASAL", "CONJUNTO BOX E CABECEIRA", "CONJUNTO BOX E FOGAO", "CONJUNTO BOX E JOGO DE QUARTO", "CONJUNTO BOX E ROUPEIRO", "CONJUNTO BOX SOLTEIRO MULTIUSO E CABECEIRA", "CONJUNTO BOX e cabeceira", "CONJUNTO BOX+CARRINHO DE BEBE", "CONJUNTO BOX, HAVANA", "CONJUNTO CAMA BOX", "CONJUNTO DE BOX", "CONJUNTO DE MESA", "CONJUNTO DE MESA 6 CADEIRAS", "CONJUNTO DE MESA E BALCAO", "CONJUNTO MESA", "CONJUNTO MESA 6 CAD", "CONJUNTO MESA E CADEIRAS", "CONJUNTO MESA, FOGAO A LENHA", "CONJUTO BOX", "CONJUTO BOX 1,38", "COOCKTOP", "COOK TOP", "COOK TOP 4 BOCAS", "COOK TOP BALCAO E FORNO", "COOKTOP", "COOKTOP + BALCAO", "COOKTOP + balcao", "COOKTOP E BALCAO", "COOKTOP E TV", "COOKTOP+BALCAO", "COOKTOP+TV", "COOKTOP/ MULTIUSO/ ASPIRADOR DE PO", "CORPORAL E LASER", "CORPORAL, LASER E VASINHOS", "CORTADOR DE CABELO", "CORTADOR E APARADOR DE PELOS", "CORTADOR, SANDUICHEIRA", "COZ,CABE,TANQUI", "COZINH", "COZINHA", "COZINHA  PLANEJADA", "COZINHA + CAIXA LENHA", "COZINHA + COLCHAO", "COZINHA + INOX + CALHA PROTETORA", "COZINHA + INOX DA PIA", "COZINHA + QUARTO + SALA", "COZINHA + bALCAO", "COZINHA +FOGAO", "COZINHA +PIA", "COZINHA , BALCAO", "COZINHA , BALCAO E PIA", "COZINHA , BALCAP E PAINEL", "COZINHA , COOKTOP", "COZINHA ,MESA,", "COZINHA -GUARDA LOUCAS", "COZINHA / FOGAO", "COZINHA 5 PCS", "COZINHA 6 PCS", "COZINHA COM BALCAO", "COZINHA COMPACTA", "COZINHA COMPACTA E ESCADA", "COZINHA COMPACTA+ TAMPO", "COZINHA COMPACTA/ CUBA INOX/ COOKTOP/ BALCAO", "COZINHA COMPLETA", "COZINHA COMPLETA E FRITADEIRA", "COZINHA E A MESA", "COZINHA E BALCAO", "COZINHA E BALCAO DE PIA", "COZINHA E BOX", "COZINHA E CAIXA DE SOM", "COZINHA E CALHA", "COZINHA E CONJUNTO DE MESA", "COZINHA E CRIADO MUDO", "COZINHA E ESTOFADO", "COZINHA E FOGAO", "COZINHA E MAQUINA", "COZINHA E MESA", "COZINHA E MULTI", "COZINHA E PIA", "COZINHA E PIA.", "COZINHA E RACK COM PAINEL", "COZINHA E RADIO", "COZINHA E ROUPEIRO", "COZINHA E SOM", "COZINHA E TAMPO", "COZINHA E TV", "COZINHA EM GERAL", "COZINHA PLANEJADA", "COZINHA+FOGAO", "COZINHA+MESA+BALCAO", "COZINHA+PANELA DE PRESSAO", "COZINHA+TAMPO", "COZINHA+TANQUINHO", "COZINHA, BALCAO ULTIMA PECA E BALCO 1.20", "COZINHA, BOX", "COZINHA, COLCHAO", "COZINHA, CUBA", "COZINHA, CUBA INOX, CAMA BOX", "COZINHA, MESA", "COZINHA, MICRO-ONDAS E FOGAO", "COZINHA, PIA, E ANTENA", "COZINHA, ROUPEIRO E COMODA", "COZINHA, ROUPEIRO, BALCAO DE PIA PEDRA DE PIA", "COZINHA, TV 500 DE ENT", "COZINHA/BALCAO/PIA.", "COZINHA\u00b4", "COZINHO +TAMPO", "COZINNHA", "CRIADO MUDO + FORNO ELETRICO", "CUBA OFERTA", "CUBO DIANTEIRO MOTO E RAIAMENTO", "CUBO E RAIAMENTO E BENGALA", "CX DE SOM", "CX SOM E JG PANELAS", "Cabeceira 1.38", "Cadeira", "Cadeira de Area", "Cama", "Cama Box", "Cama box", "Carrinho de bebe", "Celular", "Celular redmi 10c", "Celular redmi 12", "Centrifuga", "Chaleira", "Chapinha", "Climatizador", "Colch\u00e3o", "Compra Cama + Cabeceira", "Conjunto box", "Conjuto de mesa 4 cadeiras", "Cooktop 5 bocas", "Cozinha", "Cozinha compacta", "DORMITORIO E COLCHAO", "ELETRO/MICROONDAS", "ELETRODOMESTICO", "ELETRODOMESTICOS", "ELLEVA/ BOTOX/ FIOS GARRA", "EMAGRECIMENTO", "EMAGRECIMENTO 05 SEMANAS", "EMAGRECIMENTO 10 SEMANAS", "EMAGRECIMENTO 12 SEMANAS", "EMAGRECIMENTO 20 SEMANAS", "EMAGRECIMENTO FLE 13 SEMANAS", "EMAGRECIMENTO FLEX", "EMAGRECIMENTO FLEX 10 SEMANAS", "EMAGRECIMENTO FLEX 16 SEMANAS", "EMAGRECIMENTO SAUDAVEL", "EMAGRECIMENTO SAUD\u00c1VEL", "EMAGRECIMENTO-PACOTE", "EMGRECIMENTO 6 SEMANAS", "EMGRECIMENTO FLEX 12 SEMANAS", "EMPRESTIMO PESSOAL", "ENZIMA E LIPOCAVITA\u00c7\u00c3O", "ENZIMAS", "ENZIMAS + SKINBOOSTER", "ENZIMAS E CARBOX", "ENZIMAS E PEIM", "ENZIMAS, BOTOX, BIOESTIMULADORES", "ENZIMAS/PROCEDIMENTOS", "EOUPEIRO/ E COMODA", "ESCAPE E KIT RELACAO MOTO DAFRA", "ESCOVA", "ESCOVA + BARBEADOR", "ESCOVA / ASPIRADOR", "ESCOVA ALISADORA", "ESCOVA MODELADORA", "ESCOVA MODELADORA E LAVADORA WAP", "ESCOVA SECADOR", "ESCOVA SECADORA", "ESCRAVANINHA E COLCHAO", "ESCREVANINHA + CADEIRA ESCRITORIO", "ESCRINANINHA", "ESCRIVANINHA", "ESCRIVANINHA E CADEIRA", "ESCVOVA", "ESPIRADOR", "ESPREMEDOR E LIQUIDIFICADOR", "ESTANTE + VENTILADOR", "ESTANTE E ASPIRADOR", "ESTOFADO", "ESTOFADO + FOGAO", "ESTOFADO + FRITADEIRA", "ESTOFADO + MESA", "ESTOFADO + MESA 4 CADEIRAS", "ESTOFADO + PAINEL", "ESTOFADO , CJ BOX", "ESTOFADO 2,60M", "ESTOFADO 3 LUGARES RETRATIL", "ESTOFADO 3/2 LUGARES", "ESTOFADO 3X2 LUGARES", "ESTOFADO 4 LUGARES", "ESTOFADO E FOGAO", "ESTOFADO E MESA", "ESTOFADO E MULTIUSO", "ESTOFADO E POLTRONA", "ESTOFADO E ROUPEIRO", "ESTOFADO+ BALCAO+ MULTIUSO", "ESTOFADO+ MESA", "ESTOFADO+ASPIRADOR", "ESTOFADO+FORNO", "ESTOFADO+SECADORA", "ESTOFADO+TV", "ESTOFADO, CAMA BOX", "ESTOFADO,HOME", "ESTOFADO/ PIA", "ESTOFADOS", "Emagrecimento", "Emagrecimento 05 semanas", "Emagrecimento 10", "Emagrecimento 12 semanas", "Emagrecimento 20 semanas", "Emagrecimento 30 semanas", "Emagrecimento Flex", "Emagrecimento Flex 05 semanas", "Emagrecimento Flex 4 semanas", "Emagrecimento e gordura localizada", "Emagrecimento flex", "Escrivaninha", "Escrivaninha e livreiro", "FAGAO", "FAQUEIRO E LIQUIDIFICADOR", "FAROL COMPLETO , KIT RELACAO MOTO", "FAROL E PNEU", "FERRE DE PASAR", "FERRO", "FERRO DE PASSAR", "FERRO DE PASSAR E LIQUIDIFICADO", "FERRO DE PASSAR, COLCHAO, MICROONDAS", "FERRO+BATEDEIRA", "FIGAO A LENHA", "FILLERS E BOTOX", "FIO E BOTOX", "FIO FILLER + PREENCHIMENTO", "FIO FILLER, BOTOX 3 REGI\u00d5ES", "FIO FILLER, PEELING, PREENCHIMENTO", "FIOS", "FIOS + PREENCHIMENTO", "FIOS BOTOX, PREENCHIMENTO", "FIOS DE GARRA , BOTOX , BIOESTIMULADORES, PREENCHI", "FIOS DE SUSTENTA\u00c7\u00c3O", "FIOS DE SUSTENTA\u00c7\u00c3O +PREENCHIMENTO", "FIOS DE SUSTENTA\u00c7\u00c3O - 8 FIOS COM GARRA", "FIOS DE SUSTENTA\u00c7\u00c3O e preenchimento", "FIOS DE SUSTENTA\u00c7\u00c3O, BOTOX", "FIOS E BOTOX", "FIOS E LOPO DE PAPADA", "FIOS E PREECHIMENTO", "FIOS E PREENCHIMENTO", "FIOS E PREENCHIMENTOS", "FIOS E PRODUTOS", "FIOS E SKINBOOSTR", "FIOS FILLER + BOTOX 3 REGI\u00d5ES", "FIOS GARRA, PREENCHIMENTO , BOTOX 3 REGIOES", "FIOS GARRA/ BOTOX/ PREENCHIMENTO", "FIOS PREENCHIMENTO E BOTOX", "FIOS, BOTOX", "FIOS, BOTOX E BIOESTIMULADORES", "FIOS, BOTOX, BIOCRYSTAL, PEELING E PREENCHIMENTO", "FIOS, BOTOX, PREENCHIMENTO", "FIOS, MICROAGULHAMENTO", "FIOS/ BIOESTIMULADOR/BOTOX", "FIOS/ BOTOX/ PREENCHIMENTO", "FIOS/PREENCHIMENTO", "FOAGAO", "FOAGAO E GUARDA ROUPA", "FOENO", "FOGAO", "FOGAO + AEREO TRIPLO", "FOGAO + BEBEDOURO", "FOGAO + BICICLETA", "FOGAO + CELULAR", "FOGAO + CENTRIFUGA", "FOGAO + FORNO ELETRICO", "FOGAO + LAVADORA", "FOGAO + MICRO", "FOGAO + PARANCHA + COLCHAO E LIQUIDIFICADOR", "FOGAO + SOFA + BALCAO PIA", "FOGAO + VENTILADOR", "FOGAO +CELULAR", "FOGAO +MESA", "FOGAO +PIA", "FOGAO , BALCAO , PIA", "FOGAO , TV", "FOGAO - PIA - VENTILADOR - BALCAO", "FOGAO 04B MAS ROUPEIRO E CAFETEIRA", "FOGAO 1 BOCA", "FOGAO 2 BOCAS", "FOGAO 4 BCAS", "FOGAO 4 BCS", "FOGAO 4 BOCA FRATELLO", "FOGAO 4 BOCAS", "FOGAO 4 BOCAS BRASLAR", "FOGAO 4B", "FOGAO 4B MFI4BA PRETO", "FOGAO 4BCS", "FOGAO 5 B", "FOGAO 5 BOCA", "FOGAO 5 BOCAS", "FOGAO 5 BOCAS ELECTROLUX", "FOGAO 5 BOCAS MUELLER", "FOGAO 5 QUEIMADORES", "FOGAO 5B", "FOGAO 5B ACENDIMENTO AUTOMATICO MFI5BB 5B BRANCO", "FOGAO 5B MUELLER", "FOGAO 5BC ATLAS PRETO", "FOGAO A GAS", "FOGAO A GAS+LIQUIDIFICADOR", "FOGAO A LENHA", "FOGAO A LENHA E CHAMINE", "FOGAO A LENHA+TV", "FOGAO ATLAS 4 BOCAS", "FOGAO ATLAS 4BOCAS", "FOGAO CARRINHO DE BEBE", "FOGAO CONJUNTO DE MESA", "FOGAO COOKTOP, ASPIRADOR E DEPUARDOR", "FOGAO DE MESA", "FOGAO E ARMARIO", "FOGAO E ARMARIO DE COZINHA", "FOGAO E BALCAO", "FOGAO E BALCAO PARA MICROONDAS", "FOGAO E CAMA BOX", "FOGAO E CAMA BOX SOLTEIRO", "FOGAO E CAMA KING SIZE", "FOGAO E CARRINHO DE BEBE", "FOGAO E CENTRIFUGA", "FOGAO E CHAMINE", "FOGAO E CHAMINE E MICRO COM 500 ENTRADA", "FOGAO E COLCHAO", "FOGAO E CONJ MESA", "FOGAO E COZINHA", "FOGAO E ESTOFADO", "FOGAO E FRITADEIRA", "FOGAO E GELADEIRA", "FOGAO E GUARDA ROUPA", "FOGAO E LAVADORA", "FOGAO E LIQUIDIFICADOR", "FOGAO E MESA", "FOGAO E MICROONDAS", "FOGAO E MULTI USO", "FOGAO E PAINEL", "FOGAO E PANELAS", "FOGAO E PIA", "FOGAO E ROUPEIRO BICICLETA", "FOGAO E SECADORA", "FOGAO E TANQUINHO", "FOGAO E TV", "FOGAO E VENTILADOR", "FOGAO E WAIR FREE", "FOGAO ELETRICO", "FOGAO GAS", "FOGAO LENHA", "FOGAO MAS PAINEL E RACK", "FOGAO PECA DE DEMOSTRACAO E  COZINHA", "FOGAO+ FORNO ELETRICO", "FOGAO+ MULTIUSO", "FOGAO+ ROUPEIRO + CAMA + COLCHAO +GELADEIRA", "FOGAO+BALCAO", "FOGAO+BALCAO+PIA", "FOGAO+FORNO+MICRO-ONDAS", "FOGAO+GUARDA ROUPA", "FOGAO+MOVEIS", "FOGAO+MULTI", "FOGAO+MULTIUSO+MICROONDAS", "FOGAO, ANTENA E SECADOR", "FOGAO, CELULAR", "FOGAO, CHALEIRA", "FOGAO, COZINHA,", "FOGAO, ROPEIRO", "FOGAO,BATEDEIRA,CELULAR", "FOGAO,COZINHA,MESA", "FOGAO/ FORNO", "FOGAO/MICROON DAS", "FOGAO/RACK", "FOGAOA LENHA", "FOGSAO", "FONO ELETRICO", "FORNO", "FORNO + CELULAR", "FORNO E CELULAR", "FORNO E CUBA", "FORNO E GUARDA ROUPA", "FORNO E LIQUIDIFICADOR", "FORNO E MICOONDAS", "FORNO E MICRO ONDAS", "FORNO E MICROONDAS", "FORNO ELETREICO 44 L", "FORNO ELETRICO", "FORNO ELETRICO + CILINDRO", "FORNO ELETRICO 44  L", "FORNO ELETRICO 44 L", "FORNO ELETRICO+BATEDEIRA", "FORNO ELETRICO+CELULAR", "FORNO+BALCAO", "FORNO+VENTILADOR", "FORNO, AIRFRYER", "FORNO, E BICICLETA ARO 16", "FORNO, MICROONDAS +AQUECEDOR", "FORNO/FOGAO ELETRICO", "FORNO/LAVADORA", "FORNO/MICROONDAS", "FORNO/MICROONDAS/AIR FRY/CHALEIRA", "FPOGAO A LENHA", "FREESER", "FREEZER", "FREEZER - CENTRIFUGA E VENTILADOR", "FREEZER 150L MIDEA", "FREEZER 534 LIT", "FREEZER E TANQUINHO", "FREEZER+FORNO", "FREEZER, CAMA E COLCHAO", "FREEZR", "FREZER", "FREZER+TV+RACK", "FREZZER", "FREZZER 534L CONSUL", "FRIATDEIRA", "FRIATDEIRA ELETRICA", "FRIEEZER", "FRIRADEIRA", "FRITADEIRA", "FRITADEIRA + LIQUIDIFICADOR", "FRITADEIRA , COLCHAO DE CASAL", "FRITADEIRA E BALCAO", "FRITADEIRA E BASE", "FRITADEIRA E CAIXA DE SOM", "FRITADEIRA E CILINDRO ELETRICO", "FRITADEIRA E LIQUIDIFICADOR", "FRITADEIRA E TELEFONE", "FRITADEIRA ELETRICA", "FRITADEIRA ELETRICA  E VENTILADOR", "FRITADEIRA ELETRICA 3,2 LITROS", "FRITADEIRA ELETRICA E BOX", "FRITADEIRA ELETRICA E PANELA DE ARROZ", "FRITADEIRA ELETRICA, VENTILADOR", "FRITADEIRA ELGIN 3,5L", "FRITADEIRA PANELA E RADIO", "FRITADEIRA, JARRA ELETRICA", "FRITADEIRA, MICROONDAS, BALCAO P/FORNO", "FRITADEIRA, PANELA DE PRESSAO", "FRIZEER", "FRIZER", "FRTADEIRA", "FUGAO 4 BOCAS ATLAS", "FURADEIRA", "FURADEIRA E SERRA MARMORE", "FURADEIRA, TUPIA, SERRA", "FURADIERA", "FURadeira", "Ferro", "Fios", "Fios + Botox", "Fios Garras e Botox", "Fios de Sustenta\u00e7\u00e3o e Botox e Limpeza de pele", "Fios de sustenta\u00e7ao", "Fios de sustenta\u00e7\u00e3o", "Fios e Botox", "Fogao", "Forno eletrico", "Freezer", "Fritadeira", "G ROUPA", "G ROUPA ,  KIT COZINHA", "G ROUPAS", "G. ROUPA", "G. ROUPA, BELICHE E 2 COLCHOES", "G. ROUPA, CAMA, CABECEIRA E COLCHONETE", "G. ROUPAS", "G. Roupas", "G.ROUPA", "G.ROUPAS E LIVREIRO", "GARRAFA E SANDUICHEIRA", "GELADEIA", "GELADEIRA", "GELADEIRA + CAMA", "GELADEIRA + SOFA", "GELADEIRA 1700 DE ENTRADA", "GELADEIRA 2 PORTAS", "GELADEIRA 260LT", "GELADEIRA 276 LITROS", "GELADEIRA 276L", "GELADEIRA 310L", "GELADEIRA 370 LITROS", "GELADEIRA 371L ELECTROLUX", "GELADEIRA 431 LITROS", "GELADEIRA COM 1000 DE ENTRADA", "GELADEIRA E ARMARIO DE PIA", "GELADEIRA E BALAO DE PIA", "GELADEIRA E FOGAO", "GELADEIRA E LAVADORA", "GELADEIRA E MICROONDAS", "GELADEIRA+COMODA", "GELADEIRA+SOFA", "GELADEIRA, AIRFRYER", "GELADEIRA, FOGAO", "GELADEIRA, ROUPEIRO", "GELADEIRA/ PIA/ BALCAO", "GELADERIA", "GEladeira .", "GRIL E PANELA DE PRESAO", "GUAR D ROUPA", "GUARA ROUPA", "GUARADA ROUPA", "GUARDA LOUCA", "GUARDA ROUPA", "GUARDA ROUPA  CUBA", "GUARDA ROUPA + MESA", "GUARDA ROUPA + MULTIUSO", "GUARDA ROUPA - GELADEIRA - CONJ BOX", "GUARDA ROUPA / FOGAO", "GUARDA ROUPA / comoda /mesa comp", "GUARDA ROUPA 3 PORTAS 2 GAVETAS", "GUARDA ROUPA 4P 2G COM ESPELHO", "GUARDA ROUPA BRIZB73", "GUARDA ROUPA E AEREO", "GUARDA ROUPA E BASE DE BOX", "GUARDA ROUPA E BATEDEIRA", "GUARDA ROUPA E BELICHE", "GUARDA ROUPA E BOX", "GUARDA ROUPA E BOX CASAL", "GUARDA ROUPA E CABECEIRA", "GUARDA ROUPA E CAMA", "GUARDA ROUPA E CAMA BOX", "GUARDA ROUPA E COMODA", "GUARDA ROUPA E COZINHA", "GUARDA ROUPA E CRIADO", "GUARDA ROUPA E MESA", "GUARDA ROUPA E MESA DE COMPUTADOR", "GUARDA ROUPA E MICROONDAS", "GUARDA ROUPA E MULTIUSO", "GUARDA ROUPA E TV", "GUARDA ROUPA E VENTILADOR", "GUARDA ROUPA PIA E CUBA", "GUARDA ROUPA e BERCO", "GUARDA ROUPA, CAMA", "GUARDA ROUPA, COLCHAO E PENTEADEIRA", "GUARDA ROUPA, KIT COZINHA", "GUARDA ROUPA, KIT COZINHA E ARMARIO", "GUARDA ROUPA/ HACK/ PAINEL", "GUARDA ROUPA/VENTILADOR", "GUARDA ROUPAS", "GUARDA ROUPAS/COZINHA/ASPIRADOR DE PO", "GUARDA ROUPAS/MICRO ONDAS", "GUARDA SOL/ VENTILADOR", "GUARDA-ROUPA E TANQUINHO", "GUARDAN ROUPA", "GURADA ROUPA", "GURADA ROUPA E PIA", "GURADA ROUPAS", "Geladeira", "Guarda roupa", "HOME E ROCADEIRA", "INOX", "IPHINE 12", "IPHOEN 12", "IPHONE", "IPHONE 11", "IPHONE 11 128GB", "IPHONE 11 64 GB", "IPHONE 11 64GB", "IPHONE 11 64GB BRANCO", "IPHONE 11 PRO", "IPHONE 11 PRO 64GB", "IPHONE 11 PRO MAX", "IPHONE 11 SEMI NOVO 64GB", "IPHONE 11 SEMINOVO 128GB", "IPHONE 11 pro", "IPHONE 12", "IPHONE 12  128GB", "IPHONE 12 128 GB", "IPHONE 12 128GB", "IPHONE 12 PRO", "IPHONE 13", "IPHONE 13 PRO 256GB", "IPHONE 13 PRO MAX", "IPHONE 14", "IPHONE 15", "IPHONE 8 PLUS", "IPHONE XR", "IPHONE XR 64GB", "IPHONE XS", "IT COZINHA", "JAVADORA", "JOATO DE PLASMA, LIPO DE PAPADA, BIOESTIMULADOR, F", "JODE DE MESA", "JODO DE PANELA", "JOGA DE COZINHA", "JOGAO", "JOGO ARMARIO + SOFA", "JOGO COZINHA", "JOGO COZINHA E COOKTOP", "JOGO DE COZINHA", "JOGO DE COZINHA + FOGAO", "JOGO DE COZINHA E BASE BOX CASAL", "JOGO DE COZINHA E CUBA", "JOGO DE COZINHA E MESA", "JOGO DE JANTAR E JOGO DE PANELA", "JOGO DE JANTAR/ CONJUNTO BOX", "JOGO DE MESA", "JOGO DE MESA , COZINHA", "JOGO DE MESA E CADEIRA", "JOGO DE PANELA", "JOGO DE PANELA , MESA", "JOGO DE PANELA+TANQUINHO", "JOGO DE PANELAS", "JOGO DE PANELAS, VARAL", "JOGO DE PIA", "JOGO DE SALA", "JOGO DE SOFA", "JOGO DECOZINHA", "JOGO PANELA", "JOGO PANELA 6 PECAS", "JOGO PANELAS", "Jogo de sofa e pendeadeira", "KIT CADEIRAS", "KIT COSINHA + FOGAO E BALCAO", "KIT COZINHA", "KIT COZINHA + COOKTOP", "KIT COZINHA + CRISTALEIRA", "KIT COZINHA E FOGAO E SOFA", "KIT COZINHA E G. ROUPA", "KIT COZINHA E MESA", "KIT COZINHA ROSE", "KIT COZINHA+ COZINHA", "KIT COZINHA+TAMPO+CHURRASQUEIRA", "KIT DE COZINHA", "KIT DE COZINHA E BOX", "KIT DE XOZINHA E COMODA", "KIT ESCOVA CHAPINHA E SECADOR", "KIT RECEPTOR", "KIT RELACAO", "KIT RELACAO  E ROLAMENTO RODA MOTO", "KIT RELACAO , CAPA BANCO , FAROL", "KIT RELACAO , ESTICADOR CORRENTE", "KIT RELACAO , OLEO E FREIO TORNADO", "KIT RELACAO BROS", "KIT RELACAO BROS 160 , CAPA TERMICA", "KIT RELACAO BROS E RETROVISOR", "KIT RELACAO E CAIXA DIRECAO BROS 160", "KIT RELACAO E ESTRIBO MOTO", "KIT RELACAO E PASTILHA FREIO", "KIT RELACAO E PNEU", "KIT RELACAO E PNEU DIANT", "KIT RELACAO E PNEU REMOLD MOTO", "KIT RELACAO E PNEU TRASEIRO", "KIT RELACAO MOTO", "KIT RELACAO MOTO BROS", "KIT RELACAO MOTO E RETROVISOR", "KIT RELACAO e PNEU DIANT", "KIT RELACAO, PNEU MOTO", "KIT SECADOR E CHAPINHA", "KITS COZINHA", "KT ARMARIO", "LABIAL E BOTOZ", "LACADORA", "LAVADEIRA", "LAVADODORA 8,5 KG", "LAVADORA", "LAVADORA  14 KG", "LAVADORA  20 KG MUELLER", "LAVADORA + CENTRIFUGA", "LAVADORA , ARMARIO", "LAVADORA , FOGAO E CELULAR", "LAVADORA 10 KG WANKE", "LAVADORA 10KG", "LAVADORA 12", "LAVADORA 12 KG", "LAVADORA 12 KG PECA MOSTRUARIO", "LAVADORA 127", "LAVADORA 12KG", "LAVADORA 12KG 127V", "LAVADORA 12LG", "LAVADORA 14", "LAVADORA 14 KG", "LAVADORA 14KG", "LAVADORA 15 KG", "LAVADORA 15KG", "LAVADORA 15KG CONSUL", "LAVADORA 17 KG", "LAVADORA 17 KG ELECTROLUX", "LAVADORA 17 KG ELECTROLUX PECA DA AMOSTRA", "LAVADORA 17KG", "LAVADORA 17KG + BALCAO", "LAVADORA 17KG ELECTROLUX PECA MOSTRUARIO", "LAVADORA 17KG PECA MOSTRUARIOO", "LAVADORA 18KG", "LAVADORA 20 KLS", "LAVADORA 20KG MUELLER", "LAVADORA 20KL", "LAVADORA DE 14KG", "LAVADORA DE PRESSAO E CENTRIFUGA", "LAVADORA DE ROUPA", "LAVADORA DE ROUPAS", "LAVADORA DE ROUPAS+ fogao", "LAVADORA E ASPIRADOR DE PO", "LAVADORA E CAMA", "LAVADORA E CELULAR", "LAVADORA E CENTRIFUGA", "LAVADORA E FOGAO", "LAVADORA E FORNO", "LAVADORA E FRITADEIRA", "LAVADORA E LIQUIDIFICADOR", "LAVADORA E MICROONDAS", "LAVADORA E MULTIUSO", "LAVADORA E PANELA", "LAVADORA E ROUPEIRO", "LAVADORA E TANQUINHO", "LAVADORA E VARAL", "LAVADORA E VENTILADOR", "LAVADORA LED 14", "LAVADORA LED 17", "LAVADORA LED14", "LAVADORA OFERTA", "LAVADORA OFERTA 120DIAS", "LAVADORA ROUPA", "LAVADORA ROUPAS", "LAVADORA VAP", "LAVADORA WAP", "LAVADORA e cozinha", "LAVADORA+ PANELA", "LAVADORA+CENTRIFUGA", "LAVADORA+CENTRIFUGA BLACK", "LAVADORA+MULTIUSO", "LAVADORA+ROUPEIRO", "LAVADORA, CENTRIFUGA", "LAVADORA, CENTRIFUGA E FRITADEIRA", "LAVADORA, COLCHAO, CAMAS", "LAVADORA, FOGAO E SANDUICHEIRA", "LAVADORA, TV", "LAVADORA,FORNO", "LAVADORA,LIQUIDIFICADOR", "LAVADORA\\", "LAVADOURA", "LAVADOURA 14 KG", "LAVADOURA 17KG", "LAVADOURA 20 KG", "LAVADOURA E TV", "LAVODORA", "LAZER", "LIMPEZA DE PELE E PEELING", "LIMPEZA DE PELE, PEELING E MICROAGULHAMENTO", "LIPO DE PAPADA E BOTOX", "LIPO DE PAPADA, PREENCHIMENTO E BOTOX", "LIQUIDIFCADOR", "LIQUIDIFICADOR", "LIQUIDIFICADOR  E PANELA DE PRESSAO", "LIQUIDIFICADOR + BATEDEIRA + TANQUINHO", "LIQUIDIFICADOR + FRITADEIRA", "LIQUIDIFICADOR ARNO", "LIQUIDIFICADOR E AIRFRYER", "LIQUIDIFICADOR E BATEDEIRA", "LIQUIDIFICADOR E CENTRIFUGA", "LIQUIDIFICADOR E CHALEIRA", "LIQUIDIFICADOR E JOGO DE JANTAR", "LIQUIDIFICADOR E PRANCHA", "LIQUIDIFICADOR E SANDUICHEIRA", "LIQUIDIFICADOR E SECADOR", "LIQUIDIFICADOR E VENTILADOR CADENCE", "LIQUIDIFICADOR OFERTA", "LIQUIDIFICADOR PHILCO", "LIQUIDIFICADOR+ESPREMEDOR+SANDUICHEIRA", "LIQUIDIFICADOR+SECADOR", "LIQUIDIFICADOR, BANQUETA, PANELA", "LIQUIDIFICADOR, CAIXA DE SOM", "LIQUIDIFICADOR, SANDUICHEIRA ETC", "LIQUIDIFICADOR,PANELA DE PRESSAO ELETRICA", "LIQUIDIFICADOR/VENTILADOR", "LIQUIDIFICDOR", "LIQUIDIFICOR", "LIQUIDIIFCADOR", "LIQUIFICADOR", "LIQUITIFICADOR E PANELA DE PRESSAO", "LIT COZINHA", "LIUQUIDIFICADOR E BATEDEIRA", "LOQUIFIFICADOR", "LVADORA+FORNI", "Laser", "Lavadora", "Lavadoura", "Limpeza de pele, skinbooster e peeling", "MADEIRA E FIBRA", "MAQ DE LAVAR", "MAQUINA", "MAQUINA 11KG", "MAQUINA 18 kg", "MAQUINA 18KG", "MAQUINA CONSUL E FOGAO", "MAQUINA COSTURA E CELULAR", "MAQUINA D ELAVAR", "MAQUINA D LAVA", "MAQUINA DE LAVA", "MAQUINA DE LAVA ROUPA", "MAQUINA DE LAVAAR", "MAQUINA DE LAVAR", "MAQUINA DE LAVAR  17 KG", "MAQUINA DE LAVAR E COMODA", "MAQUINA DE LAVAR E ROUPEIRO", "MAQUINA DE LAVAR ROPEIRO", "MAQUINA DE LAVAR ROUPA", "MAQUINA DE LAVAR ROUPAS", "MAQUINA DE LAVAR ferro", "MAQUINA DE LAVAR+GUARDA ROUPA", "MAQUINA DE LAVAR/ SECADORA", "MAQUINA DE LAVAR/CENTRIFUGA", "MAQUINA DE VIDRO", "MAQUINA DE VIDRO , BORR PORTA PALIO", "MAQUINA E BICICLETA", "MAQUINA E FOGAO", "MAQUINA LAVA E SECA", "MAQUINA LAVADORA", "MAQUINA LAVADORA E CENTRIFUGA", "MAQUINA LAVAR", "MAQUINA MADEIRA +  CENTRIFUGA", "MAQUINA, BASE, ARMARIO", "MAQUINA/CENTRIFUGA", "MAQUINA20KL M", "MAQUINARIO", "MAQUITA", "MARTERIA DE CONSTRUCAO", "MASTERIAL DE CONSTRUCAO\u00b4", "MATERAIL DE CONSTRUCAO", "MATEREIAS DE CONSTRUCAO", "MATERIAIS", "MATERIAIS CONSTRUCAO", "MATERIAIS DE CONNSTRUCAO", "MATERIAIS DE CONSTRCAO", "MATERIAIS DE CONSTRUCA", "MATERIAIS DE CONSTRUCAO", "MATERIAIS DE CONSTRUCASO", "MATERIAIS DE CONSTRUCOES", "MATERIAIS DE CONSTUCAO", "MATERIAIS DE CONTRUCAO", "MATERIAIS DE COSNSTRUCAO", "MATERIAIS PARA CONSTRUCAO", "MATERIAL", "MATERIAL BRUTO", "MATERIAL CONSTRUCAO", "MATERIAL DE CINSTRUCOA", "MATERIAL DE CONSTRACAO", "MATERIAL DE CONSTRAO", "MATERIAL DE CONSTRCUAO", "MATERIAL DE CONSTRUCAO", "MATERIAL DE CONTRUCAO", "MATERIAL DE COSTRUCAO", "MATERIAL ESCOLAR E CELULAR", "MATERIAL PARA CONSTRUCAO", "MATERIAL PARA COSNTRUCAO", "MATERIALDE CONSTRUCAO", "MATERIAS DE CONSTRTUCAO", "MATERIAS DE CONSTRUCAO", "MATERIL DE CONSTRUCAO", "MATERILA DE CONSTRUCAO", "MAtERIAL DE CONTRUCAO", "MEA + ASPIRADOR", "MESA", "MESA  6 CADEIRAS", "MESA + 4 CADEIRAS", "MESA + CADEIRA", "MESA + PAINEL", "MESA /MAQUINA E BALCAO", "MESA 04 CADEIRAS", "MESA 4 CADEIRA", "MESA 4 CADEIRA e VENTILADOR", "MESA 4 CADEIRAS", "MESA 4C", "MESA ARMARIO E GELADEIRA", "MESA C 06 CADEIRAS", "MESA C/ 6 CAD", "MESA C/ CADEIRAS, POLTRONA", "MESA CADEIRAS FORNO E LIQUIDIFICADOR", "MESA COM 100 DE ENT", "MESA COM 4 CADEIRAS", "MESA COM 4 CADEIRAS,PISCINA", "MESA COM 6 CADERIA", "MESA COM 8 CADEIRAS", "MESA COM CADEIRAS/ FOGAO", "MESA DE COMPUTADOR,CADEIRA", "MESA E  COMODA", "MESA E 6 CADEIRAS", "MESA E ARMACAO", "MESA E ASPIRADOR", "MESA E BALCAO", "MESA E CADEIRA", "MESA E CADEIRA DE PLASTICO", "MESA E CADEIRA PLASTICA", "MESA E CADEIRAS", "MESA E CAMA", "MESA E COLCHAO", "MESA E COZINHA", "MESA E CUBA", "MESA E FOGAO", "MESA E GUARDA ROUPA", "MESA E KIT DE COZINHA", "MESA E PAINEL", "MESA E ROUPEIRO", "MESA E SAPATEIRA", "MESA E SECADORA", "MESA E UM COZINHA COMPLETA", "MESA+ TV", "MESA+CADEIRAS", "MESA+CAMA", "MESA+COZINA+FOGAO+COOKTOP", "MESA, BALCAO E PEDRA PIA, GUARDA ROUPA", "MESA, BUFE E UM SOM", "MESA, CADEIRA, CHALEIRA ELETRICA", "MESA, CAIXA DE SOM", "MESA, COMODA E ARMARIO DE COZINHA", "MESA,CONJUNTO DE ESTOFADO", "MESA,COZINHA,FOGAO", "MESA/ BALCAO", "MESA/ CADEIRAS", "MICOONDAS", "MICRO", "MICRO ONDAS", "MICRO ONDAS 20 litros", "MICRO ONDAS 44 LITROS", "MICRO+CELULAR", "MICRO/PEELING/LIMPEZA", "MICROAG / PEELING", "MICROAGULHAMENTO", "MICROAGULHAMENTO , PEELING, CARBOX , ENZIMA", "MICROONDAS", "MICROONDAS + FORNO", "MICROONDAS +VENTILADOR", "MICROONDAS - BALCAO", "MICROONDAS 27", "MICROONDAS 27 LITROS", "MICROONDAS 31", "MICROONDAS 34LTS 127V", "MICROONDAS E ARMARIO", "MICROONDAS E CELULAR", "MICROONDAS E FORNO", "MICROONDAS E VENTILADOR", "MICROONDAS+LAVADORA+BALCAO", "MICROONDAS, armario de pia", "MMOVEIS", "MODULADO CAMA BOX COLCHAO E CABECEIRA", "MOTO E 13", "MOTO E 22", "MOTO E 40", "MOTO E20", "MOTO E22", "MOTO E7 plus", "MOTO G14", "MOTO G22", "MOTO G23", "MOTO G41 PECA DA VITRINE", "MOTO G53", "MOTO G53 PECA DE MOSTRUARIO", "MOTOR COMPLETO E KIT RELACAO MOTO", "MOTOR COMPLETO, PNEU , SUPENSAO DIANT E TRAS MOTO", "MOTOROLA E 13", "MOTOROLA E20", "MOTOROLA E22", "MOTOROLA G22", "MOTOROLA G23", "MOTOROLA G53", "MOTOROLA G53 128 GB", "MOTOROLA G53 128GB", "MOTOROLA G73", "MOTOROLA MOTO G 52", "MOTOSERRA", "MOTOSERRA E ROCADEIRA", "MOTOSERRA E ROCADEIRA VULCAN", "MOTOSERRA STHILL E CAPACETE", "MOTOSSERA", "MOTOSSERRA", "MOTOSSERRA 260", "MOTPSERRA E CELULAR", "MOVEIS", "MOVEIS E CELULAR", "MOVEIS E ELETRO", "MOVIS", "MULTIUSO +VENTILADOR", "MULTIUSO E PANELA", "MULTIUSO+FOGAO", "MULTIUSO+MESA+FRUTEIRA", "MULTIUSO, BELICHE", "MULTIUSO, GUARDA ROUPA, CAM E COLCHAO", "MULTIUSO, SANDUICHEIRA", "MULTIUSO/CONJUNTO BOX CASAL", "Material de construcao", "Mesa + Liquidificador", "Mesa 4 cadeiras", "Mesa 4 lugares", "Mesa e kit banheiro", "Microagulhamento", "Microagulhamento + peeling", "Microondas", "Moveis", "NOT BOOK", "NOTBOOCK", "NOTBOOK", "NOTE BOOK", "NOTEBOOCK", "NOTEBOOK", "NOTEBOOK + ROCADEIRA", "NOTEBOOK+cozinha", "OCULOS", "ODONTOLOGICO", "OLHEIRA E BOTOX", "OZINHA E GUARDA ROUPA", "PACOTE BIOESTIMULADOR", "PACOTE MICROAGULHAMENTO", "PAINEL", "PAINEL  E RELACAO", "PAINEL + TANQUINHO", "PAINEL + TV + BALCAO", "PAINEL ,COMODA ,LIQUIDIFICADOR", "PAINEL E BALCAO", "PAINEL E CENTRIFUGA", "PAINEL E COMODA", "PAINEL E MESA", "PAINEL E RACK", "PAINEL E RACK  BALCAO", "PAINEL E SOFA", "PAINEL E SUPORTE PARA TV", "PAINEL E SUPORTE TV", "PAINEL E TV", "PAINEL TV", "PAINEL+SOFA", "PAINEL, BALCAO", "PANELA", "PANELA + FRITADEIRA", "PANELA ,ROCADEIRA E FURADEIRA", "PANELA DE ARROZ", "PANELA DE ARROZ E CADEIRAS DE AREA", "PANELA DE ARROZ ELETRICA,PANELA DE PRESSAO ELETRIC", "PANELA DE PRECAO", "PANELA DE PRESSAO", "PANELA E LIQUIDIFICADOR", "PANELA LIQUIDIFICADOR", "PANELA PRESSAO", "PANELAS", "PARAFUSADEIRA", "PARAFUSADEIRA DWT", "PARAFUSADEIRA e ventilador", "PARAFUSADEIRA/APARADOR DE PELOS", "PARAFUZADEIRA", "PASSADEIRA", "PECAS", "PECAS E SERVICO", "PECAS E SERVICO MOTO", "PECAS E SERVICO MOTOSSERRA", "PECAS MOTO E PNEU", "PECAS MOTO E ROCADEIRA", "PEDALEIRA , PNEU E CAMARA AR", "PEDALEIRA E PISCA", "PEDRA DE PIA + CAPA P/ MAQUINA DE LAVAR", "PEELING", "PEENCHIMENTO", "PEIM + BOTOX 3 REGI\u00d5ES", "PELING, CARBOX", "PENEU", "PENTEADEIRA", "PENTEADEIRA + ROUPEIRO", "PENTEADEIRA DUDA", "PENTEADEIRA E PANELA DE PRESSAO", "PERFECT GLUTEO", "PERFECT GLUTEO E BIOESTIMULADOR", "PERFECT GLUTEO, BIOCRYSTAL, BOTOX", "PERFECT GLUTEOP", "PIA", "PIA + BALCAO", "PIA + FOGAO", "PIA / BALCAO", "PIA COMPLETA E FOGAO", "PIA E BALCAO", "PIA E CUBA", "PIA E FOGAO", "PIA E TAMPO", "PIA E TV", "PIA+ BALCAO", "PIA,BALCAO,ROUPEIRO", "PIJAMA E PANELA", "PISCINA", "PISCINA 1000 LITROS", "PISCINA 2.490LTS", "PISCINA 2.700 LITROS", "PISCINA 25000L", "PISCINA 5000", "PISCINA E BARBEADOR", "PISCINA E CADEIRA", "PISCINA E CADEIRA DE PRAIA", "PISCINA E CLIMATIZADOR", "PISCINA E VENTILADOR", "PISCINA+AIR", "PISCINA+SANDUICHEIRA+CELULAR", "PISCINA, LAVADORA E CENTRIFUGA", "PISCINA,ASPIRADOR,LIQUIDIFICADOR,SECADOR DE CABELO", "PISCINA,FORNO E CAFETEIRA", "PLANO PRATA - BOTOX", "PNEU", "PNEU + FOGAO", "PNEU , BENGALA , CAIXA DIRECAO MOTO", "PNEU 14", "PNEU E CAIXA DIRECAO", "PNEU E CAMARA AR", "PNEU E CAMARA AR BIZ", "PNEU E CAMARA AR BIZ 100", "PNEU E CAMARA AR BIZ 125", "PNEU E CAMARA AR BROS", "PNEU E CAMARA AR MOTO", "PNEU E CAPA CHUVA", "PNEU E EMBUCHAMENTO MOTO", "PNEU E ROCADEIRA", "PNEU E SECADOR DE CABELO", "PNEU TORNADO E CAMARA AR , CAPACETE", "PNEU TRASEIRO BROS E KIT RELACAO", "PNEU+PANELA", "PNEU,CENTRIFUGA", "PNEU,JOGO DE PANELA", "PNEUS", "PNEUS\u00b4", "POLTRONA", "POLTRONA ,MESA DE CENTRO", "POLTRONA E PAINEL DE TV", "POLTRONA E SECADOR", "PORCEDIMENTOS ESTETICOS", "PRACHA E CACHEADOR", "PRANCHA", "PRANCHA E ESCOVA AGRATTO", "PREENCHEDOR E BOTOX", "PREENCHEDOR LABIAL", "PREENCHIMENTO", "PREENCHIMENTO + BIOCRYSTAL", "PREENCHIMENTO + BOTOX", "PREENCHIMENTO BIGODE , FIOS DE SUSTENTA\u00c7\u00c3O, PREENC", "PREENCHIMENTO E BIOESTIMULADOR", "PREENCHIMENTO E BOTOX", "PREENCHIMENTO E BOTOX 4 REGI\u00d5ES", "PREENCHIMENTO E FIOS", "PREENCHIMENTO LABIAL", "PREENCHIMENTO LABIAL E MARIONETE", "PREENCHIMENTO LABIAL, BOTOX", "PREENCHIMENTO MALAR", "PREENCHIMENTO e BOTOX", "PREENCHIMENTO+BIOESTIMULADOR+BOTOX", "PREENCHIMENTO+BOTOX", "PREENCHIMENTO, BOTOX", "PREENCHIMENTO, BOTOX E FIOS", "PREENCHIMENTO, BOTOX, PREENCHIMENTO", "PREENCHIMENTO, FIOS", "PREENCHIMENTO, FIOS E BOTOX", "PREENCHIMENTO, FIOS, BIOESTIMULADOR", "PREENCHIMENTO, SKINBOOSTER", "PREENCHIMENTO/ FIOS COM GARRA/ JATO DE PLASMA", "PREENCHIMENTOE FIOS", "PREENCHIMENTOS", "PREENCHIMENTOS , BOTOX 3 REGIOES , LIPO DE PAPADA", "PREENHCIMENTO LABIAL", "PRENCHIMENTO LABIAL/ OLHEIRA", "PRENNCHINTOS", "PROCEDIEMENTO EST\u00c9TICO", "PROCEDIEMENTOS ESTETICOS", "PROCEDIEMNTOS ESTETICOS", "PROCEDIMENTO", "PROCEDIMENTO DOS SONHOS", "PROCEDIMENTO ESTETICA", "PROCEDIMENTO ESTETICAj", "PROCEDIMENTO ESTETICO", "PROCEDIMENTO ESTETICOS", "PROCEDIMENTO EST\u00c8TICO", "PROCEDIMENTO EST\u00c9TICO", "PROCEDIMENTO EST\u00c9TICO- BOTOX", "PROCEDIMENTO ES\u00c9TICO", "PROCEDIMENTOS", "PROCEDIMENTOS  EST\u00c9TICOS", "PROCEDIMENTOS CLINICOS", "PROCEDIMENTOS ESTETICO", "PROCEDIMENTOS ESTETICOS", "PROCEDIMENTOS EST\u00c9TICOS", "PROCENDIMENTOS ESTETICOS", "PRODUTOS ESTETICOS", "PRODUTOS EST\u00c9TICOS", "PURIFICADOR, LIQUIDIFICADOR, ESPREMEDOR E PROCESSA", "Painel", "Panela de pressao", "Penteadeira e celular", "Perefect Gluteo", "Perfect Gluteo", "Perfect Gluteos", "Perfect Gl\u00fateo", "Pracha", "Preenchimento", "Preenchimento + botox 35 uni", "Preenchimento 1190,00", "Preenchimento Labial", "Preenchimento Labial e preenchimento Marionete", "Preenchimento de olheira e Botox", "Preenchimento e botox light", "Preenchimento, Botox e Jet sikn", "Prenchimento Malar / Biogluteo", "Procedimento", "Procedimento Estetico", "Procedimento Est\u00e9tico", "Procedimento estetico", "Procedimento est\u00e9tico", "Procedimento/BOTOX", "Procedimento/botox", "Procedimentos Esteticos", "Procedimentos Est\u00e9ticos", "Procedimentos esteticos", "Procedimentos est\u00e9ticos", "Proecedimento estetico", "QUARDA ROUPAS", "RACK", "RACK  E APARADOR", "RACK E FORNO", "RACK E GUARDA ROUPA", "RACK E MESA", "RACK E PAINEL", "RACK E PAINEL E CABECEIRA", "RACK+CAMA", "RACK+FORNO OFERTA", "RADIIO", "RADIO", "RADIO E LIQUIDIFICAR", "RADIO E SECADOR", "RECEPTOR", "RECEPTOR + ANTENA", "RECEPTOR E ANTENA", "RECPTOR E ANTENA", "REDMI  12 PECA DE DESMOTRACAO", "REDMI 10 A", "REDMI 10A", "REDMI 10A 128GB", "REDMI 10C", "REDMI 10C GRAFITE", "REDMI 10C GRAPHITE", "REDMI 12", "REDMI 12 POLAR", "REDMI 128 GB E COLCHAO HELLEN 0,88", "REDMI 12C", "REDMI 12C  128GB", "REDMI 13C", "REDMI 9A", "REDMI A 2", "REDMI A01", "REDMI A1", "REDMI A2", "REFRIGERADIR", "REFRIGERADO", "REFRIGERADOR", "REFRIGERADOR + FOGAO", "REFRIGERADOR + FRETE", "REFRIGERADOR +FOGAO", "REFRIGERADOR , BALCAO E PIA", "REFRIGERADOR 340 LITROS CONSUL INOX", "REFRIGERADOR COM 1000 DE ENTRADA", "REFRIGERADOR COM 400 DE ENTRADA", "REFRIGERADOR COM 500 DE ENT", "REFRIGERADOR COM 900,00 DE ENTRADA", "REFRIGERADOR E AEREO", "REFRIGERADOR E LAVDORA", "REFRIGERADOR E MESA", "REFRIGERADOR ROC31", "REFRIGERADOR+CADEIRA", "REFRIGERADOR, FOGAO", "REFRIGERADOR, FOGAO, BALCAO", "REFRIGERADOR,FOGAO,SOFA,CUBA INOX,MESA,COZINHA", "REFRIGERADOr", "REFRIGERDOR", "REGRIGEERADOR", "REGRIGERADOR", "RELACAO MOTO", "RERIGERADOR", "RIUPEIRO", "ROCADEIRA", "ROCADEIRA + FRETE", "ROCADEIRA com 100,00 de entrada", "ROCADEIRA+CELULAR", "ROCADERA", "RODA MONTADA BROS E KIT RELACAO", "ROPEIRO", "ROPEIRO, cama box, cabeceira.", "ROSADEIRA", "ROSADEIRA E BARBEADOR", "ROUEPEIRO", "ROUEPIRO", "ROUP", "ROUP 6P 2G CAST   PENTEADEIRA CAMARIM", "ROUP E COMODA", "ROUP+ COMODA + BASE", "ROUPA 6P 2G BS01-130 C/PE CASTANHO HP", "ROUPCEIRO", "ROUPEIORO", "ROUPEIRA", "ROUPEIRO", "ROUPEIRO  E CONJUNTO BOX", "ROUPEIRO + APARADOR", "ROUPEIRO + BERCO + CONJ BOX + COLCHAO", "ROUPEIRO + BOX + MESA", "ROUPEIRO + CAMA", "ROUPEIRO + CELULAR", "ROUPEIRO + CLCHAO", "ROUPEIRO + COMODA", "ROUPEIRO + FRETE", "ROUPEIRO + KIT COZINHA", "ROUPEIRO + LAVADORA", "ROUPEIRO + MESA", "ROUPEIRO + MULTIUSO", "ROUPEIRO + PAINEL + MULTIUSO", "ROUPEIRO + RACK", "ROUPEIRO + SECADOR + BABY LIS", "ROUPEIRO + TV", "ROUPEIRO , CABECEIRA", "ROUPEIRO , CONJ BOX", "ROUPEIRO , MESA , COZINHA ,BALCAO", "ROUPEIRO /CAMA/ CABECEIRA/LAVADORA / CAIXA DE SOM", "ROUPEIRO /PIA", "ROUPEIRO 02", "ROUPEIRO 06 PTS", "ROUPEIRO 2 P DESLIZANTES", "ROUPEIRO 4 PORTAS", "ROUPEIRO 4 PORTAS E 2 GAVETAS", "ROUPEIRO 4P E 2GAVETAS", "ROUPEIRO 6 P", "ROUPEIRO 6 PORTAS", "ROUPEIRO 6 PORTAS E MULTIUSO", "ROUPEIRO 8 P 4GAV", "ROUPEIRO DE 6PTS COM 2GVS", "ROUPEIRO E AQUECEDOR", "ROUPEIRO E AR CONDICIONADO", "ROUPEIRO E ARMARIO DE COZINHA", "ROUPEIRO E BALCAO", "ROUPEIRO E BALCAO P/ FORNO", "ROUPEIRO E BAU", "ROUPEIRO E CABECEIRA", "ROUPEIRO E CAMA", "ROUPEIRO E CAMA BOX", "ROUPEIRO E COLCHAO", "ROUPEIRO E COMODA", "ROUPEIRO E CONJ,BOX", "ROUPEIRO E COZINHA", "ROUPEIRO E COZINHA COMPACTA", "ROUPEIRO E LAVADORA", "ROUPEIRO E MAQUINA", "ROUPEIRO E MESA", "ROUPEIRO E MICROONDAS", "ROUPEIRO E MODELADORA", "ROUPEIRO E MULTIUSO", "ROUPEIRO E PAINEL", "ROUPEIRO E PANELAS", "ROUPEIRO E POLTRONAS", "ROUPEIRO E SOFA", "ROUPEIRO E SOMMIER", "ROUPEIRO E UMA CHALEIRA ELETRICA", "ROUPEIRO E VENTILADOR", "ROUPEIRO EE CENTRIFUGA", "ROUPEIRO EM L", "ROUPEIRO PIA E COLCHA", "ROUPEIRO e MESA", "ROUPEIRO e cozinha", "ROUPEIRO+ COLCHAO", "ROUPEIRO+ COMODA", "ROUPEIRO+ PIPOQUEIRA+ LIQUIDIFICADOR+ESTOFADO", "ROUPEIRO+BICICLETA", "ROUPEIRO+BOX", "ROUPEIRO+CAMA", "ROUPEIRO+CELULAR", "ROUPEIRO+COLCHAO", "ROUPEIRO+COMODA", "ROUPEIRO+COMODA+MICRO ONDAS", "ROUPEIRO+CORTADOR GRAMA", "ROUPEIRO+COZINHA", "ROUPEIRO+LAVADORA", "ROUPEIRO+MESA COMPUTADOR", "ROUPEIRO+MULTIUSO", "ROUPEIRO, BALCAO", "ROUPEIRO, BALCAO, COZINHA, MESA", "ROUPEIRO, BERCO E COLCHAO", "ROUPEIRO, BOX CASAL E CABECEIRA", "ROUPEIRO, CABECEIRA", "ROUPEIRO, CAMA E ESCRIVANINHA", "ROUPEIRO, CAMA E VENTILADOR", "ROUPEIRO, COMODA E ELETRICOS", "ROUPEIRO, COMODA E SANDUICHEIRA", "ROUPEIRO, CONJUNTO BOX E BALCAO", "ROUPEIRO, COOKTOP", "ROUPEIRO, PAINEL", "ROUPEIRO, PEDRA PIA", "ROUPEIRO, TRAVESEIRO, MESA DE CENTRO, CABECEIRA", "ROUPEIRO,COLHAO", "ROUPEIRO,SECADOR,ESCOVASECADORA,PRANCHA", "ROUPEIRO,VENTILADOR, PAINEL", "ROUPEIRO- PAINEL", "ROUPEIRO/ COLCHAO E PAINEL", "ROUPEIRO/ FOGAO E LIQUITIFICADOR", "ROUPEIRO/ MESA", "ROUPEIRO// MOTOCA", "ROUPEIRO/COMODA E CABECEIRA", "ROUPEIRO/FORNO", "ROUPEIROS", "ROUPEIROS 4PTS 2GVS", "ROUPEIRP", "ROUPEIRPO", "ROUPEIRTO 8PTS CASAL", "ROUPERO", "ROUPERO E PAINEL", "ROUPIRO", "Redmi 12", "Redmi 12 mostruario da loja", "Roupeiro", "Roupeiro 8 portas", "Roupeiro e cozinha", "Roupeiro+painel", "Roupeiro, balcao", "Roupeiro, multiuso", "SAMRT TV 32", "SAMRTPHONE", "SAMSUMG A54", "SAMSUNG  A54 5G", "SAMSUNG A 03", "SAMSUNG A 14", "SAMSUNG A03", "SAMSUNG A03 64GB", "SAMSUNG A03 CORE", "SAMSUNG A04E", "SAMSUNG A04E 6GB", "SAMSUNG A13", "SAMSUNG A13 128GB", "SAMSUNG A13 128GB/samsung A03", "SAMSUNG A14", "SAMSUNG A14 128 GB", "SAMSUNG A14 5G", "SAMSUNG A22", "SAMSUNG A23", "SAMSUNG A33", "SAMSUNG A54", "SAMSUNG A54 256GB", "SAMSUNG S20 FE SEMINOVO", "SANDUCHEIRA E VENTILADOR", "SANDUICHEIRA", "SANDUICHEIRA E CAIXA DE SOM", "SANDUICHEIRA E CHALEIRA", "SANDUICHEIRA E CORTADOR DE CABELO", "SANDUICHEIRA E GARAFA DE CAFE", "SANDUICHEIRA E PANELA DE ARROZ", "SANDUICHEIRA E VARAL", "SANDUICHEIRA/AIRFRYER", "SANDUICHERA", "SAPATEIRA+ASPIRADOR DE PO", "SAPATEIRAS E BALCAO", "SECADO/FIRGIDEIRA", "SECADOER", "SECADOR", "SECADOR + ASPIRADOR", "SECADOR + GRILL", "SECADOR CABELO", "SECADOR DE CABELO", "SECADOR DE CABELO + PRANCHA", "SECADOR DE CABELO , BATEDEIRA", "SECADOR DE CABELOS", "SECADOR DE CABELOS TAIFF", "SECADOR E CHAPINHA", "SECADOR E ESCOVA", "SECADOR E FERRO DE PASSAR", "SECADOR E MICRO", "SECADOR E MICROONDAS", "SECADOR E PRANCHA", "SECADOR+APARADOR", "SECADOR+BATEDEIRA+PROCESSADOR", "SECADOR+CHALEIRA", "SECADOR+PANELA", "SECADOR,", "SECADOR-ESCOVA", "SECADORA", "SECADORA 10KG", "SECADORA COM 1000,00 REAIS DE ENTRADA", "SECADORA DE ROUPA", "SECADORA DE ROUPAS", "SECADORA E FRITADEIRA", "SECADORA OFERTA", "SECADORA/CADEIRINHA DE BB", "SERRA ELETRICA", "SISTEMA ELETRICO YBR E CAPACETE", "SMART FONE", "SMART TV", "SMART TV + ROUPEIRO", "SMART TV 24 POLEGADA", "SMART TV 32", "SMART TV 50", "SMART TV LED 32", "SMARTFONE", "SMARTHONE", "SMARTPHONE", "SMARTPHONE 32 GB", "SMARTPHONE 9A", "SMARTPHONE A14", "SMARTPHONE A23", "SMARTPHONE G22", "SMATPHONE", "SOFA", "SOFA  E GUARDA ROUPA", "SOFA  E UM HOME", "SOFA + COZINHA COMPACTA", "SOFA + ROUPEIRO", "SOFA +BALCAO DE PIA", "SOFA +PAINEL", "SOFA 2 LUGARES", "SOFA 2,30", "SOFA 2,30M", "SOFA 2,60X2,10 CANTO", "SOFA CARRARA E CONJ MESA 4 C MDF", "SOFA E  MESA ..OFERTA", "SOFA E BICAMA", "SOFA E CAMA", "SOFA E COLCHAO", "SOFA E COMODA", "SOFA E COZINHA", "SOFA E FOGAO", "SOFA E GELADEIRA COM 2,500 DE ENTRADA", "SOFA E GUARDA ROUPA", "SOFA E MESA", "SOFA E MOTO ELETRICA", "SOFA E PAINEL", "SOFA E PIA", "SOFA E POLTRONA", "SOFA E ROUPEIRO", "SOFA E TV", "SOFA SOB MEDIDA E MESA", "SOFA+FOGAO+BALCAO", "SOFA+PAINEL", "SOFA, CAMA", "SOFA, CAMA, E FORNINHO", "SOFA, COLCHAO", "SOFA, MULTIUSO E BALCAO DE PIA", "SOFA, ROUPERO FOGAO E PAINEL", "SOFA, lavadora", "SOFA/ GUARDA ROUPAS", "SOFA/BELICHE E COLCHAO", "SOFA/CADEIRAS", "SOFA/GRILL", "SOFA/PAINEL", "SOFAE CARRINHO DE BEBE", "SOM", "SOM 300WS", "SOM+FRITADEIRA+PANELA+MICROONDAS+2 VENTILADORES+CO", "SON E FORNO", "SOPRADOR", "Samsung A14", "Samsung A32 128gb", "Samsung A53", "Samsung A73", "Secador Cabelos, Ventilador, Comoda e Formas.", "Sofa", "Sofa e rack", "TABLET", "TABLET E GUARDA ROUPA", "TABLET E LAVADORA", "TABLET E VENTILADOR", "TABUA DE PASSAR E MICROONDAS", "TAMPO", "TAMPO DE COZINHA", "TAMPO+JOGO DE PANELA", "TAMQUINHO", "TANQUINHA", "TANQUINHO", "TANQUINHO + CENTRIFUGA", "TANQUINHO +PANELA +BATEDEIRA", "TANQUINHO ,CENTRIFUGA", "TANQUINHO ,MULTIUSO", "TANQUINHO 10KG", "TANQUINHO 10KG + FRETE", "TANQUINHO 10KG WANKE", "TANQUINHO 20 KG WANKE", "TANQUINHO 20kg", "TANQUINHO 5KG", "TANQUINHO 6K", "TANQUINHO DE 12,5 KILOS", "TANQUINHO E BEBEDOURO", "TANQUINHO E BELICHE", "TANQUINHO E CENTRIFUGA", "TANQUINHO E CENTRIFUGA COM 200 DE ENT", "TANQUINHO E KIT BANHEIRO", "TANQUINHO E PAINEL", "TANQUINHO E UMA CENTRIFUGA", "TANQUINHO+CENTRIFUGA", "TANQUINHO, CENTRIFUGA", "TANQUINHO, TV 40, FOGAO", "TANQUINHO, VENTILADOR", "TANQUINHO,CENTRIFUGA", "TANQUINHO,COMPACTA", "TANQUYIUNHO", "TAQUINHO", "TAQUINHO E CENTRIFUGA", "TELEVISAO", "TELEVISAO 32 P", "TELEVISAO E COOQUETOPE", "TELEVISAO, MAQUINA DE CORTAR CABELO E LIQUID", "TELEVISOR", "TELEVISOR 32 POLEGADAS", "TELEVISOR 43**", "TRATAMENTO", "TRATAMENTO ESTETICO", "TRATAMENTO EST\u00c9TICO", "TRATAMENTO P/MELASMA", "TRATAMENTOE", "TRAVESSEIROS / CABECEIRA", "TRELICHE E COLCHAO", "TROCA PISCA E PNEU", "TUPI MATERIAIS DE CONSTRUCAO", "TV + BALCAO", "TV + CAMA BOX + ROUPEIRO", "TV + CELULAR", "TV + COZINHA + MESA", "TV + MAQUINA", "TV + PAINEL + VENTILADOR", "TV + ROUPEIRO", "TV + SECADOR+prancha", "TV + ventilador /sanduicheira", "TV , COOKTOP", "TV - PAINEL", "TV / LAVADORA", "TV ANTENA", "TV COMODA", "TV E ANTENA", "TV E BALCAO", "TV E CADEIRINHA", "TV E CAMA", "TV E CAMA BOX", "TV E CELULAR", "TV E CENTRIFUGA", "TV E COLCHAO", "TV E FOGAO", "TV E FORNO ELETRICO", "TV E GUARDA ROUPA", "TV E LAVADORA WAP", "TV E MESA", "TV E PAINEL", "TV E RACK", "TV E TANQUINHO", "TV E VENTILADOR", "TV ER ANTENA", "TV OFERTA", "TV OFERTA 15X", "TV ROUPEIRO", "TV+ AQUECEDOR", "TV+ CELULAR", "TV+ANTENA", "TV+ARMARIO DE COZINHA", "TV+CELULAR", "TV+COMODA", "TV+MICRO", "TV+SOFA", "TV+TANQUINHO", "TV+balcao", "TV, LIQUI E BATEDEIRA", "TV, MESA", "TV, SOFA E COLCHAO", "TV, VENTILADOR E JOGO DE PANELAS", "TV,painel", "TV//GELADEIRA//CAMA BOX", "TV/CELULAR", "TV/VENTILADOR", "Tablet", "Tanquinho", "Tanquinho 14kg", "Toxina Botul\u00ednica e Preenchimento Labial", "Tratamento", "Tratamento Est\u00e9tico", "Tv e armario", "Tv oferta", "UM ARMARIO 1,20 E UM FOGAO 4BC", "UM REFRIGERADOR DE 2PTS", "UM TANQUINHO", "UMA CAIXA DE SOM E UMA PRANCHA", "UMA GELADEIRA 260 LITROS", "UMIDIFICADOR", "VAP+CELULAR", "VARAL DE ROUPA", "VARAL DE ROUPAS", "VARAL E ROUPEIRO", "VELOCITA, PISCINA", "VENDA DE APARELHO", "VENILADOR", "VENTILADFOR", "VENTILADO", "VENTILADOE E BEBEDOURO", "VENTILADOR", "VENTILADOR + COLCHAO", "VENTILADOR +CHALEIRA", "VENTILADOR +cadeira praia", "VENTILADOR , LIQUIDIFICADOR", "VENTILADOR , PANELA DE PRESSAO", "VENTILADOR 40 CM E FERRO DE PASSAR", "VENTILADOR ARNO", "VENTILADOR E CAIXA DE SOM", "VENTILADOR E CAIXA TERMICA", "VENTILADOR E CENTRIFUGA E CELULAR", "VENTILADOR E COLCHAO", "VENTILADOR E DUAS CADEIRAS", "VENTILADOR E ESCOVA", "VENTILADOR E ESCOVA SECADORA", "VENTILADOR E GARRAFA", "VENTILADOR E LIQUIDIFICADOR", "VENTILADOR E SAPATEIRA", "VENTILADOR E UM TAPETE", "VENTILADOR E UMA CAFETEIRA", "VENTILADOR E UMA LAVADORA ALTA PRESAO", "VENTILADOR+ LIQUIDIFCADOR", "VENTILADOR, ESCOVA E CHAPINHA DE CABELO", "VENTILADOR, JARRA ELETRICA", "VENTILADOR, LIQUIDIFICADOR", "VENTILADOR, SOM E MICRONDAS", "VENTILADORES", "VENTILADPR", "VENTILADR", "VENTILSDOR", "VETILADOR", "VIOLAO", "Ventilador", "Ventilador arno", "WAP", "WAP E ASPIRADOR", "WAP LAVADOURA", "WAP+ASPIRADOR", "WAP+SEC+SANDUICHEI", "XONJUNTO BOX", "aarelho celular", "air fraier", "air fry", "air fry e liquidificador", "air fryer", "anbtena", "antena", "antena + tv +mesa", "antena / receptor", "antena e fogao", "antena e receptor", "antena e recptor", "antena tv", "antena+esmerilhadeira", "antyena", "ap cel", "ap cel + chaleira eletrica", "ap cel + secadora piso", "aparador de pelos", "aparelho celular", "aparellho celular", "aquecedor", "ar condicionado", "armario", "armario 0,70 cm aereo geladeira", "armario cozinha", "armario de cozinha", "armario de cozinha e banquetas", "armario de cozinha e beliche", "armario de cozinha kit", "armario, fogao e sofa", "aspirado", "aspirador", "aspirador + wap", "aspirador de po", "aspirdor", "baike", "balca de pia", "balca+secador", "balcao", "balcao /cook top", "balcao 1,58 + tampo", "balcao de pia", "balcao de pia + pedra", "balcao de pia / tampo", "balcao de pia e inox", "balcao de pia e liquidificador", "balcao de pia e pia", "balcao de pia e pia e ferro de passar", "balcao de pia+ pedra", "balcao e armario", "balcao e cook top", "balcao e cooktop", "balcao e inox", "balcao e pia", "balcao e tampo", "balcao e tanquinho", "balcao e ventilador", "balcao pia", "balcao pia + tampo + maquina", "balcao pia e cuba", "balcao+ pia", "balcao+batedeira", "balcao+cooktop", "balcao+tampo", "balcao, cozinha e painel", "balcao, fogao cooktop, liquidificador e fritadeira", "balcao, pia e liquidificador", "balcaos", "bancada e cadeiras", "barraca e celular", "base", "base / cadeira", "base bau/ roupeiro", "base box", "base box e lavadora", "base de box", "base e colchao", "base+colchao", "batedeira", "batedeira e liqui", "batedeira e liquidificador", "batedeira e mesinha", "batedeira e sanduicheira", "batedeira e uma alisadora de cabelo 6x1", "batedeira, ventilador", "batedeira/ liquidificador", "batedira", "bateria", "bateria + multiuso + frete", "bateria e centrifuga", "bebedoruro", "bebedouro", "beliche", "beliche / 2 colchoes", "beliche,  colchao", "beliche, colchao, celular", "berco", "berco e colchao", "berco/ roupeiro", "biccicleta", "bici + panlea", "bicicleta", "bicicleta com 200 de entrada", "bicicleta e centrifuga", "bicicleta varal", "bicicleta+ piscina", "bicicletas", "biciclleta", "bike", "biocrystal e botox", "bioestimulador", "bioestimulador + skinbooster", "bioestimulador e botox", "bioestimulador e preenchiemnto", "bioestimulador, botox", "botox", "botox + fios", "botox + lipo de papada", "botox + microagulhamento + colageno", "botox + preenchimento", "botox / preenchimento", "botox 3 regi\u00f5es", "botox 4 regioes", "botox e bioestimulador", "botox e fios", "botox e lipo de papada", "botox e microagulhamento", "botox e preenchimento", "botox+preenchimento+fios filler", "botox, bioestimulador, microagulhamento,fios", "botox, fio fillher e bioestimulador", "botox/ preenchimento", "box", "box + cabeceira", "box casal", "box casal + cabeceira", "box e aspirador", "box e celular", "box e colchao", "box e geladeira", "box e mesa", "box e roupeiro", "box e tanquinho", "box e ventilador", "box+lavadora ofertas", "box, lavadora jogo de lencol e travesseiro", "cCELULAR", "cabeceira", "cabeceira e base", "cabeceira e colchao casal", "cabeceira e conj box", "cabeceira e criado mudo", "cabeceira/sansuicheira", "cadeira", "cadeira de  praia e banqueta", "cadeira de are", "cadeira de area", "cadeiras", "cadeiras + balcao pia", "cadeirinha", "cafeteira", "caixa amplificada", "caixa de som", "caixa de som amvox 1900", "caixa de som e escova modeladora", "caixa de som/ liquidificador", "caixa som", "cama", "cama + carrinho", "cama + colchao", "cama + roupeiro", "cama BOX", "cama box", "cama box + pia", "cama box , air fryer", "cama box , cabeceira, bau e buet", "cama box e cabeceira", "cama box e colchao", "cama box+cabeceira", "cama e armario", "cama e centrifuga", "cama e colchao", "cama e cozinha", "cama e guarda roupa", "cama e pia", "cama e roupeiro", "cama e roupero", "cama e tanquinho", "cama guarda roupa", "cama lavadora e roupeiro", "cama solteiro + balcao pia", "cama+ cabeceira", "cama+base", "cama/ sofa", "cama/colchao", "cama/comoda", "cama/guarda roupas", "cama/roupeiro", "camka box", "caoxa de som", "capacete", "capacete e pneu moto", "carrinho bebe", "carrinho de bb", "carrinho de bebe", "carrinho de bebe e mesa c/ cadeiras", "carrinho e secador", "ccelular", "cellar", "celu", "celualr", "celul", "celula", "celular", "celular + forno", "celular + secador", "celular + tablet", "celular + utensilios domesticos", "celular A14", "celular COM 400,00 DE ENTRADA", "celular COM 550,00 DE ENTRADA", "celular COM 800,000 DE ENTRDA", "celular a 2", "celular a14", "celular a14 5g", "celular a23 5g", "celular com 200,000 de entrda", "celular com 300 de entarda", "celular com 500 de ent", "celular com 500,00 de entrada", "celular e bebedouro", "celular e bicicleta", "celular e brinquedo", "celular e caixa de lenha", "celular e conj. box", "celular e estante", "celular e fogao", "celular e maquita", "celular e microondas", "celular e panela", "celular e radio", "celular e rocadeira", "celular e roupeiro", "celular e tanquinho", "celular e22", "celular e22 128gb", "celular oferta", "celular redmii 12", "celular+ roupeirp", "celular+ferro", "celular+fogao", "celular+mesa", "celular+tv oferta", "celulares", "centifuga", "centifuga e piscina", "centrifuga", "centrifuga 6kg", "centrifuga e antena elsys", "centrifuga e caixa de som", "centrifuga e mesa", "centrifuga e tanquinho", "centrifuga+lavadora", "chaleira", "chaleira e panela", "chaleira eletrica", "chapinha", "chapinha,toalha de banho,toalha de rosto", "cilindro", "cinj box e mesa", "cj mesa 6 cad", "cj mesa e smartphone", "climatizador", "climatizador e ventilador", "coj mesa 6 cadeiras", "colcao + base", "colcao, ventilador", "colchao", "colchao + Base box", "colchao + aspirador", "colchao + bASE", "colchao + base", "colchao + cama", "colchao + guarda roupa", "colchao +ventilador", "colchao e LIQUIDIFICADOR", "colchao e base", "colchao e box cama", "colchao e cabeceira", "colchao e cama", "colchao e roupeiro", "colchao e tampo de pia", "colchao e ventilador", "colchao+tv", "colchao, cozinha e tampo", "comoda", "comoda e mesa", "comoda e mesa de centro", "comoda e ventilador", "comoda/ventilador", "con box", "conj box", "conj box + balcao de pia", "conj box + conj de mesa", "conj box + frete", "conj box com 500,00 de entrada", "conj box com 700 de entrada", "conj box com 800 de entrada", "conj box e cabeceira", "conj box+cabaceira", "conj de mesa", "conj mesa", "conj mesa com 6 cadeiras", "conj mesa e balcao", "conj mesa e fritadeira eletrica", "conj mesa e penteadeira", "conj mesa e tv", "conj mesa/ fogao", "conj. box e colchao", "conj. box, roupeiro e secador", "conj.box", "conjunto box", "conjunto box e comoda", "conjunto box e moveis", "conjunto de mesa", "conjunto de mesa/ aparador/ home", "conjunto mesa", "conjunto mesa / box casal", "conjunto mesa e cadeira", "conjunto mesa/ painel", "cook top", "cook top balcao e balcao de pia", "cooktop", "cooktop + balcao", "cooktop + fogao lenha + frete", "cooktop 4b", "cooktop e depurador", "cooktop,bicicleta e tanquinho", "coonj. box, cabeceira, comoda liquidificador", "cootop e multi uso", "cortador de cabelo", "cozinh", "cozinha", "cozinha + bici + conj box + cabeceira + inox", "cozinha + frete", "cozinha + roupeiro e mesa", "cozinha 3 pecas", "cozinha completa", "cozinha e FOGAO", "cozinha e fogao", "cozinha e guarda roupa", "cozinha e mesa + tv", "cozinha e pia", "cozinha e roupeiro", "cozinha e tampo", "cozinha e uma fritadeira", "cozinha+box", "cozinha,estante,ferro", "cozinha/bicicleta", "cx de som", "eMAGRECIEMNTO FLEX 11 SEMANAS", "emagrecimento", "emagrecimento 8 semanas", "emagrecimento flex de 12 semanas", "enzima", "enzimas", "escova", "escova e radio", "escova modeladora", "escova secadora", "escrevainha", "escrivaninha", "estof + refrigerador  + cooktop", "estofado", "estofado + depurador + forno", "estofado + lavadora + grill", "estofado + tv", "estofado e roupeiro", "estofado of +celular", "fero", "ferro", "ferro de passar", "ferro+ventilador", "filler e botox", "fios", "fios + preenchimento", "fios, botox e preenchedores", "foeno eletrico", "fofao", "fogao", "fogao + celular", "fogao + forno eletrico", "fogao + freezer", "fogao + mesa", "fogao +tv", "fogao 4 bcs", "fogao 4 bocas", "fogao 4B", "fogao 4b", "fogao 5 bocas", "fogao a gas e a lenha", "fogao a lenha", "fogao e base cama", "fogao e celular", "fogao e chaleira", "fogao e colchao", "fogao e estofado", "fogao e forno", "fogao e lavadora", "fogao e liquidificador", "fogao e pia", "fogao e roupeiro", "fogao e sofa", "fogao+chamine", "fogao+fritadeira eletrica", "fogao+pia", "fogao, TANQUINHO", "fogao, caixa de som", "fogao, cozinha , balcao e pia", "fogao, geladeira, armario, balcao e pia", "fogao, ventilador", "fogao,fritadeira", "fogao,guarda roupa,balcao,painel,box", "formno + centrifuga", "forno", "forno + aspirador", "forno e celular", "forno eleletrico", "forno elet.", "forno eletrcio", "forno eletrico", "forno eletrico -+panela", "forno+micro+tanquinho", "forno+microndas", "forno+secador", "forno, armario", "forno, liquidificador e mesa", "fpgao", "freezer", "freezer + roupeiro", "freezer+balcao", "freezzer", "frezzer", "fritadeira", "fritadeira e cilindro massa", "fritadeira e panela", "fritadeira eletgrica", "fritadeira eletrica", "fritadeira+umidificador", "frizer", "frreser", "furadeira", "furradeira", "g roupa", "g. roupas", "geladaeira", "geladeira", "geladeira e cozinha", "geladeira e tanquinho", "geladeira tv", "geladeira+maq lavar", "geladeria", "geldeira", "guarda roupa", "guarda roupa e poltrona", "guarda roupa, mesa, balcao pia", "guarda roupa,churrasqueira eletrica", "guarda roupas", "guarda-roupa", "home e pia", "iPhone 11", "iPhone 11 64GB", "iPhone 12", "iPhone 13", "iPhone XR", "inox", "inox e mesa", "iphone", "iphone 11", "iphone 11 128gb", "iphone 11 64gb", "iphone 11 64gb (seminovo)", "iphone 11 pro", "iphone 11 pro 256gb", "iphone 12", "iphone 12 128gb", "iphone 12 pro", "iphone 12 pro max", "iphone 13", "iphone 13 pro max", "iphone 14", "iphone 8", "iphone 8 plus", "iphone x", "iphone xr", "janela", "jg cozinha/ beliche", "jogo cozinha + sofa", "jogo de cozinha", "jogo de cozinha /fogao/ sugar", "jogo de cozinha+sofa", "jogo de mesa", "jogo de mesa e armarios de cozinha", "jogo de mesa, box casal e cabeceira", "jogo de panela", "jogo de panelas", "jogo de panelas e microondas", "jogo de sofa", "jogo mesa", "jogo panela", "jogo panelas", "kit cozinha", "kit cozinha + conj box", "kit cozinha + tgampo", "kit cozinha, balcao, mesa", "kit de cozinha", "kit e balcao de pia", "kit e lavadora", "kit relacao , caixa direcao moto", "kit relacao today", "laser", "lava jatto + celular", "lavadorA", "lavadora", "lavadora + panelas + liquidificador + batedeira", "lavadora - CAICXA DE SOM", "lavadora 10 kl", "lavadora 11kg", "lavadora 12kg", "lavadora 14 kg", "lavadora 14 kg electrolux", "lavadora 17 + frete", "lavadora 17kg", "lavadora de 11kg", "lavadora de roupas", "lavadora e balcao", "lavadora e centrifuga", "lavadora e fogao", "lavadora e forno", "lavadora e geladeira", "lavadora e roupeiro", "lavadora e tanquinho", "lavadora e tv", "lavadora e tv e celular", "lavadora e ventilador", "lavadora oferta", "lavadora+ microondas", "lavadora+centrifuga", "lavadora+chaleira+ventilador", "lavadora+piscina", "lavadora, centrifuga e fogao", "lavadora9", "lavadoura", "lavadoura 10 kg", "lavadoura 15 kg e batedeira", "lavadoura de roupas", "lavajato e aspirador", "lavodora", "liq chaleira", "liqidifuicado", "liqui + chaleira", "liquidifiacdor", "liquidificador", "liquidificador TV E CELULAR", "liquidificador arno", "liquidificador e batedeira", "liquidificador e brinco", "liquidificador e caixa termica", "liquidificador e jogo talheres", "liquidificador e panela", "liquidificador e ventilador", "liquidificador, chaleira e garrafa termica", "liquidificador,batedeira maquiuna de cabelo", "liquidificadort e sanduicheira", "liquidiificador", "liquificador", "lliquidificador", "luiqui+batedeira", "luiquidiificador", "mMOVEIS", "maqina", "maquina", "maquina de lavar", "maquina lavar", "maquina, kit", "maquina\u00b4", "maquita", "maquita e aparador", "maquita/parafusadeira", "materia de contrucao", "materiais", "materiais  de construcao", "materiais de constrcucao", "materiais de constriucao", "materiais de construcao", "materiais de construcaoi", "materiais de construcaso", "materiais de contrucao", "materiais de copnstrucao", "material", "material bruto", "material de construcao", "materias", "mesa", "mesa +pia+painel", "mesa , painel", "mesa 4 cadeiras", "mesa 4 cadeiras, tanquinho", "mesa 6 cadeiras", "mesa c 4 cad", "mesa c 4 cadeiras", "mesa c/ 6 cadeiras", "mesa com 4 cad", "mesa com 4 cadeiras", "mesa e 6 cadeiras", "mesa e cadeira", "mesa e cadeira de praia", "mesa e cadeiras", "mesa e cadeiras balcao cuba de pia", "mesa e cozinha", "mesa e cuba de pia", "mesa e estofado", "mesa e fogao", "mesa e micro- ondas", "mesa e tablet", "mesa e tanquinho", "mesa+ armario", "mesa+ cadeiras + COOKTOP", "mesa+balcao", "mesa+cadeiras", "mesa+cozinha", "mesa+lavadora", "micoondas", "micoondas, forno", "micro", "micro ondas", "micro+ferrro", "micro-ondas", "microomdas", "microondas", "microondas e forno", "microondas e paneleiro", "microondas e tv", "microondas+ caixa de som", "moto", "moto e 20", "moto e 22", "moto e20", "moto g 22", "motorola E22", "motorola e22", "motorola g 22", "motorola g20", "motorola g22", "motorola g32 e alexa", "motorola g53", "motorola g62 5g", "motoserra", "moveis", "moveis em geral", "multiuso + cooktop", "multiuso + mesinha + cabeceira", "multiuso e balcao", "multiuso e cabeceira", "multiuso e piscina", "multiuso e pisina", "multiuso e sanduicheira", "neu + multiuso", "notboock", "notbook", "notebbok", "notebook", "notebook + cel", "notebook + ferro", "pacote procedimentos est\u00e9tico", "painel", "painel / colchao", "painel / cristaleira", "painel e travesseiro", "painel e tv", "painel tv", "painel+ tv", "painel+micro-ondas", "painel, penteadeira, cabeceira", "painel/ multi uso", "panelA", "panela", "panela + sanduicheira", "panela de arroz", "panela de presao", "panela de pressao", "panela e armario banheiro", "panela e celular", "panela pressao", "panela pressao + leiteira + chaleira", "panelas", "paneleiro e liquidificador", "paneliro e armario", "parafusadeira", "parafusadeira e panela", "passadeira", "peneu", "penteadeira", "perfect + botox", "perfect gluteo", "perfect gluteos", "peu", "pia", "pia + balcao", "pia e balcao", "pia+cama+roupeiro+balcao", "pia/balcao", "picina", "piscina", "piscina e chaleira", "piscina e cooller", "pneu", "pneu (04)", "pneu e balcao", "pneu e roda carriola", "pneu+ ventilador", "pneus", "pneus de carro e bateria", "poltrona", "prancha", "preemchimento", "preenchimento", "preenchimento  de queixo , enzimas", "preenchimento de olheira e botox", "preenchimento e fios", "preenchimento labial", "preenchimento malar", "preenchimentos", "preenchimentos + botox + fios", "procediementos esteticos", "procedimento", "procedimento estetico", "procedimento est\u00e9tico", "procedimento est\u00e9ticos", "procedimentos estetico", "procedimentos est\u00e9ticos", "produtos esteticos", "proedimentos esteticos", "psina", "rack", "rack + panela", "rack e balcao", "rack e painel", "rack+painel", "radio", "radio+fritadeira+ventilador", "raiamento , capa banco , bengala", "receptor", "receptor elsys + painel + suporte", "receptor+TV", "redmi 10a", "redmi a1", "refrigerador", "refrigerador  COM 1500 DE ENTRADA", "refrigerador + tv", "refrigerador COM 2,700 DE ENTRDADA", "refrigerador COM 500,00 D ENTRADA", "refrigerador COM 800,00 DE ENTRADA", "refrigerador E SOFA", "refrigerador com 1000 de entrada", "refrigerador com 2000,00 de entrada", "refrigerador com 500 de entrada", "refrigerador e antena", "refrigerdaor", "rfrigerador", "rocadeia", "rocadeira", "rocadeira 42,cc", "rocadeira 500entrada", "rocadeira 51,cc", "ropeiro", "ropeiro ,balcao....", "rouepeiro", "roup", "roupei", "roupeiro", "roupeiro  e rack", "roupeiro + base", "roupeiro + kit cozinha", "roupeiro / mesa", "roupeiro 6 portas", "roupeiro e base", "roupeiro e box", "roupeiro e cabeceira", "roupeiro e cama", "roupeiro e cama box", "roupeiro e colchao", "roupeiro e comoda", "roupeiro e conj box", "roupeiro e forno", "roupeiro e multiuso", "roupeiro e secador", "roupeiro+mesa", "roupeiro+piscina", "roupeiro, cozinha e fogao", "roupeiro, liquidificador , centrijuga", "roupeiro, painel,balcao", "roupeiro/ conj box", "roupeiro/ conj box / cabeceira", "roupeiro/ conj box/cabeceira", "roupeiro/comoda", "roupeiros", "roupeirp", "rouperio", "roupero", "roupero e balcao de pia", "samsung A04e", "samsung a 04 e", "samsung a03 core", "samsung a03core", "samsung a04e", "samsung a13", "samsung a14", "samsung a23", "samsung a33", "samsung a54", "samsung s21", "sanduicheira", "sanduicheira + liquidificador", "sanduicheira,grill", "secador", "secador cabelo", "secador de cabelo", "secador de cabelos", "secador e chaleira", "secador e panela", "secador, balcao, poltrona", "secador, escova, ventilador, panela", "secadorA", "secadora", "secadora  oferta", "secadora de roupas", "smart phone", "smart tv 32 samsung", "smartphone", "sofa", "sofa + tv + KIT COZINHA + FRETE", "sofa 2,30", "sofa 2,50M", "sofa e roupeiro", "sofa+refrigerador", "sofa, panela", "som", "tablet", "tablet e ventilador", "tablete", "tampo", "tamquinho", "tankinho", "tanquinhio", "tanquinho", "tanquinho ,centrifuga", "tanquinho com 600,00 de entrada", "tanquinho e centrifuga", "tanquinho e colchao", "tanquinho e lavadora", "tanquinho e liquidificador", "tanqyuinho", "taquinho, microondas", "televisao", "televisao+ antena", "televisor", "tratamento", "tratamento est\u00e9tico", "tv , ar condicionado", "tv /fogao", "tv e antena", "tv e balcao", "tv e estofado", "tv e fogao", "tv e microondas", "tv e painel", "tv e refrigerador", "tv e ventilador", "tv lavadora", "tv oferta", "tv oferta+fogao", "tv piscina", "tv sofa e geladeira", "tv+ piscina", "tv+antena", "tv, painel", "tyampo", "um roupeiro 6 portas", "umidifica, panela de arroz", "vendilador", "ventilado", "ventilador", "ventilador + celular", "ventilador + secador", "ventilador , arfryer", "ventilador / garrafa termica", "ventilador e liquidificador", "ventilador e piscina", "ventilador+caixa som", "ventilador, secador, escova secadora", "ventilador,balcao", "violao", "wap"], ["Feminino", "Masculino", "Outro"], ["Alugada", "Propria"], ["Casado", "Divorciado", "Separado", "Solteiro", "Viuvo"], ["APOSENTADO", "ASSALARIADO", "AUTONOMO  ", "EMPRESARIO", "FUNCIONARIO PUBLICO ", "MILITAR   ", "OUTRAS    ", "PENSIONISTA", "PROFISSIONAL LIBERAL", "RURAL     "], ["-", "11 Anos", "2 Sargento Pm", "2 Tenente", "3 Vigio", "3Osargento", "A De Mandioco", "A Producao", "Abate", "Abatedor", "Ac De Producao", "Acabador De Emb", "Acabamento", "Acabamento De P", "Acabamentos", "Acabemntisto", "Ace", "Acessor", "Acessor Palamen", "Acessora Juridi", "Acessora Parlam", "Acessora Prefei", "Acessoria De Go", "Acessorio", "Acessoristo", "Acessoro", "Acogueiro", "Acompanhante", "Acompanhante Id", "Acompanhate", "Acoqueiro", "Acougeuiro", "Acougue", "Acougueiro", "Acs", "Acuputuristo", "Ad", "Adbogado", "Adesivador", "Adestrador", "Adestradoro", "Adiador", "Adiministracao", "Adiministrador", "Adiministradoro", "Adiministrativo", "Adimisitradoro", "Adivogado", "Adm", "Adm  Fat Fiscal", "Adm Diretoro", "Adm Financeiro", "Adm-Rh", "Adm/Dono", "Adm/Prop", "Admi", "Adminiatrativo", "Adminisrativo", "Administracao", "Administradoo", "Administrador", "Administradoro", "Administratico", "Administrativo", "Administro", "Administrtico", "Adminitrador", "Adminitradoro", "Adminstracao", "Adminstrativo", "Admistrador", "Admistradoro", "Admistrativo", "Admnistracao", "Admnistradoro", "Admnistrativo", "Adrm", "Advogada Propri", "Advogado", "Advogado Orient", "Advogdo", "Aeromoco", "Aeroportuario", "Afastada Do Tro", "Afiador", "Afilhadoro", "Afinador", "Afinador De Met", "Afretador", "Africultoro", "Afro Incubatori", "Ag Adm Educacio", "Ag Aeroporto", "Ag Ambiental", "Ag Apoio", "Ag Comunitario", "Ag De Aeroporto", "Ag De S Seg Edu", "Ag De Saude", "Ag De Viagem", "Ag Edu I", "Ag Educacional", "Ag Higienizacao", "Ag Operacional", "Ag Peninteciari", "Ag Penitenciari", "Ag Seg Penit", "Ag Turismo", "AgComunitario", "Agde Saniamento", "Agenda Da Saude", "Agenda De Saude", "Agende De Apoio", "Agende De Endem", "Agende De Saude", "Agende De Segur", "Agende Endemias", "Agende Funerari", "Agent Comercial", "Agente", "Agente 1", "Agente Adm", "Agente Admi", "Agente Administ", "Agente Aero", "Agente Aeroport", "Agente Apoio", "Agente C Saude", "Agente Comuniro", "Agente Comunito", "Agente Da Infan", "Agente De Aerop", "Agente De Alime", "Agente De Apoio", "Agente De Cadas", "Agente De Call", "Agente De Combo", "Agente De Endem", "Agente De Higen", "Agente De Limpe", "Agente De Necro", "Agente De Negoc", "Agente De Opero", "Agente De Orgaz", "Agente De Pesqu", "Agente De Porto", "Agente De Produ", "Agente De Prote", "Agente De Proto", "Agente De Saude", "Agente De Servi", "Agente De Telem", "Agente De Vendo", "Agente De Vetor", "Agente De Viage", "Agente Defeso", "Agente Dos Corr", "Agente Educaci", "Agente Educacio", "Agente Endemias", "Agente Escolar", "Agente Fazendar", "Agente Funerari", "Agente Operacio", "Agente Peniteci", "Agente Penitenc", "Agente Policial", "Agente Portario", "Agente Saude", "Agente Se Servi", "Agente Seguranc", "Agente Social", "Agente Tecnico", "Agente Teleaten", "Agentedeproteco", "Agentes Funerar", "Aget Da Dengue", "Agri E Aposento", "Agricolo", "Agricul", "Agricul,Pedreir", "Agricultar", "Agricultor", "Agricultora E V", "Agricultora Rur", "Agricultora/ Au", "Agricultoraeloi", "Agricultoro", "Agricultu Diari", "Agricultuo", "Agricultura Em", "Agricultura Fam", "Agriculturo", "Agriculuro", "Agricutor", "Agricutoro", "Agrilcultoro", "Agrioculturo", "Agronomo", "Agropecuar", "Agropecuario", "Agropecuaristo", "Aguicultor", "Aipim", "Aiux De Limpezo", "Aixiliar De Pro", "Aj Acogueiro", "Aj Agropecuari", "Aj De Confeccao", "Aj De Guinchame", "Aj De Marce", "Aj De Motorist", "Aj De Motoristo", "Aj Geral", "Aj Industrial", "Aj Motoristo", "Aj Pedreiro", "Aj Producao", "Aju De Cozinho", "Aju Industrial", "Ajud  Cozinho", "Ajud Cozinho", "Ajud De Armazem", "Ajud De Infrae", "Ajud De Mot", "Ajud E Mot", "Ajud Florestal", "Ajud Geral", "Ajud Motoristo", "Ajud Producao", "Ajud Producao 3", "AjudSer Gerais", "Ajuda Motoristo", "Ajudande De Mot", "Ajudant De Obro", "Ajudante", "Ajudante Caminh", "Ajudante Coz", "Ajudante Cozinh", "Ajudante De Arm", "Ajudante De Cam", "Ajudante De Car", "Ajudante De Coz", "Ajudante De Enf", "Ajudante De Ent", "Ajudante De Lim", "Ajudante De Man", "Ajudante De Maq", "Ajudante De Mot", "Ajudante De Ped", "Ajudante De Pro", "Ajudante De Ser", "Ajudante Flores", "Ajudante Geral", "Ajudante Motori", "Ajudante Pedrei", "Ajudante Placo", "Ajudante Produc", "Ajudante Producao", "Ajudante Ser Ge", "Ajudo", "Ajustador 4", "Al Imoveis + A", "Alfaiate", "Alfaiatye", "Ali De Produco", "Alim De Produco", "Alimentacao", "Alimentador", "Alimentador De", "Alimentadora De", "Alimentadoro", "Alimenticio", "Almocharifado", "Almocharife", "Almocherifado", "Almoxarifado", "Almoxarife", "Almoxerifado", "Almoxerife", "Almoxerifo", "Alpinista Predi", "Aluga Casas", "Aluga Caso", "Alugueis", "Aluguel", "Aluguel Caso", "Aluguel De Caso", "Aluguel De Imov", "Aluguel Imoveis", "Alx Gerais Limp", "Ambulante", "Aministrativo", "Amocherifado", "Amoxerifado", "Amparo", "Amparo+Autonomo", "An De Marketin", "An Dep Pessoal", "Anal De Credito", "Anal De Sistem", "Anal Judiciari", "Anal Licitacoes", "Anal Producao", "Anal Superior 1", "AnalComercio", "Anala Projetos", "Analise De Sist", "Analist Contabi", "Analist Finance", "Analist Froto", "Analist Qualido", "Analist Sistemo", "Analista 2", "Analista Adm", "Analista Admini", "Analista Ambien", "Analista Autono", "Analista Com", "Analista Comerc", "Analista Compro", "Analista Contab", "Analista Conto", "Analista D Jun", "Analista De Adm", "Analista De Aqu", "Analista De Arm", "Analista De Cob", "Analista De Com", "Analista De Con", "Analista De Cre", "Analista De Dad", "Analista De Dep", "Analista De Est", "Analista De Fat", "Analista De Geral", "Analista De Imp", "Analista De Lab", "Analista De Log", "Analista De Neg", "Analista De Ope", "Analista De Pcd", "Analista De Pcp", "Analista De Pro", "Analista De Rh", "Analista De Ris", "Analista De Seg", "Analista De Sis", "Analista De Sup", "Analista De Vendas", "Analista Design", "Analista Dp", "Analista E Cobr", "Analista Export", "Analista Financ", "Analista Fiscal", "Analista G Q", "Analista Logist", "Analista M Soci", "Analista Mark", "Analista Operac", "Analista P", "Analista Pleno", "Analista Projet", "Analista Qualid", "Analista Recebi", "Analista Recurs", "Analista Rh", "Analista Senior", "Analista Sistem", "Analista Solftw", "Analista Tec", "Analista Tecnic", "Analista Ti", "Analista Transp", "Analista Tribut", "Analista Vpr", "Analisto", "Analsta Qualido", "Anaslista De Rh", "Anaslista Fisco", "Anaslista Rh", "Anaslisto", "Anestesisto", "Anl De Comunico", "Anlista Dep Pes", "Aosentado", "Ap", "Ap De Grampeade", "Ap De Producao", "Aplicadoro", "Apo", "Apoentado", "Apoesentada/Pen", "Apoio", "Apoio Desosso", "Apoio Escolar", "Apoio Operacion", "Apoio Pedagogic", "Apokan", "Apon- De Produc", "Aponsentado", "Apont De Producao", "Apontador", "Apoosentado", "Apos + Pensioni", "Apos /Agricult", "Apos /Agricultu", "Apos /Pens", "Apos /Pensio", "Apos /Serrador", "Apos /Vendedoro", "Apos E Pens", "Apos E Pensao", "Apos E Prop", "Apos Rural", "Apos+ Oper Maqu", "Apos+Viuves", "Apos/Auxiliar Acab", "Apos/Pens", "Apos/Pensao", "Apos/Servicos Gerai", "Aposaentado", "Aposantado", "Apose", "Apose+Cuidadoro", "Apose+Diarsito", "Apose/Diaristo", "Aposebtado", "Aposen", "Aposen E Alugue", "Aposen E Pensio", "Aposen+ Prof", "Aposenatado", "Aposenatdo", "Aposendurio", "Aposenntado", "Aposent", "Aposent E Costu", "Aposent E Pensi", "Aposent+ Pens", "Aposent-Pension", "Aposenta/Vended", "Aposentad", "Aposentad0", "Aposentada  Emp", "Aposentada Ae", "Aposentada Agri", "Aposentada E Di", "Aposentada E Fo", "Aposentada E Pe", "Aposentada Inss", "Aposentada Penc", "Aposentada/Dome", "Aposentada/Lojo", "Aposentada/Pens", "Aposentadac", "Aposentadacarlo", "Aposentadao", "Aposentadi", "Aposentado", "Aposentado - 42", "Aposentado Invo", "Aposentado/Carp", "Aposentado/Lavo", "Aposentado/Moto", "Aposentadob", "Aposentadoin", "Aposentadoo", "Aposentadorio", "Aposentadorua D", "Aposentadp", "Aposentadpo", "Aposentadurio", "Aposentando", "Aposentario", "Aposentasdo", "Aposentdo", "Aposentrado", "Aposenyado", "Aposetado", "Aposetando", "Aposnetado", "Aposntado", "Apossentado", "Apsentado", "Apsoentado", "Ap\u00b4", "Area Da Limpezo", "Area Da Saude", "Area Rual", "Argamasso", "Armador", "Armador De Estr", "Armador De Ferr", "Armador Ferrage", "Armazenagem", "Armazenisto", "Arquiteto", "Arquivisto", "Arr Mandioco", "Arranca Mandioc", "Arrendamento", "Arrendatario", "Arrumadeiro", "Arrumador", "Arte Finalisto", "Artefatos", "Artefinalisto", "Artesa/ SerGeral", "Artesan", "Artesanato", "Artesanato Croc", "Artesanatos", "Artesao", "Arteso", "Artezanato", "Artezo", "As Administrat", "As Faturamento", "As Parlamentar", "AsFaturam Adm", "Asb", "Asfalteiro", "Asg", "Asist Adm", "Asistente Adm", "Asistente Admt", "Asistente Finan", "Asministrativo", "Ass", "AssComDevendo", "AssFinanceiro", "Assalariado", "Assalisto", "Assalriado", "Assesor", "Assesora Parlam", "Assesoro", "Assessor", "Assessor Adm", "Assessor De Ati", "Assessor Palame", "Assessora Admin", "Assessora Jurid", "Assessora Parti", "Assessora Pedag", "Assessora Vereo", "Assessoria Juri", "Assessoro", "Assis Adm", "Assis Administ", "Assis Admistro", "Assis Admnistro", "Assis Cobranco", "Assis Comercial", "Assis Comunitar", "Assis De Meio A", "Assis De Producao", "Assis Dp Pessoo", "Assis Finance", "Assis Financeir", "Assis Fotografo", "Assis Froto", "Assis Qual", "Assis Qualidade", "Assis Rh", "Assis Social", "AssisComercial", "Assist Adm", "Assist Administ", "Assist Adminit", "Assist Comerc", "Assist Comerci", "Assist Compras", "Assist De Compr", "Assist De Esti", "Assist De Estoq", "Assist De Manuf", "Assist De Manut", "Assist De Pintu", "Assist De Proj", "Assist Depart", "Assist Desenvol", "Assist Estilo", "Assist Financ", "Assist Financei", "Assist Logistic", "Assist Peniten", "Assist Social", "Assiste De Proc", "Assiste Social", "Assisten Social", "AssistenSocial", "Assistencio", "Assistent Adm", "Assistente", "Assistente  Fis", "Assistente  Producao", "Assistente Adim", "Assistente Adm", "Assistente Admi", "Assistente Admin", "Assistente Administrat", "Assistente Administro", "Assistente Admn", "Assistente Aud Contas", "Assistente Come", "Assistente Comercial", "Assistente Comunicaco", "Assistente Cont", "Assistente Cont/ Fisco", "Assistente Controle Qu", "Assistente Cultural Ii", "Assistente D Rh", "Assistente De Cobranco", "Assistente De Ecommerc", "Assistente De G", "Assistente De L", "Assistente De N", "Assistente De O", "Assistente De Q", "Assistente De R", "Assistente De S", "Assistente De Sala De", "Assistente De V", "Assistente De Vendas", "Assistente Ecom", "Assistente Eng", "Assistente Fatu", "Assistente Finan", "Assistente Financeiro", "Assistente Fino", "Assistente Fiscal", "Assistente Hosp", "Assistente Iii", "Assistente Juri", "Assistente Juridico", "Assistente Labo", "Assistente Leg", "Assistente Limpezo", "Assistente Logistico", "Assistente Lojo", "Assistente Marketing", "Assistente Operacao", "Assistente Operaciono", "Assistente Pedo", "Assistente Petr", "Assistente Planejamen", "Assistente Producao", "Assistente Qualidade", "Assistente Recu", "Assistente Relo", "Assistente Rh", "Assistente S/ C", "Assistente Soci", "Assistente Social", "Assistente Tec", "Assistente TecAdm", "Assistente Tecn", "Assistente Vendas", "Assistentecrm", "Assistnte Come", "Assit Adm", "Assit Social", "Assitencia Pess", "Assitente", "Assitente Adm", "Assitente Admi", "Assitente Admin", "Assitente De Co", "Assitente De Pl", "Assitente De Ve", "Assitente Educo", "Assitente Finan", "Assitente Logis", "Assitente Socio", "Assoria Juridic", "Asssistente De", "Astrologa E Car", "Asulejisto", "At Agriculturo", "At Balcao", "At De Lanchonet", "At De Padario", "At Farmacio", "At Restaurante", "Atedente", "Atelie", "Aten Educativo", "Aten Professoro", "Atend", "Atend De Farmac", "Atend De Serv", "Atend Sinistro", "Atenden Consult", "Atendende", "Atendendente", "Atendendte", "Atendent Lojo", "Atendente", "Atendente 190", "Atendente Aluno", "Atendente Balco", "Atendente Cobro", "Atendente Com", "Atendente Comer", "Atendente De", "Atendente De As", "Atendente De Ch", "Atendente De Co", "Atendente De Cr", "Atendente De Fo", "Atendente De Id", "Atendente De Lo", "Atendente Deliv", "Atendente Educo", "Atendente Exper", "Atendente Farm", "Atendente Farmo", "Atendente Geral", "Atendente Lojo", "Atendente Medic", "Atendente Nutri", "Atendente Telem", "Atendente/Propr", "Atendentedivo", "Atendimento", "Atente Portario", "Atentente", "Atleta - Canoag", "Atleto", "Atonomo", "Ator", "Atriz", "Atriz E Modelo", "Atv Da Agricult", "Au", "Au Cozinho", "Au Dentisto", "Au Producao", "Au Servicos Geral", "Aucr De Limpezo", "Aucx Producao", "Aud Adm", "Auditor Fiscal", "Auditora Intern", "Auditoria De Co", "Auditorio", "Auditoro", "Auliliar", "Aumocherifado", "Aumoxarifado", "Aunx De Cobranc", "Aut Salg", "Autnomo", "Auto", "Auto Nomo", "Auto Pecas", "Automo", "Automomo", "Automono", "Autonamo", "Autonmo", "Autonoma Tambem", "Autonoma/Cabele", "Autonoma0", "Autonomalindi", "Autonomo", "Autonomp", "Autonono", "Aux", "Aux, De Eventos", "Aux,De Servicos", "Aux,Producao", "Aux/Limpezo", "AuxAdm", "AuxAdministrat", "AuxCozinho", "AuxDe Escritor", "AuxDe Producao", "AuxEnfermagem", "AuxEscritorio", "AuxFinanceiro", "AuxIdoso/ Prof", "AuxLaboratorio", "AuxLimpezo", "AuxOpr Logisti", "AuxProducao", "AuxSerGerais", "AuxServicos Gerais", "Auxde Producao", "Auxde Servicos Gero", "Auxi", "Auxi De Enferm", "Auxi De Limpezo", "Auxi Financeiro", "Auxi Limpezo", "Auxi Pedreiro", "Auxi Producao", "AuxiDe Dentist", "AuxiFinanceiro", "AuxiVendas", "Auxialiar De Po", "Auxiiar De Gero", "Auxiiar De Producao", "Auxil Cozinho", "Auxilair De Exp", "Auxilar", "Auxilar Cartori", "Auxilar De Empo", "Auxilar De Escr", "Auxilar De Producao", "Auxilar Geral", "Auxili Flores", "Auxili Gerais", "Auxilia De Conz", "Auxilia De Producao", "Auxiliae Admini", "Auxiliae De Pro", "Auxiliar", "Auxiliar  Acidente", "Auxiliar  Admin", "Auxiliar  Costuro", "Auxiliar  Cozinho", "Auxiliar  De Envase", "Auxiliar  De Li", "Auxiliar  De Se", "Auxiliar  De Servico", "Auxiliar  Geral", "Auxiliar  Limpezo", "Auxiliar  Padario", "Auxiliar  Producao", "Auxiliar /Estagiario", "Auxiliar Abastecimen", "Auxiliar Abate", "Auxiliar Acabamento", "Auxiliar Acid", "Auxiliar Acogue", "Auxiliar Acougueiro", "Auxiliar Ad", "Auxiliar Adim", "Auxiliar Adimin", "Auxiliar Adiministr", "Auxiliar Adiministro", "Auxiliar Adm", "Auxiliar Admi", "Auxiliar Admin", "Auxiliar Admini", "Auxiliar Adminis", "Auxiliar Administ", "Auxiliar Administrat", "Auxiliar Administrati", "Auxiliar Administro", "Auxiliar Administrti", "Auxiliar Adminitrati", "Auxiliar Adminitstro", "Auxiliar Adminstrati", "Auxiliar Admint", "Auxiliar Adminv", "Auxiliar Admisn", "Auxiliar Admisnistro", "Auxiliar Admist", "Auxiliar Admistrativ", "Auxiliar Admnis", "Auxiliar Aeroporto", "Auxiliar Agricolo", "Auxiliar Almox", "Auxiliar Almoxarif", "Auxiliar Almoxarifad", "Auxiliar Almoxarife", "Auxiliar Almoxerifo", "Auxiliar Amd", "Auxiliar Autopsio", "Auxiliar Avicolo", "Auxiliar Barmam", "Auxiliar Biblioteco", "Auxiliar Brasil", "Auxiliar Cabele", "Auxiliar Campo De Cr", "Auxiliar Carga E Des", "Auxiliar Cargas", "Auxiliar Cargo", "Auxiliar Cartorio", "Auxiliar Classe", "Auxiliar Cobranco", "Auxiliar Comer", "Auxiliar Comerc", "Auxiliar Comercio", "Auxiliar Confei", "Auxiliar Confeitario", "Auxiliar Confeiteiro", "Auxiliar Contab", "Auxiliar Contabeis", "Auxiliar Contabil", "Auxiliar Contabilid", "Auxiliar Contabilido", "Auxiliar Contadoro", "Auxiliar Cordenacao", "Auxiliar Corte", "Auxiliar Costuro", "Auxiliar Coz", "Auxiliar Cozinh", "Auxiliar Cozinheiro", "Auxiliar Cozinho", "Auxiliar Cpd", "Auxiliar Creche", "Auxiliar Crecre", "Auxiliar Creden", "Auxiliar D Processos", "Auxiliar D Producao", "Auxiliar D Servi Geral", "Auxiliar De", "Auxiliar De  Es", "Auxiliar De Acougue", "Auxiliar De Acouguei", "Auxiliar De Adm", "Auxiliar De Ali", "Auxiliar De Aliment", "Auxiliar De Almox", "Auxiliar De Arm", "Auxiliar De Armazenag", "Auxiliar De Atend", "Auxiliar De C", "Auxiliar De Cabeleir", "Auxiliar De Cabelere", "Auxiliar De Cadastro", "Auxiliar De Caixo", "Auxiliar De Car", "Auxiliar De Cargo", "Auxiliar De Cartorio", "Auxiliar De Cd", "Auxiliar De Classe", "Auxiliar De Clo", "Auxiliar De Compras", "Auxiliar De Con", "Auxiliar De Confe", "Auxiliar De Confeit", "Auxiliar De Confeite", "Auxiliar De Confeito", "Auxiliar De Contabi", "Auxiliar De Cop", "Auxiliar De Corte", "Auxiliar De Cos", "Auxiliar De Cosinho", "Auxiliar De Costurei", "Auxiliar De Costuro", "Auxiliar De Coz", "Auxiliar De Cozi", "Auxiliar De Cozinho", "Auxiliar De Cre", "Auxiliar De Creche", "Auxiliar De Cuidador", "Auxiliar De De", "Auxiliar De Dentisto", "Auxiliar De Dep", "Auxiliar De Des", "Auxiliar De Edu Info", "Auxiliar De Educaco", "Auxiliar De Eletreci", "Auxiliar De Enf", "Auxiliar De Enfermag", "Auxiliar De Enfermo", "Auxiliar De Ensaque", "Auxiliar De Ensino", "Auxiliar De Ent", "Auxiliar De Entrego", "Auxiliar De Esc", "Auxiliar De Escolo", "Auxiliar De Escr", "Auxiliar De Escrit", "Auxiliar De Escrito", "Auxiliar De Escritor", "Auxiliar De Escritori", "Auxiliar De Est", "Auxiliar De Estoque", "Auxiliar De Exp", "Auxiliar De Exped", "Auxiliar De Expedico", "Auxiliar De Exportac", "Auxiliar De Fab", "Auxiliar De Far", "Auxiliar De Farmacio", "Auxiliar De Finger", "Auxiliar De Folh Pag", "Auxiliar De Gab", "Auxiliar De Gerente", "Auxiliar De Hig", "Auxiliar De Higieniz", "Auxiliar De Informat", "Auxiliar De Inspecao", "Auxiliar De Inspeco", "Auxiliar De Jardinag", "Auxiliar De Juiz", "Auxiliar De Lab", "Auxiliar De Laborat", "Auxiliar De Laborato", "Auxiliar De Lavanderi", "Auxiliar De Lim", "Auxiliar De Limp", "Auxiliar De Limpezo", "Auxiliar De Log", "Auxiliar De Logistic", "Auxiliar De Loj", "Auxiliar De Lojo", "Auxiliar De Man", "Auxiliar De Manutenc", "Auxiliar De Maq", "Auxiliar De Maquinas", "Auxiliar De Mar", "Auxiliar De Mec", "Auxiliar De Mecanico", "Auxiliar De Meio Amb", "Auxiliar De Mkt", "Auxiliar De Mon", "Auxiliar De Montagem", "Auxiliar De Mot", "Auxiliar De Odontolo", "Auxiliar De Ope", "Auxiliar De Operaco", "Auxiliar De P", "Auxiliar De Pad", "Auxiliar De Padario", "Auxiliar De Pes", "Auxiliar De Pessoo", "Auxiliar De Pintor", "Auxiliar De Pizzaiol", "Auxiliar De Prc", "Auxiliar De Prep De", "Auxiliar De Prepa De", "Auxiliar De Pro", "Auxiliar De Prod 2", "Auxiliar De Prod De", "Auxiliar De Produ", "Auxiliar De Produc", "Auxiliar De Producai", "Auxiliar De Producao", "Auxiliar De Produco", "Auxiliar De Professo", "Auxiliar De Pruducao", "Auxiliar De Qualido", "Auxiliar De Rampo", "Auxiliar De Recebim", "Auxiliar De Recepcao", "Auxiliar De Red", "Auxiliar De Ref", "Auxiliar De Rh", "Auxiliar De S", "Auxiliar De Sal", "Auxiliar De Salgadei", "Auxiliar De Salo", "Auxiliar De Sau Buc", "Auxiliar De Saude", "Auxiliar De Saude Bu", "Auxiliar De Sei", "Auxiliar De Ser", "Auxiliar De Ser G", "Auxiliar De Ser Gero", "Auxiliar De Serv", "Auxiliar De Servicao", "Auxiliar De Servico", "Auxiliar De Servicoge", "Auxiliar De Servicos", "Auxiliar De Servicos Geral", "Auxiliar De Sev", "Auxiliar De Sv", "Auxiliar De Tecelao", "Auxiliar De Telecomu", "Auxiliar De Ti", "Auxiliar De Topograf", "Auxiliar De Tro", "Auxiliar De Vendas", "Auxiliar De Veterino", "Auxiliar Decoracao", "Auxiliar Dentis", "Auxiliar Dentisto", "Auxiliar Depart", "Auxiliar Departament", "Auxiliar Departamment", "Auxiliar Deposito", "Auxiliar Dequalidade", "Auxiliar Desevo", "Auxiliar Doenco", "Auxiliar Dxe Servic", "Auxiliar E Fiscal", "Auxiliar Ect Fiscal", "Auxiliar Educ Inf", "Auxiliar Educacio", "Auxiliar Educacional", "Auxiliar Eletricisto", "Auxiliar Eletronico", "Auxiliar Encaixotame", "Auxiliar Enf", "Auxiliar Enferm", "Auxiliar Enfermagem", "Auxiliar Engarregado", "Auxiliar Escolar", "Auxiliar Escrit", "Auxiliar Escritorio", "Auxiliar Escriturar", "Auxiliar Escrtiorio", "Auxiliar Espedicao", "Auxiliar Expedi", "Auxiliar Expedicao", "Auxiliar Expedicoo", "Auxiliar Expencao", "Auxiliar Farmac", "Auxiliar Farmacio", "Auxiliar Faturamento", "Auxiliar Faturo", "Auxiliar Financ", "Auxiliar Financeiro", "Auxiliar Fiscal", "Auxiliar Flores", "Auxiliar Florestal", "Auxiliar Gerais", "Auxiliar Geral", "Auxiliar Governanci", "Auxiliar Higenizacao", "Auxiliar Higienizaco", "Auxiliar Hotelario", "Auxiliar Hotelo", "Auxiliar Implantacao", "Auxiliar Implatacao", "Auxiliar Incubatori", "Auxiliar Ind", "Auxiliar Insp Fede", "Auxiliar Inspe Feder", "Auxiliar Instal", "Auxiliar Judici", "Auxiliar Juridi", "Auxiliar Juridico", "Auxiliar Laboratori", "Auxiliar Laboratorio", "Auxiliar Laboro", "Auxiliar Lar", "Auxiliar Latoeiro", "Auxiliar Lavanderio", "Auxiliar Limp", "Auxiliar Limpez", "Auxiliar Limpezo", "Auxiliar Locacao", "Auxiliar Logist", "Auxiliar Logistico", "Auxiliar Logitico", "Auxiliar Lojo", "Auxiliar Lustracao", "Auxiliar M De Obro", "Auxiliar Magisterio", "Auxiliar Manut", "Auxiliar Manute", "Auxiliar Manutencao", "Auxiliar Marketing", "Auxiliar Mecani", "Auxiliar Mecanico", "Auxiliar Mecanico Industr", "Auxiliar Merendeiro", "Auxiliar Monitoramen", "Auxiliar Montag", "Auxiliar Montagem", "Auxiliar Motoristo", "Auxiliar Multifuncio", "Auxiliar Odonto", "Auxiliar Odontologic", "Auxiliar Operac", "Auxiliar Operacional", "Auxiliar Operaciono", "Auxiliar Operacoes", "Auxiliar Operacoes A", "Auxiliar Opercional", "Auxiliar Padari", "Auxiliar Padario", "Auxiliar Panificado", "Auxiliar Pcp", "Auxiliar Pedrei", "Auxiliar Pedreiro", "Auxiliar Pesquiso", "Auxiliar Podologia E", "Auxiliar Ponte", "Auxiliar Prdo", "Auxiliar Prducao", "Auxiliar Prifucao", "Auxiliar Pro", "Auxiliar Pro Avi", "Auxiliar Proces", "Auxiliar Prod Avic", "Auxiliar Prod Ii", "Auxiliar Produ", "Auxiliar Produ Avico", "Auxiliar Produc", "Auxiliar Producao", "Auxiliar Producao I", "Auxiliar Producao/Ag", "Auxiliar Professoro", "Auxiliar Promotorio", "Auxiliar Psqu", "Auxiliar Qualido", "Auxiliar Quimico", "Auxiliar Recapagem", "Auxiliar Refeitorio", "Auxiliar Rh", "Auxiliar S Gerais", "Auxiliar Salao De Be", "Auxiliar Salo", "Auxiliar Saude", "Auxiliar Saude Bucal", "Auxiliar Ser Escolar", "Auxiliar Ser Ge", "Auxiliar Ser Gerais", "Auxiliar Ser Geral", "Auxiliar Serivcos Geral", "Auxiliar Serv", "Auxiliar Servic", "Auxiliar Servic Gero", "Auxiliar Servico", "Auxiliar Servicos", "Auxiliar Servicos Bas", "Auxiliar Servicos G", "Auxiliar Servicos Ge", "Auxiliar Servicos Gerai", "Auxiliar Servicos Gerais", "Auxiliar Servicos Geral", "Auxiliar Servicos Gero", "Auxiliar Servio", "Auxiliar Sev Ge", "Auxiliar Supervisao", "Auxiliar Sv Geral", "Auxiliar Tabelionat", "Auxiliar Tec", "Auxiliar Tecnico", "Auxiliar Tecnico Ad", "Auxiliar Tecnico Enfermo", "Auxiliar Vendas", "Auxiliar Veterinario", "Auxiliarde Producao", "Auxiliardecorte", "Auxilio", "Auxilio Benefic", "Auxilio Doenco", "Auxilioar Conto", "Auxilir Produco", "Auxli De Limpez", "Auxliar", "Auxliar Adm", "Auxliar Admnist", "Auxliar De Cozi", "Auxliar Expedic", "Auxliliar", "Auxuliar", "Av De Midio", "Avaliador", "Avaliador De Qu", "Avaliadoro", "Aviario", "Avicolo", "Avicultor", "Aviocutor", "Ax", "AxClimatisacao", "Axi De Gerencio", "Axi De Servicos Geral", "Axicilar Odonto", "Axiliar Veterin", "Axl Enfermagem", "Axl Selecao", "Axu", "Axu De Coz Ii", "Axu Producao", "Axuliar De Limp", "Azulegisto", "Azuleijisto", "Azulejisto", "Baba + Benef", "Baba - Domestic", "Baba Diaristo", "Baba E Cabelere", "Baba E Cuidador", "Baba E Diaristo", "Baba E Domestic", "Baba E Vendedor", "Baba+Diaristo", "Baba/ Diaristo", "Baba/Cuidadoro", "Baba/Diaristo", "Baba/Governanto", "Babo", "Baby Center", "Backoffice Seni", "Balanceiro", "Balanco", "Balcaonisto", "Balconista Acou", "Balconisto", "Balseiro", "Banca De Camelo", "Banca De Doces", "Banca De Peixe", "Bancario", "Banco", "Bandeira De Sin", "Banheiristo", "Banhisto", "Banho E Toso", "Bar", "Barbeiro", "Baristo", "Barman", "Barqueiro", "Bartender", "Batedor", "Belezo", "Beneficiado", "Beneficiaria In", "Beneficiario", "Beneficio", "Beneficio Inss", "Bercaristo", "Bi", "Bibliotecario", "Bike Boy", "Bioesteto", "Biologo", "Biomedico", "Bioquimico", "Bloquisto", "Bobinador", "Boddy Piercing", "Body Percing", "Body Piercer", "Body Piercing", "Boia Frio", "Boiadeiro", "Boleiro", "Bolo", "Bolos E Salgado", "Bolos E Sorvete", "Bolsista Doutor", "Bombeira Civil", "Bombeiro", "Bombeiro Cibil", "Bombeiro Civil", "Bombeiro Lider", "Bombeiro Milito", "Borda Toalho", "Bordadeiro", "Borrachario", "Borracheiro", "Boticario", "Bpc", "Bpc Loas", "Bpc+  Babo", "Bracal", "Brf", "Brigadisto", "Bronzeadoro", "C De Palho", "Cabamentisto", "Cabe E Manicure", "Cabelareiro", "Cabeleileiro", "Cabeleira Implo", "Cabeleireira/Mo", "Cabeleireirio", "Cabeleireiro", "Cabeleireiros", "Cabeleirero", "Cabeleiro", "Cabeleit", "Cabeleleira/Pro", "Cabeleleiro", "Cabelelleiro", "Cabelereiro", "Cabelo E Unho", "Cabereiro", "Cabo", "Cabo Doexercito", "Cabo Engajado", "Cachorro Quente", "Cachorros", "Cadastrador", "Caixa + Autonom", "Caixa Banco", "Caixa Comercial", "Caixa Operadoro", "Caixa Tesourari", "Caixa/Bolsa Fam", "Caixario", "Caixo", "Calcamento", "Calcenter", "Calceteiro", "Calcetero", "Calculisto", "Caldeireiro", "Caldeiristo", "Caldereiro", "Calderisto", "Caleristo", "Calhas", "Calheiro", "Call Center", "Camareiraluzio", "Camareiro", "Caminhao", "Caminheiro", "Caminhoeiro", "Caminhoneiro", "Camioneiro", "Campeiro", "Canatopraxisto", "Canaviais", "Cantino", "Cantor", "Cantoro", "Capinteiro", "Capitadoro", "Capito", "Captadoro", "Carga Descargo", "Carga E Descarg", "Cargo Comission", "Cargo Tecnico", "Cargueiro", "Carimbo", "Carpi Mandioco", "Carpintario", "Carpinteiro", "Carpiteiro", "Carpointeiro", "Carregadeiro", "Carregador", "Carregador Merc", "Carregadoro", "Carregamento", "Carreteiro", "Carroceiro", "Cartorio", "Carvao", "Carvao Lavouro", "Carvoeiro", "Casa Alugado", "Casa Aluguel", "Casa De Aluguel", "Casa De Familio", "Casa De Festas", "Casa De Paisage", "Casan", "Casas Aluguel", "Casas D Aluguel", "Casas De Alugue", "Caseira Chcarro", "Caseiro", "Caseiro/Granjei", "Caso", "Catador", "Catador De Fran", "Cavalaristo", "Caxario", "Cbeleireiro", "Ccolhedor", "Ceasa/Lavadeiro", "Ceaso", "Ceo", "Ceramisto", "Cerculeiro", "Cerralheiro", "Chacareiro", "Chacreiro", "Chacrero", "Chapeador", "Chapeiro", "Chaveiro", "Chef Cozinho", "Chef De Cozinho", "Chef De Setor", "Chef Dp Pessoal", "Chefe", "Chefe Beneficio", "Chefe Cabinete", "Chefe Cozinho", "Chefe D Adolesc", "Chefe De Acougu", "Chefe De Adm", "Chefe De Almoxo", "Chefe De Assist", "Chefe De Bar", "Chefe De Cabine", "Chefe De Cozinh", "Chefe De Diviso", "Chefe De Dp", "Chefe De Escrit", "Chefe De Gabine", "Chefe De Gabinn", "Chefe De Mecani", "Chefe De Obro", "Chefe De Ouvido", "Chefe De Pisto", "Chefe De Seg", "Chefe De Seguro", "Chefe De Setor", "Chefe De Ti", "Chefe De Vendas", "Chefe Dedivisao", "Chefe Equipe", "Chefe Gabnete", "Chefe Setor", "Churrasqueiro", "Cif", "Cinegrafisto", "Cirurgia Dentis", "Civil", "Classificacao", "Classificador", "Classificadoro", "Classisifcadoro", "Clt", "Cmeeis", "Cmestre Obro", "Cnpj", "Co", "Coatureiro", "Cobrador", "Cobradoro", "Cobranco", "Codernadoro", "Coetureiro", "Coldeiro", "Coleta De Lixo", "Coleta De Reclg", "Coleto", "Coletor", "Coletor De Lixo", "Coletor De Oleo", "Coletor De Resi", "Coletoro", "Colhe", "Colhedor Laranj", "Colhedor Mandio", "Colhedor Pesseg", "Colhedora De Ov", "Colhedoro", "Colheita De Uvo", "Colheita Man", "Colheito", "Colhendo", "Colheta E Plant", "Coloca Gesso", "Coloca Rotulo", "Coloristajunior", "Coloristo", "Columb", "Coluno", "Com De Roupas", "Com E Cost", "Combatente", "Comenciante", "Comercante", "Comercial", "Comercial Sps", "Comercial Vendo", "Comercianre", "Comerciante", "Comerciante Autonomo", "Comerciario", "Comercio", "Comercio Exteri", "Comerial", "Comissario", "Comissionado", "Compra E Vendo", "Comprador", "Compradorapleno", "Compradoro", "Compras", "Comunicacao Vis", "Con Acesso", "Conbstrutor", "Concerto", "Concierge", "Concursado", "Concurso Public", "Conducao Escolo", "Conf", "Conf + Prrop", "Conf De Bolos", "Conf De Camero", "Conf Deposito", "Conf Estoque", "Conf Mercadorio", "Conf/Cabeleire", "Confecao", "Confeccao", "Confeccao De Co", "Confeccionisto", "Confecoes", "Confeireiro", "Confeitario", "Confeiteiro", "Confeiterio", "Confeitero", "Confeitrio", "Conferente", "Conferente B", "Conferente Est", "Conferente Exp", "Conferente Jr", "Conferente Plen", "Confeteiro", "Cons Academio", "Cons Civil", "Cons Comercial", "Cons De Negoci", "Cons De Vendas", "Cons Educacion", "Cons Negocios", "Cons Vendas", "ConsComercial", "Conselheira Tut", "Conselheiro", "Conselho Juridi", "Const Civil", "Constr/Pedreiro", "Construcao", "Construcao Civi", "Construcao De B", "Construtor", "Construtor Civi", "Consul Cosmeti", "Consul De Atend", "Consul De Vendo", "Consul Vendas", "Consult De Vendas", "Consult Vendo", "Consultor", "Consultor Com", "Consultor De Tu", "Consultor De Ve", "Consultor Jurid", "Consultor Legis", "Consultor Tec", "Consultor Vendo", "Consultor/Vendo", "Consultora Come", "Consultora De C", "Consultora De S", "Consultora De V", "Consultora Exte", "Consultora Imag", "Consultora Inte", "Consultora Leg", "Consultora Pedo", "Consultora Rh", "Consultora Tecn", "Consultora Trab", "Consultora Vend", "Consultoria Fin", "Consultorio", "Consultoro", "Consursado", "Consutora De Ve", "Cont De Acesso", "ContQualidade", "Contabil", "Contabilidade", "Contabilisto", "Contador", "Contadoraq", "Contadoro", "Contr De Acess", "ContrQualidade", "Contra Mestre", "Contramestre", "Contrato", "Control Acesso", "Controlador", "Controlador Ace", "Controlador De", "Controladora Ac", "Controladoria L", "Controladorio", "Controladoro", "Controle De Pro", "Controle De Quo", "Controle Qualid", "Contrucao Civil", "Conzinheiro", "Cood De Jornali", "Cood, De Vendas", "Coodernadoro", "Coopeiro", "Cooper", "Cooperado", "Coopero", "Coord Adm", "Coord Biofabric", "Coord Carga E", "Coord Cirurgio", "Coord Comercio", "Coord Compras", "Coord De Maquin", "Coord De Rh", "Coord Operacion", "Coord Operacoes", "Coord Pedagogi", "Coord Pedagogic", "Coord Peg", "Coord Rh", "Coord Vendas", "CoordBem Estar", "Coordenacao", "Coordenador", "Coordenador Adm", "Coordenador Cr", "Coordenador De", "Coordenador Log", "Coordenador Obr", "Coordenadora Ad", "Coordenadora De", "Coordenadora Ed", "Coordenadora In", "Coordenadoro", "Coordenfermeiro", "Copeira Hospito", "Copeira Senior", "Copeiro", "Coperadoro", "Cor Pedagico", "Coraticum", "Cord Adm", "Cord Administro", "Cord Manobras", "Cord Pedagogic", "Cord Societario", "Cord Vendas", "Cordenador De C", "Cordenadora Adm", "Cordenadora De", "Cordenadora Rh", "Cordenadoro", "Coringo", "CorrImoveis", "Correotro", "Corresp Banc", "Corresp Bancari", "Correspondente", "Corret De Imov", "Corret De Segur", "Corretor", "Corretor De Imo", "Corretor De Seg", "Corretor De Vei", "Corretor Imovei", "Corretor Imovel", "Corretora De Im", "Corretora De Se", "Corretora Imov", "Corretora Imove", "Corretoraimovel", "Corretoro", "Corrretoro", "Corta Pinus", "Cortado De Vidr", "Cortador", "Cortador D Cano", "Cortador De Len", "Cortador De Mad", "Cortador Textil", "Cortadoro", "Corte", "Corte Cano", "Corte De Cano", "Corte De Madeir", "Corte De Pinus", "Corte Madeiro", "Cortes", "Cortes De Madei", "Cosmeticos", "Cosrureiro", "CostArtesanato", "Costumer", "Costumizadoro", "Costura/Croche", "Costuras", "Costureio", "Costureira  / C", "Costureira Iv", "Costureiro", "Costureiro Na C", "Costuro", "Cosultor Credit", "Cotrol Acesso", "Coveiro", "Coz/Diar", "Cozinheira Clt", "Cozinheira Gero", "Cozinheira Hosp", "Cozinheira Resp", "Cozinheira*Limp", "Cozinheiro", "Cozinhero", "Cozinhewiro", "Cozinhiro", "Cozinho", "Cpnsultoro", "Cracreiro", "Cranjo", "Cravadora Junio", "Creche Auxiliar", "Credialisto", "Criador Audio V", "Criadoro", "Criminal", "Croche", "Crocheteiro", "Cuid De Crianco", "Cuid De Idoso", "Cuid De Idosos", "Cuid Idosos", "Cuida Da Mae", "Cuida Dos Netos", "Cuida Dos Pais\u00b4", "Cuida Mae", "Cuida Netos", "Cuidad De Idos", "Cuidad Idosos", "Cuidaddoro", "Cuidado De Avio", "Cuidadona De Id", "Cuidador", "Cuidador Aux", "Cuidador De Ido", "Cuidador Idoso", "Cuidador Social", "Cuidadora Crian", "Cuidadora De Cr", "Cuidadora De Id", "Cuidadora De Io", "Cuidadora De Pe", "Cuidadora E Dom", "Cuidadora Escol", "Cuidadora Ido", "Cuidadora Idos", "Cuidadora Idoso", "Cuidadora Infan", "Cuidadora Parti", "Cuidadora Socio", "Cuidadora T Enf", "Cuidadoro", "Cuiidadoro", "Culinario", "Cult Cano", "Cursos", "Customizacao", "Custureiro", "Custureuro", "Cuzinheiro", "Cx", "Cxamarero", "Dairista E Babo", "Dancarino", "De Cano", "Decoracao", "Decoracao Festo", "Decoradora Fest", "Decoradoro", "Def Fisico", "Demestico", "Demostradora Me", "Dentisto", "Dep Pessoal", "Depart Seguranc", "Departa Pessoal", "Departamento P", "Depiladoro", "Deposito", "Dermoconsultoro", "Desainer", "Descasca Mandio", "Descascadeiro", "Descascadoro", "Desconhecido", "Desempenador", "Desenhista Indu", "Desenhisto", "Desenv De Sotf", "Desenvolvedor", "Desgner", "Desgner De Sob", "Desi De Interio", "Desig Grafico", "Design", "Design Cilios", "Design De Inter", "Design De Joias", "Design De Unhas", "Design Grafico", "Design Unho", "Design/Dono", "Designer", "Designer D Caso", "Designer De Int", "Designer De Joi", "Designer De Mk", "Designer De Unh", "Designer Ghrafi", "Designer Grafic", "Designer Interi", "Designer Joias", "Designer Sobran", "Designer Sobro", "Designer Unho", "Desing De Joias", "Desing De Unhas", "Desing Grafico", "Desinger Sobr", "Desingner E Est", "Desinsig De Art", "Desocador", "Desossador", "Desossador De C", "Desossadoro", "Desosso", "Desp De Tranpor", "Despachante", "Dessosador De C", "Dessossador De", "Dessossar", "Destopador", "Diairsto", "Diaria Agricult", "Diaria Roco", "Diarias", "Diarias Roco", "Diario", "Diaris", "Diarist/Planto", "Diarista / Cost", "Diarista /Vende", "Diarista 2Xsem", "Diarista Cuidad", "Diarista Domest", "Diarista E Conf", "Diarista E Vend", "Diarista Fixo", "Diarista Roco", "Diarista Rural", "Diarista/Arteso", "Diarista/Babo", "Diarista/Estagi", "Diarista/Vended", "Diarista2508202", "Diaristajose", "Diaristo", "Diarosto", "Diarsita Agricu", "Diarsito", "Diastrito", "Diatisto", "Dietor De Servi", "Digitador", "Digitadoro", "Digital Influen", "Direcao", "Direito", "Diretfinanceiro", "Diretor", "Diretor Adminis", "Diretor Da Cade", "Diretor De Imag", "Diretor De Ti", "Diretor Executi", "Diretor Finance", "Diretor Saude B", "Diretor Senior", "Diretor Tur", "Diretora Adm", "Diretora De Art", "Diretora De Esc", "Diretora Dono", "Diretora Financ", "Diretora Presid", "Diretora Region", "Diretorio", "Diretoro", "Diretoto", "Diristo", "Disign Sobrance", "Disigner", "Disristo", "Distiato", "Distr Bebidas", "Distribuicao", "Distribuidora B", "Distribuidoro", "Diversos", "Divisao Suade", "Divulgacao", "Divulgadoro", "Dj", "Dm", "Dministradoro", "Do Lar", "Do Lar/Diaristo", "Doariosto", "Doceira/Vendedo", "Doceiro", "Docente/Prof", "Docerio", "Doces", "Doces E Salgado", "Doemstico", "Doenco", "Domador", "Domenstico", "Domest + Pens", "Domestco", "Domesti", "Domestica E Bab", "Domestica/", "Domestica/Vende", "Domestico", "Domostico", "Dona Bar", "Dona Da Empreso", "Dona Da Lojo", "Dona Da Sojo", "Dona De Bar", "Dona De Bar E R", "Dona De Casas", "Dona De Caso", "Dona De Lojo", "Dona De Plantac", "Dona De Salao", "Dona De Salao D", "Dona Depilaroro", "Dona Do Lar", "Dona Do Salao", "Dona Empreso", "Dona Lojo", "Dona Restaurant", "Dona Salao", "Dona/ Salgadeir", "Dona/Vendedoro", "Dono", "Dono (Tecnico)", "Dono Academio", "Dono Da Empreso", "Dono De Bar", "Dono De Mecanic", "Dono Do Restaur", "Dono Pintor", "Dono Salaoblzo", "Dorcente", "Dosmetico", "Dp", "Dubladoro", "E Auto Diaristo", "E Pensionisto", "Economisto", "Ed Fisico", "Ed Infantil", "Ed Social", "Editor", "Editor De Video", "Eduacadora Soci", "Eduacadoro", "Educ Infantil", "Educacao", "Educador", "Educador Fisico", "Educador Infant", "Educador Social", "Educadora Fisic", "Educadora Infan", "Educadora Socio", "Educadoro", "Efermeiro", "Elaboracao De P", "Eletr Distribui", "Eletrcisto", "Eletrecista Ind", "Eletrecisto", "Eletricicisto", "Eletricista Ind", "Eletricista Mec", "Eletricista Pro", "Eletricisto", "Eletricitario", "Eletrico", "Eletro", "Eletromecanico", "Eletrotecnico", "Eltricisto", "Embaladeiro", "Embalador", "Embaladoro", "Embalagem", "Embalagens", "Emcarregada Adm", "Emcarregado", "Emfermagem", "Emfermeiro", "Emp Domestico", "Empacotador", "Empacotadoro", "Empegada Domest", "Empilhadeiro", "Empilhador", "Emppresario", "Empr De Produco", "Empr Domest", "Empr Domestico", "Empredoro", "Empreendedor", "Empreendedor133", "Empreendedoro", "Empreenteiro", "Empreg Domestic", "Emprega Domesti", "Empregada Dom", "Empregada Domes", "Empregado", "Empregado Domes", "Empregador", "Empreitas", "Empreiteiro", "Empreiterio", "Empreitero", "Empresa De Gess", "Empresaeio", "Empresaria Adm", "Empresaria Modo", "Empresaria/Prop", "Empresario", "Empresatio", "Empreso", "Empressario", "Emprresario", "Enbaladoro", "Enc De Obro", "Enc De Producao", "Enc Fiambrerio", "Enc Oficino", "Enc Zeladoro", "Enca Caixo", "Encanador", "Encanador E Ped", "Encanador Indus", "Encar Acogue", "Encar De Depart", "Encarreegad", "Encarreg De Ele", "Encarreg Eletr", "Encarreg Filial", "Encarrega De Lj", "Encarregad Producao", "Encarregada Lim", "Encarregada Pro", "Encarregada Rh", "Encarregado", "Encarregado Aco", "Encarregado Adm", "Encarregado Alm", "Encarregado De", "Encarregado Ext", "Encarregado Geral", "Encarregado Jr", "Encarregado Pro", "Encarregado Rh", "Encarregado Set", "Encarregado Tro", "Enchertisto", "Encostado", "Enefermeira Par", "Enermeiro", "Enf Qualidade", "Enfer Estetico", "Enfer Particul", "Enferemeiro", "Enfermagem", "Enfermeira Obst", "Enfermeira Part", "Enfermeira Tecn", "Enfermeiro", "Enfermeiro Part", "Enfermerio", "Enfermero", "Enfermiero", "Enfermmeiro", "Enferneiro", "Eng Agronomo", "Eng Ambiental", "Eng Civil", "Eng De Producao", "Eng De Produco", "Eng De Softwar", "Eng Quimico", "Engancheiraor", "Engen Civil", "Engenharia Civi", "Engenhario", "Engenheira Agri", "Engenheira Ambi", "Engenheira Civi", "Engenheira De P", "Engenheira Meco", "Engenheiro", "Engenheiro Civi", "Engenheiro De M", "Engenheiro De S", "Engenheiro Flor", "Engenheiro Gero", "Engenheiro Soft", "Ensacador", "Entrega Leite", "Entregador", "Entregadora Tec", "Entregadoro", "Entregas", "Epedicao", "Epresario", "Ervas", "Ervas Medicinal", "Erveiro", "Ervicido", "Escaldagem Aux", "Escolo", "Escolta Armado", "Escrev Autorizo", "Escrevente", "Escrevente Subs", "Escritorio", "Escritoro", "Escriturario", "Escrivao", "Escrivo", "Esducador Inter", "Esmaltador", "Esmalterio", "Esoterismo", "Esp De Qualido", "Esp De Qulidade", "Especao", "Especao Cif", "Especialista Co", "Especialista De", "Espedidoro", "Espertor", "Espertor De Quo", "Espetor De Qual", "Espetora De Quo", "Espetora Final", "Espetoro", "Esponjo", "Espositor", "Est Automotivo", "Estagiaria Dir", "Estagiaria Rh", "Estagiario", "Estagiario Rh", "Estagiaro", "Estagio", "Estalador", "Estampadoro", "Estatuo", "Estecisto", "Estencionisto", "Estensao De Cil", "Esterelizadoro", "Estetecisto", "Esteti, E Recep", "Esteticista Can", "Esteticistas", "Esteticisto", "Estetico", "Estetico Automo", "Estetisto", "Estilisto", "Estimuladora In", "Estivador", "Estivadores", "Estofador", "Estofador Sofo", "Estoque", "Estoquisto", "Estoquistto", "Estregador", "Estrum Cicurgic", "Estrutor", "Estrutora De Tr", "Estudante", "Estudio Tatuage", "Estufa Tomate", "Euxiliar Adm", "Eventos", "Eventos/Manicur", "Evoluir", "Ex Pm", "Excpert Em Inte", "Exec Comercial", "Exec De Vendas", "Execuitv Contas", "Executiva Conto", "Executiva De Ve", "Executivo", "Executivo Comer", "Executivo Vendo", "Exercito", "Exp E Imp", "Exp Qualidade", "Expedicao", "Expedidor", "Expedidor Iii", "Expedidoro", "Expessao", "Expetor", "Extencionisto", "Extr Madeiro", "Extrusor", "Extrutoro", "F", "Fabricante", "Fabricante / Ve", "Faccionisto", "Facilitador", "Fainira, Babo", "Faqueiro", "Farmaceltico", "Farmaceutico", "Farmacio", "Farmeceutico", "Fat Hospitalar", "Faturamento", "Faturista Hospi", "Faturisto", "Fax E Cuidador", "Faxieniro", "Faxineira/Manic", "Faxineiro", "Faxino", "Faz Bolo", "Faz Bolo E Doce", "Faz Ciilios", "Faz Doces", "Faz Drink", "Faz Eventos", "Faz Faxino", "Faz Obras Geral", "Faz Td", "Fazendeiro", "Fazendo", "Feirante", "Ferragem", "Ferramenteiro", "Ferrovio", "Figurante", "Figurinisto", "Filcal De", "Financas", "Financeiro", "Fis Sanitario", "Fisc Sanitario", "Fiscal", "Fiscal D E Caix", "Fiscal De Caixo", "Fiscal De Campo", "Fiscal De Lojo", "Fiscal De Obras", "Fiscal De Trasn", "Fiscal De Tribu", "Fiscal Municipo", "Fiscalizacao", "Fiscial Vig San", "Fisioterapelto", "Fisioterapeurto", "Fisioterapeutao", "Fisioterapeuto", "Fisioteraupeuto", "Fisoterapeuto", "Florestal", "Floriculturo", "Floristo", "Folgisto", "Fonaldiologo", "Fono", "Fonoaudiologo", "Formadoro", "Formuladoro", "Fornecedor", "Forneiro", "Fotografo", "Frabricacao De", "Franciele", "Freentisto", "Freiro", "Frentista/Caixo", "Frentisto", "Frete", "Freteiro", "Fritador", "Frmaceutico", "Frut", "Frutc", "Fruticulturo", "Fruticutor", "Fulmicultor", "Fulmicultoro", "Fumicultor", "Fumicultora,Vendas", "Fumicultoro", "Fumiculturo", "Fumilcultor", "Fumilcultoro", "Fumilculturo", "Fumilcutor", "Fumo E Sojo", "Fumo E Uvo", "Fumucultoro", "Fun Publ Aposen", "Func Publica E", "Func Publico", "Funcao", "Funcionaria Pub", "Funcionario", "Funcionario Pub", "Fundadoro", "Fundidor", "Fundidor De Met", "Funeleiro", "Funileiro", "Gabinete Parlme", "Gado/ Lavouro", "Gancheira/Cromo", "Garagisto", "Garantisto", "Garcao", "Garcom", "Garcom1", "Garcon", "Garconete", "Gari", "Garimpeiro", "Garson", "Garsonete", "Gastronomo", "Ge", "Ger  Comercial", "Ger Adm", "Ger Cobranco", "Ger Comercial", "Ger Financeiro", "Ger Rec Human", "Gerais", "Geral", "Geral Horisto", "Geren Projetos", "Gerencia /Lider", "Gerencio", "Gerent D Suport", "Gerent Manuten", "Gerente", "Gerente Ad", "Gerente Adm", "Gerente Adminis", "Gerente As", "Gerente Assis", "Gerente Buffet", "Gerente Camarei", "Gerente Com", "Gerente Comerc", "Gerente Comerci", "Gerente Cred", "Gerente De  Coz", "Gerente De Adm", "Gerente De Cado", "Gerente De Cont", "Gerente De Dp", "Gerente De Fatu", "Gerente De Hote", "Gerente De Logi", "Gerente De Lojo", "Gerente De Nego", "Gerente De Ofic", "Gerente De Post", "Gerente De Proc", "Gerente De Producao", "Gerente De Rh", "Gerente De Ti", "Gerente De Vend", "Gerente De Vendas", "Gerente Do Inss", "Gerente Farmaci", "Gerente Financ", "Gerente Finance", "Gerente Geral", "Gerente Industr", "Gerente Loteric", "Gerente Marketi", "Gerente Naciono", "Gerente Op", "Gerente Operac", "Gerente Ort", "Gerente Producao", "Gerente Produco", "Gerente Regiono", "Gerente Relacio", "Gerente Rh", "Gerente Riscos", "Gerente Senior", "Gerente Tec", "Gerente Traine", "Gerente Vendas", "Gerente/ Bancar", "Gerente/ Dono", "Gerente/Propiet", "Gerente/Proprie", "Geret Comercial", "Gernte", "Gesseiro", "Gesso", "Gest Qualidade", "Gestor", "Gestor Adm", "Gestor Admnistr", "Gestor Ambiento", "Gestor De Mkt", "Gestor Geral", "Gestor Hospital", "Gestor Midio", "Gestor Rh", "Gestora Adm", "Gestora De Lojo", "Gestora De Nego", "Gestora De Rede", "Gestora De Rh", "Gestora De Traf", "Gestora Finance", "Gestora Rh", "Gestorcomercial", "Gestoro", "Goomer", "Governanto", "Granjeiro", "Granjo", "Green Angel", "Grommer", "Guarda Civil", "Guarda Floresto", "Guarda Municipo", "Guarda Patrim", "Guardadoro", "Guardamunicipal", "Guardiao", "Guardiao Piscin", "Guardo", "Guia De Turismo", "Guia Turismo", "Guia Turistico", "Guilheiro", "Guilhotineiro", "Guinchero", "Gurada Municipo", "Hig De Piscino", "Higeinizacao", "Higiene", "Higiene Interno", "Higienie", "Higienisto", "Higienizacao", "Higienizador", "Higienizadoro", "Historiadoro", "Home Care", "Home Office", "Horisto", "Hospedagem", "Hospitalar", "Hotelario", "Idade", "Ider De Limpezo", "Imobiliario", "Imoveis Aluguel", "Imoveis De Alug", "Imovel  Alugado", "Impermializador", "Impla Rede 1", "Implantisto", "Impressao", "Impressor", "Impressor 3", "Impressor Flexo", "Impressor Ii", "In", "Indio", "Indupel", "Industriario", "Infermeiro", "Influencer", "Informatico", "Ingenizacao", "Inns", "Inquilino", "Insp De Qualido", "Insp De Soldo", "Insp Qualidade", "Inspecao", "Inspecao Visual", "Inspencao", "Inspetor", "Inspetor De Quo", "Inspetor Qualid", "Inspetora De Al", "Inspetora De Qu", "Inspetora Escol", "Inspetora Quali", "Inspetoro", "Inss", "Inss * Flo", "Inss E Cabeleri", "Inss+ Diarias", "Insss", "Inssss", "Inst Cirurgico", "InstAntenas", "Instal Som", "Instalacao Pred", "Instalador", "Instalador Rep", "Instaladoro", "Instaladorr", "Instrumentador", "Instrumentadoro", "Instrutor", "Instrutor De Tr", "Instrutor Opero", "Instrutor Tec", "Instrutor Trans", "Instrutora De A", "Instrutoro", "Interp Libras", "Intimador", "Inv De Policio", "Invalidez", "Investidor", "Investidor Banc", "Investidoro", "Investigacao", "Investigadoro", "Irrigacao", "Isnp Federal", "Isolador Termic", "Isp Visual", "Jardinaeiro", "Jardinagem", "Jardineiro", "Jequiti", "Joias E Perfume", "Jornalisto", "Juizo", "Juridico", "Kit Festas", "Kit Festo", "Laboratorio", "Laboratoristo", "Labrador", "Lactaristo", "Laminador", "Lanches", "Lanchonete", "Lanterneito", "Lapa Molas", "Lar", "Lasf Designer", "Lash", "Lash Design", "Lash Designer", "Lashe Design", "Latcinios", "Latoeiro", "Lauxiliar", "Lava Car", "Lavacao", "Lavacar", "Lavadeiro", "Lavador", "Lavador D Carro", "Lavador De Cam", "Lavador De Carr", "Lavador Veiulos", "Lavadoro", "Lavagem A Seco", "Lavagem Automot", "Lavandeiro", "Lavanderio", "Lavoouro", "Lavoro", "Lavoura Autonomo", "Lavouraq", "Lavouras", "Lavouro", "Lavrador", "Lavrador Rural", "Lavradoro", "Lavradouro", "Lavrouro", "Leite", "Leiteiro", "Leiterio", "Leituristo", "Lenhador", "Licenciado", "Lider", "Lider Armazenag", "Lider Carregame", "Lider Comercial", "Lider De Atendi", "Lider De Bazar", "Lider De Caixo", "Lider De Equipe", "Lider De Fabric", "Lider De Limpez", "Lider De Logist", "Lider De Montag", "Lider De Panifi", "Lider De Proces", "Lider De Produc", "Lider De Producao", "Lider De Setor", "Lider Frigorico", "Lider OpeLogis", "Lider Producao", "Lideranco", "Limpeza Chacaro", "Limpeza Faxinei", "Limpeza Geral", "Limpezo", "Limpoezo", "Lingerie", "Linha De Produc", "Linha Producao", "Lixador", "Loas", "Locacao Festas", "Locacao Imoveis", "Locador", "Locadora Imovel", "Locadoro", "Locatario", "Locatrio", "Locutor De Lojo", "Locutora E Oper", "Locutoro", "Logistica Aereo", "Logistica De Al", "Logistico", "Logisto", "Loja De Maquiag", "Loja De Roupas", "Loja Dono", "Lojisto", "Lojo", "Lombador", "Loucutoro", "Lubrificador", "Lubrificaor", "Lubruficador", "Luciano", "Lustracao", "Lustrador", "Lustrador De Mo", "M O Cozinho", "Ma D ObraAgri", "Madeireiro", "Madeiro", "Madereiro", "Magaref", "Magarefe", "Making T Shirts", "Man De Edi", "Mandioco", "Manic E Vendas", "Manicule", "Manicure", "Manicure  E Des", "Manicure /Pedic", "Manicure E Cabe", "Manicure E Maqu", "Manicure Pedicu", "Manicure/Cabele", "Manicure/Confei", "Manicure/Maquio", "Manicure/Pedicu", "Manicure/Vendo", "Manicure860", "Manicure\\Domest", "Manicuri", "Manicuro", "Manipul Nutric", "Manipulador", "Manipulador Ali", "Manipuladoro", "Manobristo", "Manuntencao", "Manut De Esgoto", "Manut Em Gerais", "Manutecao", "Manutencao", "Manutencao Elet", "Maqueador/Socio", "Maqueadoro", "Maqueiro", "Maquiad E Visag", "Maquiadora/Micr", "Maquiadoro", "Maquinario", "Maquinisto", "Marcado", "Marcenario", "Marceneiro", "Marceneiro/Aposentado", "Marcineiro", "Marieiro", "Marinehiro", "Marinheiro", "Marinheiro De C", "Marinheiro Part", "Marisco", "Marisqueiro", "Markenting", "Marketing", "Marketing Digit", "Markitig", "Markting Digito", "Marmitario", "Marmiteiro", "Marmoaristo", "Marmore", "Marmoristo", "Masaterapeuto", "Massagem", "Massagisto", "Massaterapeuto", "Masseiro", "Masso", "Massoterapelto", "Massoterapeuto", "Massoterapio", "Massotterapeuto", "Matalurgico", "Material C", "Matern Boldrini", "Maternidade", "Mecanico", "Mecanico B", "Mecanico Carreto", "Mecanico Chapis", "Mecanico De Aer", "Mecanico De Maq", "Mecanico De Mot", "Mecanico Eletri", "Mecanico I", "Mecanico Imdust", "Mecanico Indust", "Mecanico Lider", "Mecanico Manutencao", "Mecanico Maq Ag", "Mecanico Montad", "Mecanico Pneumo", "Mecanico/Gerent", "Mecatronico", "Meche Com Cafe", "Mediadoro", "Medica Alternat", "Medica Veterino", "Medicino", "Medico", "Medico Veterino", "Medidor", "Medrendeiro", "Megahristo", "Mei", "Meio Oficial", "Meio Profission", "Melhorio", "Mensalisto", "Mentora De Nego", "Mercado", "Mercado Baru", "Meredeiro", "Merendeir", "Merendeiro", "Mertalurgico", "Mestre", "Mestre D Eobro", "Mestre De Obras", "Mestre De Obro", "Mestre De Setor", "Mestre Obras", "Metalurgico", "Metalurgio", "Metarlugico", "Micro Empresari", "Microempreended", "Microempresario", "Micropigmentado", "Midio", "Mili", "Militar", "Mineiro", "Mineracao", "Missionario", "Modelisto", "Modelo", "Modelosta De Ro", "Modisto", "Modo", "Moedeiro", "Mola De Faco", "Moldador De Plo", "Mon Escolar", "Monitor", "Monitor De Alun", "Monitor De Educ", "Monitor De Qual", "Monitor De Sist", "Monitora Camer", "Monitora De Alo", "Monitora De Ele", "Monitora De Quo", "Monitora Escolo", "Monitora Infant", "Monitora Trans", "Monitora Transp", "Monitoramento", "Monitoro", "Montad Est Meto", "Montador", "Montador 1", "Montador A Mao", "Montador De And", "Montador De Ext", "Montador De Maq", "Montador De Mov", "Montador De Tor", "Montador Indust", "Montador Maqui", "Montador/Embalo", "Montadora 1", "Montadora De Mo", "Montadoro", "Montagem", "Mootoristo", "Morangos", "Mot De Onibus", "Mot De Transp", "Mot Rodotrem", "Moto", "Moto Boy", "Moto Careto", "Moto Girl", "Moto Serro", "Moto- Boy", "Moto/Agri", "Motoboy", "Motoqueiro", "Motori  Carret", "Motoriosto", "Motoris Escolar", "Motorista /Cami", "Motorista Aplic", "Motorista App", "Motorista Bitre", "Motorista Camin", "Motorista Caret", "Motorista Cargo", "Motorista Carre", "Motorista Combo", "Motorista De Ap", "Motorista De Bi", "Motorista De Co", "Motorista De En", "Motorista De Tr", "Motorista Escol", "Motorista Part", "Motorista Parti", "Motorista Propr", "Motorista Trans", "Motorista Truck", "Motorista Uber", "Motorista(Vam)", "Motorista|", "Motoristo", "Motoristro", "Motorito", "Motorrista Carr", "Motorristo", "Motoserristo", "Motosits", "Mototaxi", "Motristo", "Mov De Merc", "Mov De Mercad", "Mov De Mercador", "Mov Mercadorias", "Movim De Merc", "Multifuncional", "Multiplicadoro", "Musicisto", "Musico", "Musico E Pedrei", "Nail Design", "Nail Designer", "Nail Desing", "Nails Designer", "Nao Exerce", "Nb 171 33758", "Nego D Cobranco", "Negociador", "Negociador Cob", "Negociadoro", "Negociante", "Nutri", "Nutricao", "Nutricionisto", "O De Serro", "O Maq", "O Telemarketing", "Obras", "Obras De Alveno", "Of De Cozinho", "Of De Eletrecis", "Of Eletrecisto", "Ofical De Limpe", "Oficial", "Oficial Adm", "Oficial Adminis", "Oficial Adminit", "Oficial De Cozi", "Oficial De Just", "Oficial De Limp", "Oficial De Manu", "Oficial De Obro", "Oficial De Pint", "Oficial Manuten", "Oficial Promoto", "OficialAdminis", "Oficina De Moto", "Oficina Mecanic", "Oficino", "Olaria Ceramico", "Oleiro", "Onss", "Op", "Op  Maquino", "Op Agropecuario", "Op Ativo", "Op Caixo", "Op Caldeiro", "Op Call Center", "Op Carregadeiro", "Op Classificaco", "Op Cnc", "Op Colhedoro", "Op D Maquinas", "Op D Maquino", "Op D Motosserro", "Op De Agrop", "Op De Balanco", "Op De Betorneir", "Op De Bombo", "Op De Caixo", "Op De Cal", "Op De Caldeiro", "Op De Celulo", "Op De Descargo", "Op De Empilhade", "Op De Empilho", "Op De Escavadei", "Op De Estampari", "Op De Expedicao", "Op De Filatorio", "Op De Forno", "Op De Granel", "Op De Gremalhei", "Op De Higienizo", "Op De Impressor", "Op De Injetoro", "Op De Lavaderi", "Op De Loja 2", "Op De Lojo", "Op De Man", "Op De Manufatur", "Op De Maq", "Op De Maq  E Eq", "Op De Maquinac", "Op De Maquinari", "Op De Maquinas", "Op De Maquino", "Op De Moinho", "Op De Moto Serr", "Op De Motoserro", "Op De Motosserr", "Op De Muck", "Op De Negocios", "Op De Passadoro", "Op De Po", "Op De Portico", "Op De Prenso", "Op De Prep De G", "Op De Producao", "Op De Serrario", "Op De Serro", "Op De Torno", "Op De Trator", "Op De Tv", "Op De Vincadeir", "Op Descascador", "Op Emp", "Op Empilhadeiro", "Op Equip 1", "Op Escavadeiro", "Op Estampo", "Op Ete", "Op Florestais", "Op Furadeiro", "Op Impilhadeiro", "Op Industrial", "Op Injetoro", "Op Inpilhadweir", "Op Laminadoro", "Op Lider", "Op Logistica 1", "Op Logistica I", "Op Logistico", "Op Lojo", "Op Maguino", "Op Maq", "Op Maq Agrico", "Op Maq E Equipo", "Op Maq Floresto", "Op Maquimo", "Op Maquina 1", "Op Maquinas", "Op Maquino", "Op Mineracao", "Op Monitoramen", "Op Moto Serro", "Op Otimizadoro", "Op Painel", "Op Painel Asfal", "Op Pedagio", "Op Pegagio", "Op Pistolo", "Op Ponte", "Op Proc Produco", "Op Processos", "Op Producao", "Op Rocadeiro", "Op Telemark", "Op Telemarketi", "Op Telemarketin", "Op Ter Loterico", "Op Textil", "Op Topofrafico", "Op Torno Lixo", "Op Trator", "Op,Producao", "OpCaixo", "OpCarregadeiro", "OpDe Cardas", "OpDe Maq/Pedre", "OpDe Torno", "OpFiacao", "OpMaquino", "OpTelemarketin", "Opd D Caixo", "Ope", "Ope Caixo", "Ope De Caixo", "Ope Laboratori", "Oper", "Oper  Maquinas", "Oper Cartaz", "Oper D Maquinas", "Oper De Caixo", "Oper De Ciaxo", "Oper De Escav", "Oper De Maq", "Oper De Maquin", "Oper De Produc", "Oper Destopade", "Oper Maquinas", "Oper Proc Indus", "Oper Producao", "Opera De Caixo", "Opera De Lojo", "Opera Producao", "Operacao Qualid", "Operacionac", "Operacional", "Operad Comercio", "Operad De Caixo", "Operad De Empil", "Operado De Maqu", "Operadoer De Mo", "Operador", "Operador 2", "Operador 3", "Operador Caixo", "Operador Caldei", "Operador Centri", "Operador Comerc", "Operador De Aco", "Operador De Cai", "Operador De Cal", "Operador De Cen", "Operador De Cx", "Operador De Emp", "Operador De Esc", "Operador De Exp", "Operador De For", "Operador De Imp", "Operador De Jat", "Operador De Log", "Operador De Loj", "Operador De M", "Operador De Maq", "Operador De Min", "Operador De Mo", "Operador De Mot", "Operador De P", "Operador De Per", "Operador De Po", "Operador De Pr", "Operador De Prc", "Operador De Pre", "Operador De Pro", "Operador De Roc", "Operador De Sac", "Operador De Ser", "Operador De Sub", "Operador De Tel", "Operador De Tor", "Operador De Tro", "Operador De Usi", "Operador Equipo", "Operador Filtro", "Operador Gepon", "Operador Lamino", "Operador Log", "Operador Logist", "Operador Lojo", "Operador Maq", "Operador Maquin", "Operador Mquino", "Operador Munck", "Operador Nivel1", "Operador Pedagi", "Operador Produc", "Operador Producao", "Operador Rebubi", "Operador Rural", "Operador Secado", "Operador Tecnic", "Operador Trat C", "Operadora  De C", "Operadora 1", "Operadora Caixo", "Operadora Cx", "Operadora Da Mo", "Operadora De Bo", "Operadora De Co", "Operadora De Cx", "Operadora De Eq", "Operadora De Lo", "Operadora De Mo", "Operadora De Mq", "Operadora De Pr", "Operadora F", "Operadora Maq", "Operadora Maqui", "Operadora Opn", "Operadoracaixo", "Operadoraproduc", "Operadorde Maqu", "Operadoro", "Operadpra De Mo", "Operaor De Trat", "Operardor", "Operario", "Operario Barcal", "Operaroo", "Operdaor De Cai", "Operdor", "Operdor Produco", "Opero", "Opr  2 Classifi", "Opr D Emaquino", "Opr Maquino", "Opr Producao", "Orcamentisto", "Ordenhador", "Org Eventos", "Organizacao Esc", "Organizador Obr", "Organizadoro", "Organizer", "Orientador", "Orientador Pati", "Orientadora Ed", "Orientadora Soc", "Orientadoro", "Ornamentadoro", "Ortalicas", "Outras", "Outros", "Oxinagem", "P/Terceiros", "Padario", "Padeiro", "Padre", "Paisagismo", "Palestrante", "Panificadoro", "Papiloscopisto", "Parana Prev", "Paratleto", "Parrileiro", "Particular", "Pascificadoro", "Passadeiro", "Passador", "Passadorio", "Pastor", "Pastora E Artes", "Pastoro", "Pcd", "Pcp", "Pdreiro", "Pecadoro", "Pecuaristo", "Pedagodo", "Pedagoga Multim", "Pedagogio", "Pedagogo", "Pedicure", "Pedr", "Pedreiro", "Pedreiro + Aposentado", "Pedreiro E Uber", "Pedreiro Oficio", "Pedreito", "Pedrero", "Pedriro", "Peedreiro", "Pegagogo", "Peixaria Alugue", "Pelotisto", "Pemsionisto", "Pen/Agricultoro", "Pencionisto", "Penionisto", "Penisonisto", "Penitenciario", "Pens", "Pens + Agric", "Pens + Vendas", "Pens / Vendedor", "Pens /Atendente", "Pens E Aposent", "Pens E Diaristo", "Pens E Hotel", "Pens Exercito", "Pens+ Babo", "Pens/Auto Pesco", "Pens/Camareiro", "Pensao", "Pensao Esposo F", "Pensao Marido", "Pensao Morte", "Pensao Por Mort", "Pensi", "Pensi/ Limpezo", "Pensinisto", "Pensio/Aposent", "Pensioisto", "Pensionista+Dio", "Pensionista/Apo", "Pensionista/Dio", "Pensionistao", "Pensionisto", "Pensionito", "Pensionnisto", "Pensionsito", "Pensionsto", "Pensionto", "Pensonisto", "Penssionisto", "Peofessoro", "Pequaristo", "Perador De Maqu", "Percadoro", "Pereiro", "Perfumisto", "Perita Criminal", "Pers Organize", "Personal", "Personal Bronze", "Personal Organi", "Personal Organo", "Personal Style", "Personal Traine", "Personal Treine", "Personalizacao", "Personisto", "Pesacadoro", "Pesca Geral", "Pescador", "Pescador,Chapeo", "Pescadora Artes", "Pescadoro", "Pesco", "Pesionisto", "Pesqueiro", "Pesquisador", "Pesquisadora/Vd", "Pesquisadoro", "Pilotisto", "Piloto", "Piloto De Aviao", "Pintor", "Pintor De Movei", "Pintor De Obras", "Pintor E Pedrei", "Pintor Ind", "Pintor Industri", "Pintora Industr", "Pintoro", "Pinturo", "Pinus", "Piscicologo", "Piscineiro", "Piscologo", "Pisicologo", "Pizaiolo", "Pizzaiola2", "Pizzaiolo", "Pizzaolo", "Pj", "Pj - Psicologo", "Planejamento", "Plano De Saude", "Planta E Colhe", "Planta Verduras", "Plantacao", "Plantacao De Pi", "Plantacao Rural", "Plantacao Tomat", "Plantil", "Planto", "Plataformo", "Pm/Soldado 1\u00b0 C", "Pnssionisto", "Pocos Artesiano", "Podologo", "Polial Penal", "Policia Civil", "Policia Militar", "Policia Penal", "Policial", "Policial Civil", "Policial Milito", "Policial Penal", "Policial75", "Policio", "Polidor", "Polidor De Meto", "Polivalente", "Ponto De Alugue", "Por Dio", "Por Serv", "Porcenteiro", "Porfessora De A", "Porfessora Part", "Porprietario", "Portario", "Porteiro", "Porteiro Noturn", "Porto De Areio", "Possui Mei", "Pprofessoro", "Praparador", "Pratico", "Preador Maquimo", "Precisao", "Predreiro", "Preferi", "Prefessoro", "Prencisto", "Prensisto", "Prep De Dados", "Prep De Maquino", "Prep Maquino", "Preparacao", "Preparadeiro", "Preparador", "Preparadoro", "Prepardora De T", "Presidente", "Prest D Servico", "Prest Servicos", "Presta Servioco", "Prestacao De Se", "Prestacao Servi", "Prestador", "Prestador Serv", "Prestadora De S", "Prestadoro", "Previdenciario", "Previdencio", "Prmotoro", "Procuradoro", "Prod Arroz", "Prod Cana De Ac", "Prod Carvao", "Prod De Casting", "Prod De Corte", "Prod De Leite", "Prod E Editor", "Prod Eventos", "Prod Rural", "Producao", "Producao Alimen", "Producao Assist", "Producao De Ali", "Producao De Doc", "Producao E Tran", "Producao F", "Produtor", "Produtor De Lei", "Produtor Evento", "Produtor Rural", "Produtora Audio", "Produtora De Ev", "Produtora Rural", "Produtoro", "Produtos Esteti", "Prof", "Prof Artes Marc", "Prof De Artes", "Prof De Ed Fisi", "Prof Ed Fisic", "Prof Ed Fisico", "Prof Edu Basico", "Prof Educ Bas", "Prof Musico", "Prof Paticular", "Prof Sp", "Profe", "Proferssoro", "Profes Aposent", "Profesoro", "Professo", "Professoaro", "Professor", "Professor De Ed", "Professor/Ator", "Professora Apon", "Professora Aposentado", "Professora Cei", "Professora De E", "Professora De P", "Professora Efet", "Professora Ingl", "Professora Pss", "Professora Subs", "Professora/Coor", "Professoro", "Professosro", "Professouro", "Professsoro", "Profissional", "Prog Ferrament", "Programa Indust", "Programador", "Programadoro", "Projetista Dese", "Projetisto", "Prolabore", "Prom De Vendas", "Prom Eventos", "Prom Vendas", "Promo Vendas", "Promolter", "Promot De Vendo", "Promotor", "Promotor De Vendas", "Promotor Vendas", "Promotora Comer", "Promotora De Ev", "Promotora De Mo", "Promotora De V", "Promotora De Ve", "Promotora Event", "Promotora Merco", "Promotora Vendo", "Promotorade Tri", "Promotoro", "Prooprietario", "Prop", "Prop + Diario", "Prop De Imovel", "Prop Vendas", "Propagandista M", "Propagandisto", "Propetario", "Propietario", "Propio", "Propr", "Propreitario", "Propretariaso", "Propretario", "Propretariovend", "Propriatario", "Proprieario", "Proprientario", "Proprietaio", "Proprietaria De", "Proprietario", "Proprietaro", "Proprietatio", "Proprieterio", "Proprietrio", "Proprio", "Proprioetario", "Proprirtario", "Propritario", "Proproetario", "Proptario", "Prorittario", "Protecao Dados", "Protetico", "Protora De Vend", "Prpfessoro", "Prprietario", "Pscicanalisto", "Pscicologo", "Pscologo", "Psicologa Do Mu", "Psicologan", "Psicologio", "Psicologo", "Psicopedagogo", "Psicoterapeuto", "Psiculturo", "Psquiatro", "Pss", "Publicitario", "Qualidade", "Queijos", "Queima De Cano", "Queimador", "Quimico", "Radialisto", "Radiologio", "Radiologisto", "Rama Mandioco", "Ramo Da Belezo", "Rasteleiro", "Recebe Alugueis", "Recebe Arrendan", "Recebe Benefici", "Recebe Pensao", "Recebe Rendo", "Recep E Empreso", "Recepcao", "Recepcao/Caixo", "Recepcionisto", "Recepcionito", "Recepcionsto", "Recepicionisto", "Recepsionisto", "Reciclador", "Recicladoro", "Reciclagem", "Reciclagem+Auxi", "Reciclagen", "Reciclagme", "Recpcao", "Recpcionisto", "Recpecionisto", "Recpicionisto", "Recreadoro", "Recursos Humano", "Refilador", "Refiladoro", "Reflorestador", "Reformas", "Regist Civil", "Registrado", "Reiki", "Reilheriro", "Rejuntadeiro", "Relacoes Public", "Rematadeiro", "Renda De Alugue", "Renda Esposo", "Rentisto", "Rep Comercial", "Rep Vendas", "Reparos", "Reperesentante", "Reporter", "Reposicao", "Repositor", "Repositor De Fr", "Repositor De Mc", "Repositora Frio", "Repositora Lojo", "Repositoro", "Repre Com", "Repre Comercio", "Repres Com ,", "Repres Comercio", "Representan Com", "Representande C", "Representante", "Representante C", "Representante D", "Representante V", "Represetante", "Resinagem", "Resp Qualidade", "Responsavel Adm", "Restaurante", "Retificador", "Retireiro", "Rev De Toalho", "Revededoro", "Revend E Diaris", "Revenda E Diari", "Revendas", "Revende Avon", "Revendedo/Diari", "Revendedor", "Revendedora Avo", "Revendedoro", "Revendo", "Revisor", "Revisora Chefe", "Revisoro", "Rh", "Rocador", "Rocador Costal", "Rocador De Lote", "Roco", "Rondimentos", "Roupas", "Rual", "Rural", "Rural Agro", "Rural Autonomo", "Rural Leit", "Ruralisto", "S Publica Est", "S=Domestico", "Sacario", "Sacerdotiso", "Sacoleiro", "Safristo", "Sala Cofre", "Sala Cortes", "Sala De Cortes", "Saladeiro", "Salao", "Salao Belezo", "Salao De Belezo", "Salgadeiro", "Salgados", "Salgo", "Salgueiro", "Samu", "Sangento", "Sapateiro", "Saqueiro", "Sargento", "Saude", "Saude Bocal", "Saude Bucal", "Sd Engajado", "Seaso", "Sec Da Educacao", "Sec Gabinete", "Sec Junta Serv", "Sec Parlamentar", "Sec Saude", "SecEsporte", "Secr Da Educaco", "Secr Da Educao", "Secr Do Lar", "Secr Esporte", "Secret Executiv", "Secret[Aria De", "Secretaria Acad", "Secretaria Adju", "Secretaria Admi", "Secretaria Do L", "Secretaria Educ", "Secretaria Esco", "Secretaria Exec", "Secretaria Lar", "Secretaria Saud", "Secretaria Tecn", "Secretaria/Diat", "Secretariado", "Secretario", "Secretario Parl", "Secretaruio", "Sect Domestico", "Securitario", "Sedex", "Seecretario", "Seg Do Trabalho", "Seg Patrimonial", "Segunraco", "Seguranca Do Tr", "Seguranca Publi", "Seguranco", "Segurano", "Seletisto", "Semijoias", "Separador", "Ser", "Ser Gerais", "SerGerais", "Serg Gerais", "Serg Gerais/Pen", "Serigrafisto", "Serrador", "Serraheiro", "Serralheiro", "Serralherio", "Serv", "Serv, Gerais", "ServGerais", "Servcicos Gerai", "Servcos Gerais", "Servcoss Gerais", "Servemte", "Servent D Pedre", "Servent De Limp", "Servente", "Servente 2", "Servente 40H", "Servente De Lim", "Servente De Obr", "Servente De Ped", "Servente Limpez", "Servente Obras", "Servente Pedrei", "Servente Planto", "Servente Rural", "Servgerais", "Servi Gerais", "Servicis Gerais", "Servico", "Servicoes Gerai", "Servicogerais", "Servicoi Gerais", "Servicops Gerio", "Servicos", "Servicos  Gerais", "Servicos /Pensio", "Servicos De Geral", "Servicos De Limpezo", "Servicos De Obras", "Servicos De Pedreir", "Servicos Ge", "Servicos Geirai", "Servicos Gerail", "Servicos Geraio", "Servicos Gerais", "Servicos Gerais1", "Servicos Geral", "Servicos Geraos", "Servicos Geras", "Servicos Gerias", "Servicos Gr", "Servicos Limpe", "Servicos Limpezo", "Servicos Manutenco", "Servicos Obras", "Servicos Pedreiro", "Servicos Publica Cr", "Servicos Publico", "Servicos Rural", "Servicos Social", "Servidor", "Servidor De Seg", "Servidor Public", "Servidora Publi", "Servidoro", "Servidos Gerais", "Servilcos Gerai", "Servilos Gerais", "Servisos Gerais", "Servisos Geras", "Servocod Gerais", "Setor Compras", "Sev Gerais", "Sevicos Gerais", "Sewrvicos Gerai", "Sinaleira Rigge", "Sinaleiro", "Sindico", "Sistema Operaci", "Sistemo", "Sitiante", "Sitio", "Sobrancelhas", "Socia Adm", "Socia Administr", "Socia Diretoro", "Socia Do Marido", "Socia Operadoro", "Socia Proprieto", "Socia/Proprieto", "Social", "Socio", "Socio Adm", "Socio Administr", "Socio Admistr", "Socio Gerente", "Socio Prop", "Socio Propietar", "Socio Proprieto", "Socio/Marceneir", "Socio/Proprieto", "Socioeducadoro", "Sociologo", "Socorristo", "Soja E Fumo", "Sojo", "Solcio Prop", "Soldado", "Soldado Engajad", "Soldador", "Soldador Iv", "Soldador Mecani", "Soldadoro", "Sombrancelho", "Sondador", "Sorveteiro", "Sou Dadoro", "Srvicos Gerais", "Sub Encarregado", "Sub Gerente", "Sub Lider", "Sub Tenente", "Subgerente", "Subgerente Come", "Subtenente", "Sucatero", "Suinocultor", "Suinoculturo", "Suinuculturo", "Sup De Segunran", "Sup Log", "Sup Tecnico", "Sup Vendas", "Super Hotelario", "Superv De Fatur", "Superv De Setor", "Superv Marketin", "Superv Vendas", "Supervidor", "Supervis Vendo", "Supervisor", "Supervisor Ambl", "Supervisor Come", "Supervisor De C", "Supervisor De L", "Supervisor De S", "Supervisor De T", "Supervisor Fino", "Supervisor Meco", "Supervisor Oper", "Supervisor Tecn", "Supervisor Vend", "Supervisora 1", "Supervisora Adm", "Supervisora Cai", "Supervisora Com", "Supervisora De", "Supervisora Esc", "Supervisora Far", "Supervisora Fin", "Supervisora Jur", "Supervisora Rel", "Supervisora Rh", "Supervisora Rh,", "Supervisorfatur", "Supervisoro", "Supervisoso", "Supervispro", "Supervosoro", "Suporte Tecnico", "Surpervisoro", "Surpevisoro", "Sushiman", "Sv Gerais", "T Seg Trabalho", "TI", "Tapeceiro", "Tapeteiro", "Tarefeiro Rural", "Tarologo", "Tatuador", "Tatuadoro", "Taxisto", "Tb Rural", "Tc Efermagenm", "Tc Enfermagem", "Te De Laborato", "Te Eletronico", "Tec", "TecEnfer", "TecEnfermagem", "TecMaquinas", "TecSeguranco", "Tecelam", "Tecelan", "Tecelao", "Tecelo", "Tecinco", "Tecn De Enf", "Tecn Enfermage", "Tecn Enfermagem", "Tecn Enfermo", "Tecn Nfermagem", "Tecn Seg Trab", "Tecnico", "Tecnico Adm", "Tecnico Adminis", "Tecnico Administrat", "Tecnico Agricol", "Tecnico Alimentos", "Tecnico Ambient", "Tecnico Assist", "Tecnico Atividades", "Tecnico Automot", "Tecnico Benfermagem", "Tecnico De Aguo", "Tecnico De Alim", "Tecnico De Ar C", "Tecnico De Bpo", "Tecnico De Cabi", "Tecnico De Coleto", "Tecnico De Eenfermo", "Tecnico De Enf", "Tecnico De Enfe", "Tecnico De Enfer", "Tecnico De Enferm", "Tecnico De Enfermag", "Tecnico De Enfermo", "Tecnico De Farmacio", "Tecnico De Fute", "Tecnico De Infe", "Tecnico De Infermag", "Tecnico De Info", "Tecnico De Informat", "Tecnico De Inovacao", "Tecnico De Instrume", "Tecnico De Laborato", "Tecnico De Mecanco", "Tecnico De Mecanico", "Tecnico De Nutricao", "Tecnico De Patologi", "Tecnico De Procurad", "Tecnico De Producao", "Tecnico De Radi", "Tecnico De Radiolog", "Tecnico De Saud", "Tecnico De Saude Bu", "Tecnico De Seg", "Tecnico De Segu", "Tecnico De Seguranc", "Tecnico De Teci", "Tecnico Educadora F", "Tecnico Eletric", "Tecnico Eletrico", "Tecnico Eletronico", "Tecnico Em Analises", "Tecnico Em Dede", "Tecnico Em Eletron", "Tecnico Em Enf", "Tecnico Em Enfe", "Tecnico Em Enfermag", "Tecnico Em Enfermo", "Tecnico Em Fibro", "Tecnico Em Laborato", "Tecnico Em Manu", "Tecnico Em Pain", "Tecnico Em Poli", "Tecnico Em Qual", "Tecnico Em Radiolog", "Tecnico Em Secr", "Tecnico Em Seguranc", "Tecnico Emenfer", "Tecnico Emfermagem", "Tecnico Emfermo", "Tecnico Emissao", "Tecnico Enf", "Tecnico Enfemagem", "Tecnico Enfer", "Tecnico Enferm", "Tecnico Enfermagem", "Tecnico Enfermagen", "Tecnico Enfermargem", "Tecnico Enfermeiro", "Tecnico Enfermo", "Tecnico Enferno", "Tecnico Farmaci", "Tecnico Farmacio", "Tecnico Florest", "Tecnico Fudiciario", "Tecnico Infanti", "Tecnico Infermagem", "Tecnico Infermagen", "Tecnico Infermaqgem", "Tecnico Infermo", "Tecnico Informo", "Tecnico Inss", "Tecnico Insta Eletr", "Tecnico Interne", "Tecnico Internet", "Tecnico Judiciario", "Tecnico Judicio", "Tecnico Lab", "Tecnico Laborat", "Tecnico Laboratori", "Tecnico Laboratorio", "Tecnico Manutencao", "Tecnico Mecan", "Tecnico Mecanico", "Tecnico Multicanais", "Tecnico Nutrico", "Tecnico Operadoro", "Tecnico Planejo", "Tecnico Process", "Tecnico Producao", "Tecnico Producao 3", "Tecnico Produco", "Tecnico Qualido", "Tecnico Radiolo", "Tecnico Radiologio", "Tecnico Rede", "Tecnico Refrige", "Tecnico Saude", "Tecnico Sec Officer", "Tecnico Secretario", "Tecnico Seg Do Tr", "Tecnico Seg Do Trab", "Tecnico Seg Trab", "Tecnico Seg Trabalh", "Tecnico Seg Tro", "Tecnico Segu Trablh", "Tecnico Seguran", "Tecnico Seguranco", "Tecnico Supervi", "Tecnico Sus", "Tecnico TI", "Tecnico Ti", "Tecnico Univers", "Tecnico Vendedorado", "Tecnio De Nutri", "Tecno", "Tecnologa Jurid", "Tecnologo", "Tec\u00b4Enfermagem", "Teleatendente", "Teleatendimento", "Telefonisto", "Telemarket", "Telemarketing", "Telemarkt", "Televendas", "Tem Casa De Alu", "Tem Uma Pensao", "Tempero", "Tenente", "Tenente Preside", "Ter, Ocupaciono", "Terapeuro", "Terapeuta E Pod", "Terapeuta Energ", "Terapeutico", "Terapeuto", "Terapio", "Tesoreiro", "Tesoureiro", "Testador", "Ti", "Titular Cartori", "Tomateiro", "Topografo", "Torn Mecanico", "Torneiro", "Torneiro Cnc", "Torneiro Mecani", "Tosador", "Tosadoro", "Tozadoro", "Tra Rural", "TrabVolante", "Traba Rural", "Trabalha Na Roc", "Trabalha P Pref", "Trabalhad Rural", "Trabalhad Ruro", "Trabalhador Ag", "Trabalhador Agr", "Trabalhador Bro", "Trabalhador Flo", "Trabalhador Rur", "Trabalho Rural", "Trabalhor Rural", "Trablha Ru", "Tradutoro", "Tran Rural", "Tranferencio", "TransEscolar", "Transmissao Autonomo", "Transp Maritimo", "Transportes", "Trartoristo", "Trasresiduos", "Trat Agricolo", "Tratador De Ave", "Tratam De Esgo", "Tratamento De C", "Tratorista Agri", "Tratorista Seni", "Tratorista/Lavr", "Tratoristo", "Tratos Cultural", "Trbalha Em Caso", "Treinador", "Treinador Anim", "Tribunal Da Jus", "Tricologisto", "Trocador", "Tubulador Naval", "Turismo", "Turismo E Arqui", "Turismologo", "Tutor Interno", "Tutoro", "Ub", "Uber", "Uber - Motorist", "Uber E Encarreg", "Unha De Gel", "Usinagem", "Usino", "Uso Continuo", "Ux Deposito", "Ux,De Producao", "Vaqueiro", "Varejisto", "Varredor", "Varredoro", "Vedebdoro", "Vededoro", "Vedendeoro", "Vedendoro", "Veendedoro", "Vend Ambulante", "Vend Autonomo", "Vend Bolsas", "Vend Calcados", "Vend Carros", "Vend Cosmetico", "Vend De Roupas", "Vend De Roupo", "Vend Ext", "Vend Roup Fem", "Vend, Ambulante", "Vend/Auxiliar Limp", "Venda De Roupas", "Venda De Roupo", "Venda E Limpezo", "Venda E Roco", "Venda Em Geral", "Venda Online", "Vendador", "Vendas", "Vendas Adm", "Vendas Bolosa S", "Vendas De Avon", "Vendas De Confe", "Vendas De Roupo", "Vendas Digitais", "Vendas E Roco", "Vendas Em Geral", "Vendas Lanches", "Vendas Online", "Vendas Pastel", "Vendas Roupas", "Vendas Seguro", "Vendas/Dono", "Venddoro", "Vende Bolo", "Vende Bolos", "Vende Croche", "Vende Joias", "Vende Langerie", "Vende Perfumes", "Vende Roupas", "Vende Roupo", "Vende Salgados", "Vende Verduras", "Vende Verduro", "Vende/ Diaristo", "Vende/ Licencio", "Vendecoro", "Vended E Diaris", "Vended0Ro", "Vendeddoro", "Vendede Venduro", "Vendedeor", "Vendedoero", "Vendedor", "Vendedor Ambulo", "Vendedor De Isc", "Vendedor De Rou", "Vendedor Execut", "Vendedor Ext", "Vendedor Extern", "Vendedor Intern", "Vendedor Pj", "Vendedor Roupas", "Vendedor Varejo", "Vendedora Ambu", "Vendedora Ambul", "Vendedora Auton", "Vendedora Autonomo", "Vendedora Bolo", "Vendedora Comer", "Vendedora Comis", "Vendedora Cosme", "Vendedora De Al", "Vendedora De Co", "Vendedora De Im", "Vendedora De Pr", "Vendedora De Ro", "Vendedora De Se", "Vendedora Doces", "Vendedora E Con", "Vendedora Exter", "Vendedora Hinod", "Vendedora Joias", "Vendedora Natur", "Vendedora Onlin", "Vendedora Respo", "Vendedora Roupo", "Vendedora Tecni", "Vendedora Telem", "Vendedora+Agric", "Vendedora/ Dono", "Vendedora/Babo", "Vendedora/Balco", "Vendedora/Caixo", "Vendedora222222", "Vendedorac", "Vendedordo", "Vendedoro", "Vendedorro", "Vendedouro", "Vendedror", "Vendedroro", "Vendendor", "Vendendoro", "Vendeor", "Vendeoro", "Venderoo", "Venderoro", "Vendo", "Vendoro", "Verdedoro", "Verduras", "Verdureiro", "Verduro", "Vereador", "Vereadoro", "Vestuario", "Veterinario", "Vice Diretoro", "Video Maker", "Vidraceiro", "Vidrraceiro", "Vigia Noturno", "Vigia/ Pescador", "Vigilancia Ep", "Vigilancio", "Vigilante", "Vigilante De C", "Vigilantes", "Vigilante\u00b4", "Vigio", "Visitante Socio", "Vistoriador", "Vistoriadoro", "Vitrinisto", "Viuvo", "Vive De Rendo", "Viveiro", "Viverista Mudas", "Viveristo", "Vndedoro", "Vnedas", "Vogilante", "Volante", "Web Designer", "Zelador", "Zelador/Diarist", "Zeladora + Aposentado", "Zeladora E Babo", "Zeladora Op", "Zeladora/ Cozin", "Zeladorio", "Zeladoro", "Zeladouro", "Zootecnisto", "nan"], ["Abatia", "Acailandia", "Agudos Do Sul", "Al. Tamandare", "Alagoas", "Alto Piquiri", "Altonia", "Alvorada Do Sul", "Americana", "Ampere", "Ananindeua", "Anapolis", "Andira", "Angra Dos Reis", "Apucarana", "Aracaju", "Aracatuba", "Aracruz", "Araguari", "Arapongas", "Arapoti", "Araquari", "Ararangua", "Araraquara", "Araras", "Araucaria", "Araxa", "Ariquemes", "Aruja", "Assai", "Assis", "Assis Chateaubr", "Astorga", "Atibaia", "Balneario Cambo", "Balsas", "Barbacena", "Barbosa Ferraz", "Barra Do Garcas", "Barretos", "Barueri", "Bauru", "Bebedouro", "Bela Vista Do P", "Belo Horizonte", "Bento Goncalves", "Betim", "Biguacu", "Blumenau", "Borrazopolis", "Braco Do Norte", "Brasilia", "Brusque", "Caarapo", "Cabedelo", "Cacador", "Cacapava", "Cacoal", "Caldas Novas", "California", "Camacari", "Cambe", "Cambira", "Camboriu", "Campia Grande", "Campina G Do Sul", "Campina G. Do Sul", "Campinas", "Campo Bom", "Campo Do Tenent", "Campo Largo", "Campo Magro", "Campo Mourao", "Campos Novos", "Candido De Abre", "Candoi", "Canoas", "Canoinhas", "Capinzal", "Caraguatatuba", "Carambei", "Caratinga", "Cariacica", "Carlos Barbosa", "Castanhal", "Castro", "Cataguases", "Catanduva", "Caxias Do Sul", "Cel Fabriciano", "Centenario Do Sul", "Cerro Azul", "Chapeco", "Cianorte", "Cidade Gaucha", "Colatina", "Colombo", "Concordia", "Congonhinhas", "Contagem", "Corbelia", "Cornelio Procop", "Criciuma", "Cruz Alta", "Cruz Das Almas", "Cruz Machado", "Cruzeiro Do Oeste", "Cubatao", "Cuiaba", "Curitiba", "Curitibanos", "Curiuva", "Diadema", "Divinopolis", "Dois Irmaos", "Dourados", "Doutor Camargo", "Duque De Caxias", "Erechim", "Farroupilha", "Faxinal", "Fazenda Rio Gra", "Feira D Santana", "Fernandopolis", "Florestopoles", "Florianopolis", "Fortaleza", "Foz Do Iguacu", "Foz Do Jordao", "Franca", "Francisco Belt.", "Francisco Morat", "Fz Rio Grande", "Garuva", "Gaspar", "Goiania", "Goioere", "Gramado", "Gravatai", "Guaiba", "Guajara Mirim", "Guara", "Guarapuava", "Guaratingueta", "Guaratuba", "Guaruja", "Guarulhos", "Ibaiti", "Ibate", "Ibipora", "Icara", "Icaraima", "Ijui", "Imbau", "Imbituba", "Imbituva", "Imperatriz", "Indaial", "Indaiatuba", "Inhambupe", "Ipatinga", "Irara", "Itabira", "Itajai", "Itajuba", "Itanhaem", "Itapecerica", "Itapema", "Itaperucu", "Itapoa", "Itapulandia", "Itaquaquecetuba", "Itu", "Itumbiara", "Ituverava", "Ivaipora", "Ivinhema", "Jacarei", "Jacarezinho", "Jaguapita", "Jaguaquara", "Jaguariaiva", "Jandaia Do Sul", "Janiopolis", "Jaragua Do Sul", "Jaragu\u00e1 Do Sul", "Jardim Alegre", "Jatai", "Ji Parana", "Ji-Paran\u00e1", "Joacaba", "Joao Pessoa", "Joinville", "Juazeiro Do Nor", "Juiz De Fora", "Jundiai", "Lages", "Lapa", "Lauro Freitas", "Lem", "Limeira", "Linhares", "Lins", "Loanda", "Londrina", "Louveira", "Lucas Do Rio V.", "Luiziana", "Macae", "Maceio", "Mafra", "Mambore", "Mandaguacu", "Mandaguari", "Mandirituba", "Manhuacu", "Manoel Ribas", "Maraba", "Maracanau", "Marialva", "Marilia", "Mariluz", "Maringa", "Matelandia", "Matinhos", "Maua", "Maua Da Serra", "Medianeira", "Mirasol", "Mococa", "Mogi Das Cruzes", "Mogi-Guacu", "Mongagua", "Montes Claros", "Moreira Sales", "Mossoro", "Muriae", "Natal", "Navegantes", "Niteroi", "Nova Iguacu", "Nova Mutum", "Novo Hamburgo", "Olinda", "Ortigueira", "Osasco", "Osorio", "Paicandu", "Palhoca", "Palotina", "Panambi", "Paraiso Do Nort", "Paranacity", "Paranagua", "Paranavai", "Paripueira", "Parnaiba", "Passo Fundo", "Pato Branco", "Pato De Minas", "Paulinia", "Peabiru", "Pelotas", "Pien", "Pindamonhagaba", "Pinhais", "Piracicaba", "Pirai Do Sul", "Piraquara", "Pitanga", "Ponta Grossa", "Ponta Pora", "Pontal", "Pontal Do Paran", "Porecatu", "Porto Alegre", "Porto Uniao", "Porto Velho", "Pouso Alegre", "Primavera Oeste", "Primeiro De Mai", "Prudentopolis", "Querencia Do No", "Quitandinha", "Recife", "Renascenca", "Reserva", "Ribeirao Neves", "Ribeirao Preto", "Rio Azul", "Rio Branco Do Sul", "Rio Branco Ivai", "Rio De Janeiro", "Rio Do Sul", "Rio Negrinho", "Rio Verde", "Rolandia", "Roncador", "Rondon", "Rondonopolis", "Rosario Do S.", "S J Dos Pinhais", "Salvador", "Samambaia", "Santa Cruz Do Sul", "Santa Fe", "Santa Tereza Do", "Santos", "Sao Bento Do Su", "Sao Bernardo Ca", "Sao Caetano Do", "Sao J Da Serra", "Sao Jeronimo Da", "Sao Jor Do Ivai", "Sao Jose", "Sao Jose Do Rio", "Sao Jose Dos Ca", "Sao Leopoldo", "Sao Luis", "Sao Mateus Do Sul", "Sao Miguel", "Sao Paulo", "Sao Pe. Do Ivai", "Sapopema", "Senador Canedo", "Serra", "Sete Lagoas", "Sinop", "Sobral", "Sorocaba", "Sorriso", "Sta Amelia", "Sumare", "Suzano", "Taboao Da Serra", "Tangara Da Serr", "Taubate", "Telemaco Borba", "Teresina", "Teresopolis", "Terra Rica", "Tibagi", "Tijucas", "Tijucas Do Sul", "Timbo", "Timoteo", "Torres", "Tres Lagoas", "Tubarao", "Tuneiras Do Oeste", "Uba", "Uberaba", "Uberlandia", "Umuarama", "Uruguaiana", "Valinhos", "Valparaiso De G", "Varginha", "Viamao", "Videira", "Vila Velha", "Vilhena", "Vinhedo", "Vitoria", "Vitoria Da Conq", "Votla Redonda", "Votuporanga", "Xambre", "Xanxere"], ["CDC", "CP"], ["0", "GRUPO 1", "GRUPO 2", "GRUPO 3", "GRUPO 4", "nan"], ["NORMAL", "NOVO", "nan"], ["['celular', 'construcao', 'eletrodomestico']", "['celular', 'construcao']", "['celular', 'eletrodomestico', 'movel']", "['celular', 'eletrodomestico']", "['celular', 'eletronico']", "['celular', 'item_cozinha']", "['celular', 'lazer_transporte']", "['celular', 'movel']", "['celular', 'outro']", "['celular']", "['construcao', 'eletrodomestico', 'item_cozinha']", "['construcao', 'eletrodomestico', 'movel']", "['construcao', 'eletrodomestico']", "['construcao', 'eletronico']", "['construcao', 'estetica', 'movel']", "['construcao', 'estetica']", "['construcao', 'item_cozinha', 'lazer_transporte']", "['construcao', 'item_cozinha']", "['construcao', 'lazer_transporte']", "['construcao', 'movel', 'outro']", "['construcao', 'movel']", "['construcao', 'outro']", "['construcao']", "['eletrodomestico', 'eletronico', 'item_cozinha']", "['eletrodomestico', 'eletronico', 'movel']", "['eletrodomestico', 'eletronico']", "['eletrodomestico', 'estetica', 'item_cozinha']", "['eletrodomestico', 'estetica', 'movel']", "['eletrodomestico', 'estetica']", "['eletrodomestico', 'item_cozinha', 'movel']", "['eletrodomestico', 'item_cozinha', 'outro']", "['eletrodomestico', 'item_cozinha']", "['eletrodomestico', 'lazer_transporte']", "['eletrodomestico', 'movel', 'outro']", "['eletrodomestico', 'movel']", "['eletrodomestico', 'outro']", "['eletrodomestico']", "['eletronico', 'item_cozinha']", "['eletronico', 'movel']", "['eletronico', 'outro']", "['eletronico']", "['estetica', 'item_cozinha']", "['estetica', 'movel']", "['estetica', 'saude']", "['estetica']", "['financias']", "['item_cozinha', 'lazer_transporte']", "['item_cozinha', 'movel']", "['item_cozinha']", "['lazer_transporte', 'movel']", "['lazer_transporte', 'outro']", "['lazer_transporte']", "['movel', 'outro']", "['movel']", "['outro']", "['saude']"], ["Agricula", "Agricultura", "Agriucultura", "Autonomo", "Beleza", "Beneficio", "Comercio", "Construcao", "Culinaria", "Educacao", "Gestao", "Juridico", "Outro", "Outros", "Producao", "Saude", "Servicos", "invalido", "nan"], ["ABATI\u00c1", "AGUDOS DO SUL", "ALAGOA", "ALTO PIQUIRI", "ALT\u00d4NIA", "ALVORADA DO SUL", "AMAMBAI", "AMERICANA", "AMP\u00c9RE", "ANANINDEUA", "ANDIR\u00c1", "ANGRA DOS REIS", "AN\u00c1POLIS", "APUCARANA", "ARACAJU", "ARACRUZ", "ARAGUARI", "ARAPONGAS", "ARAPOTI", "ARAQUARI", "ARARANGU\u00c1", "ARARAQUARA", "ARARAS", "ARAUC\u00c1RIA", "ARAX\u00c1", "ARA\u00c7ATUBA", "ARIQUEMES", "ARUJ\u00c1", "ASSA\u00cd", "ASSIS", "ASSIS CHATEAUBRIAND", "ASTORGA", "ATIBAIA", "A\u00c7AIL\u00c2NDIA", "BALNE\u00c1RIO CAMBORI\u00da", "BALSAS", "BARBACENA", "BARBOSA FERRAZ", "BARRA DO GAR\u00c7AS", "BARRETOS", "BARUERI", "BAURU", "BEBEDOURO", "BELA VISTA DO PIAU\u00cd", "BELO HORIZONTE", "BENTO GON\u00c7ALVES", "BETIM", "BIGUA\u00c7U", "BLUMENAU", "BORRAZ\u00d3POLIS", "BRAS\u00cdLIA", "BRA\u00c7O DO NORTE", "BRUSQUE", "CAARAP\u00d3", "CABEDELO", "CACOAL", "CALDAS NOVAS", "CALIF\u00d3RNIA", "CAMA\u00c7ARI", "CAMBIRA", "CAMBORI\u00da", "CAMB\u00c9", "CAMPINA GRANDE", "CAMPINAS", "CAMPINAS DO SUL", "CAMPO BOM", "CAMPO DO TENENTE", "CAMPO LARGO", "CAMPO MAGRO", "CAMPO MOUR\u00c3O", "CAMPOS NOVOS", "CAND\u00d3I", "CANOAS", "CANOINHAS", "CAPINZAL", "CARAGUATATUBA", "CARAMBE\u00cd", "CARATINGA", "CARIACICA", "CARLOS BARBOSA", "CASTANHAL", "CASTRO", "CATAGUASES", "CATANDUVA", "CAXIAS DO SUL", "CA\u00c7ADOR", "CA\u00c7APAVA", "CENTEN\u00c1RIO DO SUL", "CERRO AZUL", "CHAPEC\u00d3", "CIANORTE", "CIDADE GA\u00daCHA", "COLATINA", "COLOMBO", "CONC\u00d3RDIA", "CONGONHINHAS", "CONTAGEM", "CORB\u00c9LIA", "CORN\u00c9LIO PROC\u00d3PIO", "CORONEL FABRICIANO", "CRICI\u00daMA", "CRUZ ALTA", "CRUZ DAS ALMAS", "CRUZ MACHADO", "CRUZEIRO DO OESTE", "CUBAT\u00c3O", "CUIAB\u00c1", "CURITIBA", "CURITIBANOS", "CURI\u00daVA", "C\u00c2NDIDO DE ABREU", "DIADEMA", "DIVIN\u00d3POLIS", "DOIS IRM\u00c3OS", "DOURADOS", "DOUTOR CAMARGO", "DUQUE DE CAXIAS", "ERECHIM", "FARROUPILHA", "FAXINAL", "FAZENDA RIO GRANDE", "FEIRA DE SANTANA", "FERNAND\u00d3POLIS", "FLOREST\u00d3POLIS", "FLORIAN\u00d3POLIS", "FORTALEZA", "FOZ DO IGUA\u00c7U", "FOZ DO JORD\u00c3O", "FRANCA", "FRANCISCO BELTR\u00c3O", "FRANCISCO MORATO", "GARUVA", "GASPAR", "GOIOER\u00ca", "GOI\u00c2NIA", "GRAMADO", "GRAVATA\u00cd", "GUAJAR\u00c1-MIRIM", "GUARAPUAVA", "GUARATINGUET\u00c1", "GUARATUBA", "GUARUJ\u00c1", "GUARULHOS", "GUAR\u00c1", "GUA\u00cdBA", "IBAITI", "IBAT\u00c9", "IBIPOR\u00c3", "ICARA\u00cdMA", "IJU\u00cd", "IMBA\u00da", "IMBITUBA", "IMBITUVA", "IMPERATRIZ", "INDAIAL", "INDAIATUBA", "INHAMBUPE", "IPATINGA", "IRAR\u00c1", "ITABIRA", "ITAIPUL\u00c2NDIA", "ITAJA\u00cd", "ITAJUB\u00c1", "ITANHA\u00c9M", "ITAPECERICA", "ITAPEMA", "ITAPERU\u00c7U", "ITAPO\u00c1", "ITAQUAQUECETUBA", "ITU", "ITUMBIARA", "ITUVERAVA", "IVAIPOR\u00c3", "IVINHEMA", "I\u00c7ARA", "JACAREZINHO", "JACARE\u00cd", "JAGUAPIT\u00c3", "JAGUAQUARA", "JAGUARIA\u00cdVA", "JANDAIA DO SUL", "JANI\u00d3POLIS", "JARAGU\u00c1 DO SUL", "JARDIM ALEGRE", "JATA\u00cd", "JI-PARAN\u00c1", "JOA\u00c7ABA", "JOINVILLE", "JO\u00c3O PESSOA", "JUAZEIRO DO NORTE", "JUIZ DE FORA", "JUNDIA\u00cd", "LAGES", "LAPA", "LAURO DE FREITAS", "LEME", "LIMEIRA", "LINHARES", "LINS", "LOANDA", "LONDRINA", "LOUVEIRA", "LUCAS DO RIO VERDE", "LUIZIANA", "MACA\u00c9", "MACEI\u00d3", "MAFRA", "MAMBOR\u00ca", "MANDAGUARI", "MANDAGUA\u00c7U", "MANDIRITUBA", "MANHUA\u00c7U", "MANOEL RIBAS", "MARAB\u00c1", "MARACANA\u00da", "MARIALVA", "MARILUZ", "MARING\u00c1", "MAR\u00cdLIA", "MATEL\u00c2NDIA", "MATINHOS", "MAU\u00c1", "MAU\u00c1 DA SERRA", "MEDIANEIRA", "MIRASSOL", "MOCOCA", "MOGI DAS CRUZES", "MOGI GUA\u00c7U", "MONGAGU\u00c1", "MONTES CLAROS", "MOREIRA SALES", "MOSSOR\u00d3", "MURIA\u00c9", "NATAL", "NAVEGANTES", "NITER\u00d3I", "NOVA IGUA\u00c7U", "NOVA MUTUM", "NOVO HAMBURGO", "OLINDA", "ORTIGUEIRA", "OSASCO", "OS\u00d3RIO", "PAI\u00c7ANDU", "PALHO\u00c7A", "PALOTINA", "PANAMBI", "PARANACITY", "PARANAGU\u00c1", "PARANAVA\u00cd", "PARA\u00cdSO DO NORTE", "PARIPUEIRA", "PARNA\u00cdBA", "PASSO FUNDO", "PATO BRANCO", "PATOS DE MINAS", "PAUL\u00cdNIA", "PEABIRU", "PELOTAS", "PINDAMONHANGABA", "PINHAIS", "PIRACICABA", "PIRAQUARA", "PIRA\u00cd DO SUL", "PITANGA", "PI\u00caN", "PONTA GROSSA", "PONTA POR\u00c3", "PONTAL", "PONTAL DO PARAN\u00c1", "PORECATU", "PORTO ALEGRE", "PORTO UNI\u00c3O", "PORTO VELHO", "POUSO ALEGRE", "PRIMAVERA DO LESTE", "PRIMEIRO DE MAIO", "PRUDENT\u00d3POLIS", "QUER\u00caNCIA DO NORTE", "QUITANDINHA", "RECIFE", "RENASCEN\u00c7A", "RESERVA", "RIBEIR\u00c3O DAS NEVES", "RIBEIR\u00c3O PRETO", "RIO AZUL", "RIO BRANCO DO IVA\u00cd", "RIO BRANCO DO SUL", "RIO DE JANEIRO", "RIO DO SUL", "RIO GRANDE", "RIO NEGRINHO", "RIO VERDE", "ROL\u00c2NDIA", "RONCADOR", "RONDON", "RONDON\u00d3POLIS", "ROS\u00c1RIO DO SUL", "SALVADOR", "SANTA AM\u00c9LIA", "SANTA CRUZ DO SUL", "SANTA F\u00c9", "SANTA TEREZA", "SANTOS", "SAPOPEMA", "SENADOR CANEDO", "SERRA", "SETE LAGOAS", "SINOP", "SOBRAL", "SOROCABA", "SORRISO", "SUMAR\u00c9", "SUZANO", "S\u00c3O BENTO DO SUL", "S\u00c3O BERNARDO", "S\u00c3O CAETANO DO SUL", "S\u00c3O JER\u00d4NIMO", "S\u00c3O JORGE DO IVA\u00cd", "S\u00c3O JOS\u00c9", "S\u00c3O JOS\u00c9 DO OURO", "S\u00c3O JOS\u00c9 DOS CAMPOS", "S\u00c3O JOS\u00c9 DOS PINHAIS", "S\u00c3O JO\u00c3O DA SERRA", "S\u00c3O LEOPOLDO", "S\u00c3O LU\u00cdS", "S\u00c3O MATEUS DO SUL", "S\u00c3O MIGUEL", "S\u00c3O PAULO", "S\u00c3O PEDRO DO IVA\u00cd", "TABO\u00c3O DA SERRA", "TAMANDAR\u00c9", "TANGAR\u00c1 DA SERRA", "TAUBAT\u00c9", "TEL\u00caMACO BORBA", "TERESINA", "TERES\u00d3POLIS", "TERRA RICA", "TIBAGI", "TIJUCAS", "TIJUCAS DO SUL", "TIMB\u00d3", "TIM\u00d3TEO", "TORRES", "TR\u00caS LAGOAS", "TUBAR\u00c3O", "TUNEIRAS DO OESTE", "UBERABA", "UBERL\u00c2NDIA", "UB\u00c1", "UMUARAMA", "URUGUAIANA", "VALINHOS", "VALPARA\u00cdSO DE GOI\u00c1S", "VARGINHA", "VIAM\u00c3O", "VIDEIRA", "VILA VELHA", "VILHENA", "VINHEDO", "VIT\u00d3RIA", "VIT\u00d3RIA DA CONQUISTA", "VOLTA REDONDA", "VOTUPORANGA", "XAMBR\u00ca", "XANXER\u00ca"], ["AL", "BA", "CE", "DF", "ES", "GO", "MA", "MG", "MS", "MT", "PA", "PB", "PE", "PI", "PR", "RJ", "RN", "RO", "RS", "SC", "SE", "SP"], ["Alto", "Baixo", "Muito Alto", "M\u00e9dio"], ["barato", "caro", "medio"], ["celular", "construcao", "eletrodomestico", "eletronico", "estetica", "financias", "item_cozinha", "lazer_transporte", "movel", "outro", "saude"]]
