tree
version=v4
num_class=1
num_tree_per_iteration=1
label_index=0
max_feature_idx=34
objective=binary sigmoid:1
feature_names=Mercadoria idade genero tipo_residencia estado_civil Cargo descricao_da_Profissao Cidade_Loja Modalidade_da_Proposta valor_inicial_da_prestacao valor_financiado score_SPC Score_MC Grupo_MC renda_cliente plano_financiamento Tipo_Cliente salario_perc categorias categorias_da_Profissao IPCA ranking_nacional municipio uf idhm_2010 idhm_renda_2010 idhm_longevidade_2010 idhm_educacao_2010 categoria_idh data_mes data_ano data_dia categoria_limpa divida_sobre_renda nn_prob
feature_infos=-1:2594:824:1370:2746:3508:2182:2359:2391:1982:1517:2198:3193:1234:968:420:1770:2607:2980:2598:1053:1808:1374:2606:3053:2215:162:695:1406:2693:742:726:1101:489:3867:4166:246:2146:3709:2088:908:4305:1182:2302:3142:1663:1128:1689:1708:2396:591:1647:2078:3949:2546:2490:3556:4236:140:4028:2971:2721:3503:1561:2510:3582:3656:3792:3374:458:2386:2444:373:3295:275:1720:196:224:3089:3251:3955:4091:2189:2929:185:2191:1491:2133:3912:539:3459:4141:1359:4219:1933:173:2046:3391:3778:3959:4088:4252:1906:2951:3691:3933:3041:1217:1867:3449:2021:3454:4116:2531:3604:3757:4004:1478:3799:151:363:1356:3354:227:2661:1336:2071:3934:4157:653:2556:3268:4047:1441:1848:3611:568:1488:2417:2596:2610:3187:665:1030:2425:2589:3235:3299:3415:3764:4286:676:1008:1368:1385:1482:1913:1917:1966:2028:2192:2461:2591:2602:2916:3172:1551:2178:2540:2647:3232:3773:4098:1003:1164:1394:1464:3025:3097:3816:4126:161:311:322:387:430:690:774:808:1466:2605:3286:633:662:959:2390:2436:2473:2588:2933:3261:3957:4133:350:503:1178:1944:2533:2552:3093:3279:3543:3634:3676:3787:3900:3956:131:529:1755:2187:2636:2677:2905:3273:155:168:508:801:1015:1257:1541:1892:2445:2465:3072:3098:3276:3321:3344:4081:4115:4269:346:470:1169:1213:1365:1369:1611:1758:1891:1921:3136:3437:3646:3682:3699:3807:3853:3937:128:772:1021:1200:1398:1994:2383:2515:2680:2736:2962:3173:3576:3783:4059:4118:4266:64:191:384:453:514:598:628:718:806:1068:1161:1277:1879:2020:2193:2199:2356:2635:2799:2803:3096:3406:3448:3568:3622:3703:4042:4100:4213:4228:4245:97:300:309:588:603:683:842:916:1066:1331:1559:1575:1736:1743:1885:1925:1926:2009:2342:2421:2431:2520:2592:2642:3233:3256:3292:3362:3417:3442:3566:3680:3700:3803:3845:4101:4103:67:105:288:302:401:429:526:548:670:771:782:818:917:1019:1140:1187:1189:1205:1279:1291:1349:1377:1544:1701:1860:1866:2006:2153:2207:2228:2254:2291:2332:2414:2576:2637:2638:2714:2762:2786:2892:2897:3002:3038:3122:3231:3248:3339:3383:3385:3440:3446:3453:3468:3472:3833:3839:3842:3952:3999:4000:4063:4108:4200:4208:4234:4244:4270:19:25:84:251:278:307:313:394:452:783:813:851:911:915:923:926:1031:1094:1130:1149:1229:1281:1454:1521:1555:1601:1750:1763:1826:1828:1829:1859:1863:1868:1894:1991:2104:2166:2172:2226:2238:2290:2298:2325:2331:2343:2345:2372:2380:2381:2412:2434:2453:2478:2586:2603:2622:2634:2644:2645:2653:2718:2730:2910:2934:2944:2969:3004:3007:3131:3168:3213:3255:3270:3336:3360:3430:3520:3569:3632:3688:3719:3818:3822:3847:3962:3966:3972:3979:4136:4164:4184:4221:4320:4321 [20:82] -1:0:1:2 -1:1:0 -1:0:3:4:1:2 -1:1:2:0:3:4:7:6:9:8 -1:531:5016:2253:4150:4448:4093:3876:891:3426:3828:2136:2325:2453:2059:2078:813:214:2822:1364:2517:3095:4966:1192:950:219:4926:225:2353:4373:4721:3189:5072:2996:1570:977:1473:4308:69:1186:1590:3266:5045:89:1838:3666:2688:1480:4208:3096:1560:3689:3921:1567:2491:4039:4415:440:2024:3596:4180:2753:67:4076:4586:692:1795:4502:2304:2619:3366:2400:4137:2121:4869:3753:1282:3138:3986:1190:3364:4450:1306:1151:2678:1612:1917:3518:52:3825:2732:4654:1093:1979:3546:4388:2782:344:1607:2767:1398:1869:4520:172:590:1907:3099:688:983:1042:2911:2765:3595:66:3041:3949:1983:4255:36:980:2714:3230:3907:4327:611:4269:2541:1843:2285:3258:3502:3545:279:4628:3862:1149:4935:1213:3465:298:2834:4126:4651:64:2800:1396:1492:2130:4561:1193:1682:2801:3313:3318:3796:4050:4260:2440:3225:1091:2163:2551:759:1485:1663:2233:2781:2813:3559:3966:4216:1791:2632:3700:3911:4403:5050:1225:1762:2435:2825:3895:29:2309:2603:3044:4726:571:1541:2336:2395:2717:3296:3790:4816:403:1635:3216:3334:3396:3941:4303:5065:149:894:1680:2195:2705:2797:3323:3814:4293:4801:4832:415:1222:1363:2000:3719:3738:589:2913:4128:4847:986:1264:2814:3381:3742:4010:4395:5036:1260:1503:1526:2018:2039:2175:2441:3319:4037:4206:137:693:915:1121:1305:1360:1704:1747:1915:2411:2512:2689:2779:3104:3236:3411:4046:4187:4298:4299:430:540:655:1476:1516:1968:3227:3253:3540:3819:4142:4249:4474:269:376:1116:1563:1642:2217:2388:2719:2783:2995:3152:3242:3961:4401:4682:323:369:374:406:630:1038:1392:1867:1880:2266:2746:3023:3040:3301:3382:3845:4053:4124:4188:4270:4337:4605:4650:5055:416:480:519:586:760:1219:1389:1539:1685:1861:2157:2168:2410:2741:3110:3141:3159:3409:3570:3612:3670:3675:3900:4733:333:565:677:1040:1246:1416:1456:1477:1675:2012:2202:2863:2945:3007:3065:3077:3127:3185:3210:3556:3734:4104:4181:4418:4724:4799:28:85:196:227:233:467:600:632:1056:1108:1153:1263:1399:1665:1676:1684:1904:1913:2328:2566:2660:2684:2764:3070:3347:3523:3660:3679:3687:3985:4054:4322:4367:4466:4503:4619:4742:4829:4885:4898:30:81:84:139:512:578:702:733:979:1137:1280:1281:1395:1397:1400:1504:1533:1596:1620:1696:1745:1797:1817:1849:1862:1883:1906:2028:2042:2111:2114:2243:2385:2573:2620:2628:2643:2682:2721:2799:2921:2928:3054:3130:3149:3169:3204:3278:3307:3449:3607:3809:3883:3901:3926:3936:3970:3973:4106:4121:4122:4222:4281:4452:4468:4488:4509:4716:4781:4983:5022:5026:5027:5031:5039:5056:35:63:80:141:184:285:299:324:396:432:487:604:732:907:1013:1030:1155:1158:1176:1215:1303:1309:1326:1422:1573:1705:1831:1841:1866:1932:2035:2061:2082:2231:2457:2504:2569:2606:2638:2679:2745:2763:2789:2826:2852:2856:2967:2985:3001:3072:3105:3165:3188:3337:3338:3406:3446:3452:3469:3497:3747:3780:3890:3933:4073:4114:4115:4160:4193:4318:4406:4419:4432:4535:4603:4618:4697:4741:4774:4821:5033:62:178:189:192:386:545:618:647:703:720:724:785:876:902:913:941:974:978:984:997:1059:1074:1109:1140:1168:1189:1270:1298:1299:1347:1418:1489:1498:1509:1589:1600:1603:1613:1646:1693:1736:1891:1894:1911:1924:1934:1936:1938:1943:2054:2096:2174:2218:2222:2256:2329:2384:2409:2420:2533:2553:2621:2631:2693:2702:2703:2735:2737:2755:2810:2853:2882:2892:2915:2950:3016:3028:3029:3051:3076:3087:3178:3182:3250:3304:3371:3389:3404:3476:3564:3581:3593:3643:3676:3725:3739:3812:3854:4011:4139:4156:4194:4276:4305:4317:4336:4385:4424:4440:4518:4523:4532:4574:4613:4624:4653:4655:4660:4708:4765:4768:4785:4809:4845:4922:5005:5060:5063:5071:12:15:20:23:49:51:56:77:82:107:153:175:223:228:234:235:243:286:292:300:325:332:370:388:400:423:431:435:450:494:502:508:521:543:554:587:603:615:686:738:739:745:772:783:795:843:858:862:864:899:901:918:926:967:1032:1054:1070:1089:1144:1150:1173:1231:1259:1274:1308:1321:1332:1341:1376:1380:1390:1410:1458:1494:1514:1524:1535:1556:1586:1626:1627:1652:1667:1670:1677:1690:1701:1735:1737:1763:1766:1798:1801:1808:1818:1864:1875:1930:1947:1977:2027:2105:2146:2173:2179:2187:2192:2200:2204:2232:2281:2316:2331:2352:2386:2412:2417:2424:2433:2444:2471:2474:2480:2495:2524:2537:2574:2605:2657:2661:2706:2768:2774:2776:2791:2840:2847:2867:2944:2946:2947:2956:2984:2989:2990:3050:3058:3083:3100:3107:3128:3143:3151:3170:3175:3254:3298:3325:3328:3367:3413:3430:3448:3498:3507:3533:3569:3586:3589:3604:3638:3646:3650:3668:3669:3683:3684:3691:3696:3726:3741:3744:3794:3802:3847:3849:3865:3877:3879:3925:3931:3958:3980:4056:4136:4140:4152:4167:4171:4196:4221:4227:4246:4253:4300:4311:4323:4325:4364:4366:4386:4393:4405:4407:4436:4439:4454:4458:4460:4461:4462:4469:4496:4514:4530:4540:4577:4590:4606:4611:4659:4667:4678:4684:4710:4718:4743:4771:4827:4834:4839:4843:4852:4861:4883:4890:4902:4903:4951:4963:5018 -1:326:348:2:218:297:71:288:268:112:313:258:154:147:124:53:5:87:201:171:136:299:280:208:230:172:364:99:97:287:128:159:194:270:332:295:111:358:294:231:95:138:113:141:307:143:10:199:105:200:129:120:263:293:296:223:226:357:262:49:311:54:145:69:260:244:103:187:45:328:334:57:303:238:11:196:245:343:198:335:28:14:15:259:319:34:240:94:158:205:175:221:100:298:317:125:96:176:213:63:74:322:190:72:207:253:289:51:237:9:65:308:40:242:264:368:17:82:39:304:340:8:338:341:29:275:78:345:243:273:91:132:339:252:93:225:4:25:246:272:68:241:318:44:160:233:73:354:356:26:130:13:19:134:166:79:23:80:197:75:16:204:306:363:254:366:12:119:222:148:188:372:324:184:352:146:261:228:271:285:290:3:90:195:227:118:150:283:88:300:316:333:38:140:211:248:302:127:214:206:371:102:309:48:86:236:301:312:116:174:122:169:55:267:365:370:131:133:331:108:117:170:181:292:321:21:70:155:373:62:168:250:42:279:291:7:33:60:66:346:350:83:232:320:347:180:329:121:256:77:101:110:325:353:24:265:330:351:361:81:84:92:104:149:234:47:247:235:281:46:229:327:1:106:164:189:191:249:284:156:157:257:269:276:360:178:98:167:323:58:76:152:216:359:362:126:182:217:220:342:27:59:286:115:135:162:224:109:144 -1:0 [26.329999999999998:2512.77] [100:13000] [0:1000] [0:99.700000000000003] -1:3:4:2:1:0 [-4000:390000] [1:48] -1:1:0 [-0.056070000000000002:450.81999999999999] -1:47:57:39:10:24:59:55:43:52:37:58:48:17:22:34:4:14:27:45:8:20:35:50:5:38:53:56:41:13:15:40:7:19:30:6:25:46:54 -1:17:16:10:5:6:13:14:1:9:15:3:4:8:7:0:11:12:2 [3.1600000000000001:5.79] [1:4941] -1:332:344:1:213:292:68:283:269:110:318:252:151:143:123:52:3:83:196:169:134:295:275:203:225:170:360:96:94:282:127:156:189:264:312:291:109:354:289:226:92:137:111:139:302:140:9:185:194:103:195:128:119:258:288:290:218:220:352:257:49:306:54:141:65:255:239:100:45:308:314:88:299:233:12:190:240:339:193:315:27:13:14:253:323:34:235:91:155:200:172:216:97:293:321:124:93:173:208:63:71:328:187:69:202:248:284:53:232:6:8:62:40:237:259:364:15:78:39:300:336:7:317:337:28:270:74:341:66:238:266:87:131:334:247:90:219:2:23:241:267:236:322:44:157:228:70:350:351:24:129:11:17:133:164:75:21:76:192:72:25:199:326:359:249:362:10:118:217:144:368:330:182:348:142:256:223:265:280:285:335:86:191:222:117:148:278:84:296:313:327:38:138:206:243:298:126:209:201:367:99:304:48:82:231:297:307:115:171:121:167:55:262:361:366:130:132:311:106:116:168:178:287:325:19:67:152:369:60:166:245:42:274:286:5:32:58:64:342:346:79:188:227:324:343:179:309:120:254:73:98:108:331:349:22:260:310:347:357:77:80:101:102:145:229:47:242:230:276:46:224:333:33:104:161:186:244:279:153:154:251:263:271:356:175:95:165:329:89:113:150:212:355:358:125:180:211:215:338:26:57:281:114:159:221:294 -1:14:19:21:18:15:7:9:5:3:4:1:2:10:17:13:6:0:8:16:12:20 [0.56499999999999995:0.86199999999999999] [0.51400000000000001:0.89100000000000001] [0.70899999999999996:0.89400000000000002] [0.39100000000000001:0.81100000000000005] -1:0:3:2 [1:12] none [0:6] -1:4:2:8:0:1:10:7:3:6:9 [-0.056070000014017497:100] [0.00014318681496661156:0.99999392032623291]
tree_sizes=3647 3927 4541 3904 4006 3845 4350 4708 3969 3930 4271 3973 4134 3984 4270 3926 4194 4654 5335 4197 4637 5121 4958 5440 5162 4006 5033 4059

Tree=0
num_leaves=31
num_cat=9
split_feature=34 34 34 34 34 7 34 7 7 34 7 11 4 15 14 22 11 34 12 7 16 9 11 11 21 9 29 33 25 7
split_gain=2663.11 553.732 476.644 145.366 98.6629 72.4124 60.4836 57.8596 48.697 38.1756 42.6451 37.2834 32.8878 35.6958 30.321 28.5987 24.4496 29.0289 29.9582 33.2643 27.7829 24.6156 24.4121 23.0814 21.6914 21.6821 25.9701 29.0079 20.81 19.8794
threshold=0.36881564557552343 0.21753818541765216 0.56511005759239208 0.29645083844661718 0.12707497179508212 0 0.72943648695945751 1 2 0.43576906621456152 3 1.0000000180025095e-35 4 19.500000000000004 1873.2700000000002 5 825.50000000000011 0.18784437328577044 79.875000000000014 6 7 204.58500000000004 784.50000000000011 735.50000000000011 1380.0000000000002 135.90000000000001 5.5000000000000009 0.060644499972709966 0.72750000000000015 8
decision_type=2 2 2 2 2 9 2 9 9 2 9 2 1 2 2 9 2 2 10 9 9 2 2 2 2 2 2 2 2 9
left_child=1 4 9 5 14 -3 -4 -6 -5 10 -2 -9 15 -14 28 23 17 18 19 -13 -19 25 24 -7 -16 26 -21 -28 -1 -10
right_child=2 3 6 8 7 12 -8 11 29 -11 -12 16 13 -15 22 -17 -18 20 -20 21 -22 -23 -24 -25 -26 -27 27 -29 -30 -31
leaf_value=1.2971794248208661 1.3240498304462802 1.3289475790958656 1.3423847231797199 1.3216910249989455 1.3227939614881086 1.311026550833567 1.3456259752435038 1.3183181551617733 1.3356866032533343 1.3384776320649197 1.335730675878684 1.3222446696507566 1.3105035846280269 1.3245679820047824 1.2822448129762201 1.3247663958082314 1.323526102339287 1.3115026251178106 1.268105127209296 1.316363493458294 1.2871235202129119 1.2864693279882742 1.327518086191297 1.3330770999013597 1.3148840720309964 1.3086636889114454 1.2377956221107635 1.2983161489540878 1.2498904730516955 1.330352805671172
leaf_weight=5.2769690901041058 156.66594651341438 461.5521901845932 3389.5719705969095 208.64146509766579 130.90900656580925 123.64644651114941 7183.0880441069603 101.66366712749004 546.82175724208355 3000.3131677508354 1786.1140395700932 31.86524310708046 255.93556374311447 100.53856298327446 41.429589405655861 448.10219806432724 26.173407882452011 177.40893289446831 12.508774593472479 6.647468954324725 20.901244193315506 68.355202451348305 7.3948687165975562 22.433205470442772 10.137470245361326 60.868390426039696 6.4424385875463468 6.2326028198003769 12.634676054120062 1063.0581093877554
leaf_count=18 379 1034 5945 524 323 359 11745 268 1088 5692 3563 79 748 242 164 1074 64 512 56 18 79 260 17 47 28 182 36 21 65 2330
internal_value=1.33845 1.32381 1.34219 1.32736 1.30804 1.32254 1.34459 1.31057 1.3311 1.33706 1.33488 1.30772 1.31937 1.31465 1.28661 1.32226 1.30481 1.30356 1.29804 1.30011 1.30893 1.29692 1.29353 1.31484 1.28866 1.3028 1.28435 1.26755 1.26382 1.33224
internal_weight=19473.3 3957.58 15515.8 3230.73 726.85 1412.21 10572.7 649.976 1818.52 4943.09 1942.78 519.067 950.656 356.474 76.8736 594.182 417.404 391.23 192.92 180.411 198.31 148.546 58.9619 146.08 51.5671 80.1909 19.3225 12.675 17.9116 1609.88
internal_count=36960 9636 27324 7446 2190 3504 17690 1898 3942 9634 3942 1575 2470 990 292 1480 1307 1243 652 596 591 517 209 406 192 257 75 57 83 3418
cat_boundaries=0 12 21 33 45 46 57 67 68 79
cat_threshold=536879104 2097152 8388864 536870912 5800961 1073809920 4144 2163200 32 570458656 33595392 1 0 10485760 131072 16777216 8192 0 2097152 1310720 16777216 67143680 256 16418 16908289 131089 2560 1610678464 270532672 0 65664 8421376 32 16416 2147491844 1610612736 512 67244290 0 536870976 4 0 0 36864 4192 14 578 131072 16 8192 0 33554432 67600 4 402653184 8 16781568 0 0 0 65536 0 0 65536 0 4 524288 2 268436484 2097152 8388608 98442 557056 64 2149580800 1835010 16777284 524835 256
is_linear=0
shrinkage=1


Tree=1
num_leaves=31
num_cat=8
split_feature=34 34 34 34 34 7 34 7 15 1 7 34 7 21 4 15 22 14 17 11 11 26 22 17 7 21 26 27 34 34
split_gain=2619.7 530.488 474.352 141.079 91.5926 69.3914 60.5122 55.4764 47.7666 50.451 47.4832 37.672 43.0899 35.396 33.2107 34.7946 28.5344 27.1722 25.9672 23.2958 22.7279 22.4209 21.4366 20.7586 20.6853 19.9162 18.797 17.8199 17.2544 17.2187
threshold=0.36881564557552343 0.21753818541765216 0.56511005759239208 0.29645083844661718 0.12707497179508212 0 0.72943648695945751 1 17.500000000000004 30.500000000000004 2 0.43576906621456152 3 312.00000000000006 4 19.500000000000004 5 1873.2700000000002 0.037173333333333357 754.50000000000011 784.50000000000011 0.82250000000000012 6 0.24766176959422551 7 1380.0000000000002 0.84550000000000003 0.70150000000000012 0.15158876031637195 0.17547155171632769
decision_type=2 2 2 2 2 9 2 9 2 2 9 2 9 2 1 2 9 2 8 2 2 2 9 8 9 2 2 2 2 2
left_child=1 4 11 5 17 -3 -4 28 9 -9 -5 12 23 -11 16 -16 19 21 -15 -7 25 -1 -12 -2 -13 -19 -10 -23 -6 -20
right_child=2 3 6 10 7 14 -8 8 26 13 22 24 -14 18 15 -17 -18 20 29 -21 -22 27 -24 -25 -26 -27 -28 -29 -30 -31
leaf_value=-0.018274162096087097 0.004837045409629097 0.0079111956790931665 0.021108364160962133 -0.00085004703609297945 -0.014876294266477587 -0.0097274282582987572 0.024371516914714331 -0.0076813742220003377 -0.0045453155051926927 -0.012217154653389082 0.014134544519111749 0.00875376874883089 0.014624274140305349 -0.078029444003481108 -0.010281625684199956 0.0035269367896368863 0.003691393467698451 -0.037244788134935022 -0.045339704676558769 0.014385621826460596 0.0063002084416530378 -0.082310358721099958 0.0088182210920921197 -0.095524092700971688 0.017644885703145572 -0.0060825631844534283 -0.017670102365895661 -0.031403755572163891 0.00065028808291530977 -0.026769969496802243
leaf_weight=5.0265562087297466 207.14472915232182 438.28509731590748 3347.8496838957071 159.31650123000145 33.803697153925896 125.88019159436226 7081.2016835808754 71.305618658661842 160.91507087647915 39.346892014145851 596.83641681075096 181.16035938262939 1719.4325113892555 5.2143946439027786 263.50411430001259 100.95782724022865 464.11357438564301 42.361366257071495 28.243327379226685 18.364373177289963 7.3674591332674018 9.6280331015586835 1052.0028451234102 0.82767350971698661 2789.0043916702271 10.174016475677488 59.894077971577644 3.8505646139383307 187.02331446111202 68.210867628455162
leaf_count=16 489 983 5945 409 104 363 11745 200 433 117 1204 400 3448 28 765 243 1113 164 118 37 17 53 2329 5 5292 28 190 14 469 239
internal_value=0.0171693 0.00264959 0.0209129 0.00614474 -0.012714 0.00140537 0.023324 -0.010265 -0.0142883 -0.0213914 0.0098434 0.0157785 0.013601 -0.0283241 -0.00159067 -0.00628416 0.00127731 -0.0331404 -0.0345576 -0.00622588 -0.0265965 -0.0543235 0.0108162 0.00423405 0.0171915 -0.0312099 -0.00810539 -0.0677674 -0.00165169 -0.0322075
internal_weight=19278.2 3951.63 15326.6 3219.26 732.365 1411.11 10429.1 653.957 433.13 212.321 1808.16 4897.57 1927.4 141.015 972.82 364.462 608.358 78.408 101.669 144.245 59.9028 18.5052 1648.84 207.972 2970.16 52.5354 220.809 13.4786 220.827 96.4542
internal_count=36960 9636 27324 7446 2190 3504 17690 1898 1325 702 3942 9634 3942 502 2521 1008 1513 292 385 400 209 83 3533 494 5692 192 623 67 573 357
cat_boundaries=0 12 22 34 46 47 58 68 80
cat_threshold=536879104 2097152 256 536870912 5800961 1073809920 4144 2163200 32 570458656 33595392 1 33796 10485760 131072 553713664 8192 1024 2162688 1376256 16777216 33554434 67143680 0 16386 131073 131088 2560 1610678464 64 0 65664 8421376 32 16416 2147492868 1610612736 514 67244290 0 536879168 537919492 0 2048 299008 4192 14 578 0 16 8192 0 33554432 67604 4 402653184 8 16781568 134218242 1048576 1074266112 134242321 37376 33554448 201392128 268492800 403177474 1064977 537477376 0 134236162 0 4160 1073741825 2147483648 524288 655424 2684354816 4096 69632
is_linear=0
shrinkage=0.02


Tree=2
num_leaves=31
num_cat=10
split_feature=15 7 11 7 15 6 15 15 32 29 7 15 11 16 1 7 7 6 14 24 1 13 1 9 17 9 15 15 17 17
split_gain=675.229 231.243 182.14 175.798 98.1427 68.198 58.6819 43.87 42.8412 43.6381 41.1379 40.4368 35.2165 36.0171 32.1183 33.6702 31.639 25.9152 23.9938 24.763 23.5132 19.2096 18.7656 18.5589 17.4734 16.7041 15.9311 15.1718 14.6705 14.5446
threshold=11.500000000000002 0 735.50000000000011 1 7.5000000000000009 2 17.500000000000004 16.500000000000004 3 1.5000000000000002 4 21.500000000000004 754.50000000000011 5 48.500000000000007 6 7 8 3104.6800000000007 0.75300000000000011 53.500000000000007 9 40.500000000000007 182.54500000000004 0.01836127272727275 170.00500000000002 8.5000000000000018 14.500000000000002 0.11911802641655701 0.055068928571428553
decision_type=2 9 2 9 2 9 2 2 9 2 9 2 2 9 2 9 9 9 2 2 2 9 2 2 10 2 2 2 10 10
left_child=4 21 3 8 22 -5 14 -4 11 -10 -8 27 13 -6 15 -7 26 -17 19 -11 25 -2 -1 -19 -13 -12 -15 -3 29 -26
right_child=1 2 7 5 12 6 10 -9 9 18 20 24 -14 16 -16 17 -18 23 -20 -21 -22 -23 -24 -25 28 -27 -28 -29 -30 -31
leaf_value=0.020415184304806839 0.021217796345875874 0.0070128183659001302 0.018360499490975492 -0.00032926568653071436 0.019697570959265245 0.0027966772263273297 -0.0066153702417160063 0.010848925253661672 0.0037892362828305954 -0.012920709829084852 0.0097369789712183265 -0.091678941143364501 0.021617024851106011 0.016599104624497853 0.014681508319199467 0.00099626723927508554 0.016282769325607856 0.014881433072723566 0.0021973969603206285 -0.054170065147302777 0.012816468666821419 0.016107169399538216 0.02264626575132777 0.01017924352281562 -0.015455882329822191 0.001019280214377764 0.0042306509543865887 -0.00022278912675560976 -0.027485647687337123 -0.00072516047527189961
leaf_weight=2361.416918233037 892.0131409317255 223.68774582445621 1182.9622583836317 240.53688761591911 1272.680196762085 230.75898240506649 90.57969443500042 421.93031515181065 19.545521423220634 8.3438036888837832 146.56760853528976 1.0233234614133824 834.53181305527687 55.948361471295357 1178.6734870225191 100.98378518223763 1919.9534147977829 622.09172701835632 6.0772099941968909 19.256782189011574 216.91975715756416 1384.1663502752781 4172.4042810499668 729.4218562245369 43.051623731851578 219.71300852298737 163.06079110503197 240.59530703723431 14.737907990813254 71.072013691067696
leaf_count=4292 1588 512 2229 615 2346 562 254 906 47 25 320 6 1480 109 2378 253 3762 1249 15 86 450 2715 7255 1587 133 549 391 613 52 181
internal_value=0.0169996 0.0127135 0.0105965 0.00852019 0.0203015 0.0101564 0.0108686 0.0163857 -0.00116261 -0.0168218 0.00558914 0.000495296 0.0179343 0.0170335 0.0121496 0.0103766 0.0154484 0.0114825 -0.0337788 -0.0417002 0.00747002 0.018194 0.0218399 0.012253 -0.00936089 0.00450768 0.0070676 0.00326327 -0.00870718 -0.00628213
internal_weight=19084.7 8304.71 6028.53 4423.64 10780 3776.25 3535.71 1604.89 647.391 53.2233 673.78 594.168 4246.17 3411.64 2861.93 1683.26 2138.96 1452.5 33.6778 27.6006 583.2 2276.18 6533.82 1351.51 129.885 366.281 219.009 464.283 128.862 114.124
internal_count=36960 17325 13022 9887 19635 8217 7602 3135 1670 173 1573 1497 8088 6608 6029 3651 4262 3089 126 111 1319 4303 11547 2836 372 869 500 1125 366 314
cat_boundaries=0 12 24 169 170 181 182 194 206 364 365
cat_threshold=536870948 0 1073744000 2 2214592512 4096 67141892 147458 2147487816 33587393 270532608 4160 98312 268435456 67256322 16793664 1048642 1048592 1075847176 70520832 0 1835522 2048 524288 0 1048576 0 0 0 0 0 0 8388608 0 0 0 0 0 0 0 0 0 0 0 0 0 0 0 0 0 0 0 0 0 0 0 262144 0 0 0 0 536870916 0 0 4 0 0 0 0 0 0 0 0 0 0 0 0 0 0 0 0 524288 0 536870912 0 2147483648 0 256 0 0 0 0 0 0 0 8192 0 0 0 1 0 0 0 0 0 134217728 0 0 67108865 0 0 0 0 0 2147483648 0 0 0 0 0 0 0 0 0 0 0 0 0 0 64 0 4 0 1073741824 0 0 0 0 262144 0 0 512 0 0 0 0 131072 0 0 0 0 0 0 512 0 65536 0 0 0 128 0 16 0 0 0 0 0 1024 1048576 1040 1024 6291456 2147483680 268435456 1024 134250496 65664 0 16384 0 266240 1 33555728 2147491844 0 536903681 663552 67584 524304 0 16842768 0 8192 65536 3072 132 138690816 2952790016 1056768 0 538968128 524304 17301520 537397250 524288 65536 0 0 0 0 0 0 0 0 0 0 0 0 0 0 0 0 524288 0 0 0 0 0 0 0 0 0 0 134217728 0 0 0 0 0 0 0 0 0 0 0 0 0 0 1048576 0 0 0 0 0 0 0 0 0 0 0 0 0 0 0 0 0 0 0 0 0 0 0 0 0 0 0 0 0 0 131072 0 0 0 0 0 0 0 0 0 0 0 0 0 0 0 0 0 0 0 0 0 0 0 0 0 0 0 0 0 0 0 0 0 0 0 0 0 0 0 0 0 0 0 0 0 1048576 0 16 0 0 0 0 0 0 0 0 0 0 0 0 0 0 0 2147483648 0 0 0 0 0 0 0 0 0 131072 0 0 0 0 0 0 0 0 0 2097152 16
is_linear=0
shrinkage=0.02


Tree=3
num_leaves=31
num_cat=8
split_feature=34 34 34 34 34 7 34 7 7 34 7 11 4 15 17 22 11 12 34 11 14 31 11 14 22 11 7 1 34 15
split_gain=2572.16 502.061 473.117 136.49 82.0756 68.1109 60.7803 53.1921 47.674 37.0881 41.3229 35.5725 30.2716 33.0913 28.0315 26.4427 25.7146 24.8222 47.9879 27.3006 27.411 24.2886 24.0081 23.741 21.9643 20.5001 20.3053 19.7948 24.8733 23.8108
threshold=0.36881564557552343 0.21753818541765216 0.56511005759239208 0.29645083844661718 0.12707497179508212 0 0.72943648695945751 1 2 0.43576906621456152 3 429.50000000000006 4 19.500000000000004 0.16799150326797402 5 469.50000000000006 79.875000000000014 0.18784437328577044 778.50000000000011 7825.0000000000009 1.5000000000000002 735.50000000000011 1873.2700000000002 6 784.50000000000011 7 30.500000000000004 0.18151196092367175 19.500000000000004
decision_type=2 2 2 2 2 9 2 9 9 2 9 2 1 2 8 9 2 10 2 2 2 2 2 2 9 2 9 2 2 2
left_child=1 4 9 5 23 -3 -4 -6 -5 10 -2 14 15 -14 -9 22 -13 19 21 20 27 -19 -7 -1 -10 -25 -11 -18 29 -29
right_child=2 3 6 8 7 12 -8 11 24 26 -12 16 13 -15 -16 -17 17 18 -20 -21 -22 -23 -24 25 -26 -27 -28 28 -30 -31
leaf_value=-0.050961924751307654 0.0025903610712286348 0.0074489725747682927 0.0208077778307862 -0.0017617924012681189 0.0016095670433499954 -0.0099167102975511196 0.024118556146909036 -0.0033151359157212392 0.013816859018654816 0.0082633583001126675 0.01411472322805634 -0.037466414624813461 -0.010376889207081354 0.0031955614522884467 -0.067120486136949126 0.0033799452976326716 -0.0060221039887109282 -0.032238408881684784 -0.012432128071407764 0.00038034895248016524 -0.053232582709858124 -0.090570315616487498 0.012213856568782901 -0.029737720919239527 0.0084621424580644516 0.0060039875359786032 0.017294901238024275 -0.036879206538918262 -0.011898801552407951 -0.015859271783499648
leaf_weight=19.209799528121948 154.84828591346741 454.78386497497559 3270.2108672857285 142.84680530428886 130.60148030519485 126.92585730552673 6893.4801584333181 139.90679176151752 587.28638616204262 169.78965835273266 1741.0064654648304 21.604357063770294 257.25772428512573 99.703198403120041 2.8094814717769614 439.68543885648251 75.069371655583382 5.1774745881557482 18.481801435351372 48.853013455867767 7.6193491816520682 6.3660926967859268 23.190483599901199 53.711673185229301 1054.3097558021545 7.2901988774538031 2741.8904070854187 42.271564558148384 113.00250190496445 43.986982718110085
leaf_count=83 379 1034 5945 373 323 367 11745 370 1204 381 3563 84 748 242 14 1064 206 19 55 123 34 37 49 192 2365 17 5311 163 334 136
internal_value=0.016831 0.00241306 0.0206081 0.00585231 -0.0124755 0.00118134 0.0230533 -0.0101395 0.009521 0.0154385 0.0132616 -0.0128475 -0.00188809 -0.00640648 -0.00457119 0.000907751 -0.016272 -0.015003 -0.0324146 -0.0134226 -0.0158142 -0.0644075 -0.00609208 -0.0315722 0.0104499 -0.0254663 0.016856 -0.0147749 -0.0180725 -0.0261602
internal_weight=18893.2 3921.95 14971.2 3185.99 735.962 1401.55 10163.7 655.75 1784.44 4807.53 1895.85 525.149 946.763 356.961 142.716 589.802 382.433 360.828 30.0254 330.803 281.95 11.5436 150.116 80.2117 1641.6 61.0019 2911.68 274.33 199.261 86.2585
internal_count=36960 9636 27324 7446 2190 3504 17690 1898 3942 9634 3942 1575 2470 990 384 1480 1191 1107 111 996 873 56 416 292 3569 209 5692 839 633 299
cat_boundaries=0 12 21 33 45 46 57 67 79
cat_threshold=536879104 2097152 8388864 536870912 5800961 1073809920 4144 2163200 32 570458656 33595392 1 0 10485760 131072 16777216 8192 0 2097152 1310720 16777216 67143680 0 16386 131072 131088 2048 1610612928 64 0 65664 8421376 32 16416 2147491844 1610612736 512 67244290 0 536870976 4 0 0 36864 4192 14 578 131072 16 8192 1 33554432 67600 4 402653184 8 16781568 134218242 1048576 1074266112 134242321 37376 33554448 201392128 268492800 403177474 1064977 537477376 0 134236162 0 4160 1073741825 2147483648 524288 524352 2684354816 4096 69632
is_linear=0
shrinkage=0.02


Tree=4
num_leaves=31
num_cat=12
split_feature=12 10 7 11 7 12 7 9 32 11 7 21 16 7 9 12 20 9 10 10 7 7 10 10 29 9 10 7 7 8
split_gain=534.378 262.7 143.329 121.431 90.3747 81.2105 59.5662 61.8847 44.2115 34.1296 41.4276 33.3392 32.9759 35.1255 31.3869 30.2555 27.7477 24.0515 30.2396 22.6671 20.6482 20.4876 19.1466 16.8635 17.3846 16.8576 21.6599 27.244 16.6174 16.3584
threshold=84.875000000000014 1419.1050000000002 0 764.50000000000011 1 69.915000000000006 2 329.33500000000004 3 744.50000000000011 4 779.50000000000011 5 6 261.30500000000006 93.075000000000003 4.6650000000000009 337.72500000000008 2426.1150000000002 2770.5000000000005 7 8 3543.5000000000005 1789.1150000000002 11.500000000000002 192.80500000000004 975.34500000000014 9 10 11
decision_type=10 2 9 2 9 8 9 2 9 2 9 2 9 9 2 10 2 2 2 2 9 9 2 2 2 2 2 9 9 9
left_child=1 5 8 4 17 21 -6 12 14 10 -7 16 -8 -14 -3 -2 -10 18 -4 29 -15 -1 -19 -22 28 26 -12 -28 -25 -9
right_child=15 2 3 -5 6 9 7 19 11 -11 25 -13 13 20 -16 -17 -18 22 -20 -21 23 -23 -24 24 -26 -27 27 -29 -30 -31
leaf_value=0.0014923099964587034 0.0205784308869453 -0.0020828624290033342 0.0054836266271536972 0.018061080126921952 0.016577862646715118 0.0063746140536077968 0.0136865110276055 0.018689844712296805 -0.043373579850335117 0.021710070602595378 0.018566450761437207 -0.0019345737217331827 0.0018817927842554286 0.013390811274622562 0.0099052406657203895 0.023638912097533465 -0.0083226654357644921 0.015093711151380329 -0.0054805616132006301 0.011726040371077124 0.01101652269954974 0.012252293740964662 -0.00069674821671055127 0.0015741845890336753 -0.0047327324597694525 0.020169549061723684 0.0076330895059420036 0.016618954160391556 0.008549138399657031 -0.00031118098656897716
leaf_weight=97.7119380235672 2540.5606632828712 174.89897812902927 258.68195308744907 1338.8998420536518 1072.3814004659653 166.33259148895741 585.18887512385845 527.24209694564342 19.8292515873909 968.60069900751114 2144.9367625713348 47.190857112407684 313.11161312460899 446.95903313159943 174.53675973415375 2629.2338973134756 16.594651445746422 106.61306214332581 164.67228235304356 390.49560359120369 508.84190857410431 558.33972471952438 43.146601781249046 192.18068674206734 52.088046982884407 1079.6521151959896 220.82786312699318 1147.6495535671711 696.83616237342358 18.768864288926125
leaf_count=244 4689 459 609 2573 2112 388 1213 1006 80 1747 4104 124 778 924 384 4577 47 216 450 836 1103 1181 111 480 142 2008 503 2260 1564 48
internal_value=0.0166652 0.0145758 0.0119426 0.0126528 0.0113298 0.0175245 0.0122198 0.0109265 0.000620847 0.0182879 0.0175915 -0.0116378 0.00946497 0.00834715 0.00379633 0.0221349 -0.0274045 0.00359303 0.00121888 0.0154053 0.00935511 0.0108592 0.0105444 0.00802787 0.00649725 0.0179447 0.0173121 0.0153461 0.00715522 0.0180367
internal_weight=18703 13533.2 7149.16 6716.11 5377.21 6384.05 4804.09 3731.71 433.05 5728 4759.4 83.6148 2795.21 2210.02 349.436 5169.79 36.4239 573.114 423.354 936.507 1896.91 656.052 149.76 1449.95 941.105 4593.07 3513.41 1368.48 889.017 546.011
internal_count=36960 27694 15259 14165 11592 12435 10206 8094 1094 11010 9263 251 6204 4991 843 9266 127 1386 1059 1890 4213 1425 327 3289 2186 8875 6867 2763 2044 1054
cat_boundaries=0 12 24 36 37 49 50 62 74 86 98 108 109
cat_threshold=33554440 2147549186 604389888 1627394048 4227074 768 2097152 7208 0 1572864 0 512 118784 268435456 4 16384 0 1048577 32 87622400 0 4610 265217 1048576 268566560 524288 128 512 2214592513 65536 67108868 147462 328 32865 272109824 20544 1044 67174400 268435456 16896 0 1048642 2098688 2147483648 67376128 0 790528 134217736 8192 1 2304 1408 2 192 256 1073746944 541155328 536870912 16943124 2064 41943040 8192 537395216 33554432 2281703680 2130962 263200 16812032 2147516928 272629760 0 2181039104 32768 2048 0 0 536870912 0 524288 2048 2147483648 0 0 34817 0 64 41984 532480 8454400 32768 565504 268437504 69206272 4259840 16793600 66050 4 16 1028 68 32800 196608 663616 134217728 4360 0 4096 65536 1
is_linear=0
shrinkage=0.02


Tree=5
num_leaves=31
num_cat=7
split_feature=34 34 34 34 34 22 34 22 22 34 22 11 1 11 34 4 15 22 22 15 17 10 25 25 15 10 12 9 1 29
split_gain=2529.09 477.786 471.934 132.187 74.5387 66.6513 60.9937 50.5524 46.5745 36.5768 41.2971 34.2395 30.9532 31.3114 34.2901 29.4146 31.3633 26.0946 23.6966 23.3918 26.3875 22.4835 29.077 33.3131 22.0054 21.7653 21.2624 33.1671 21.0953 25.7985
threshold=0.36881564557552343 0.21753818541765216 0.56511005759239208 0.29645083844661718 0.12707497179508212 0 0.72943648695945751 1 2 0.43576906621456152 3 1.0000000180025095e-35 30.500000000000004 825.50000000000011 0.18151196092367175 4 19.500000000000004 5 6 11.500000000000002 0.043714142857142861 3543.5000000000005 0.69300000000000006 0.77350000000000019 10.500000000000002 775.02500000000009 80.765000000000015 200.71500000000003 41.500000000000007 7.5000000000000009
decision_type=2 2 2 2 2 9 2 9 9 2 9 2 2 2 2 1 2 9 9 2 10 2 2 2 2 2 10 2 2 2
left_child=1 4 9 5 21 -3 -4 -6 25 10 26 -9 -13 14 19 17 -17 24 -10 -14 -21 22 -1 -24 -7 -5 -2 -28 -16 -30
right_child=2 3 6 8 7 15 -8 11 18 -11 -12 12 13 -15 28 16 -18 -19 -20 20 -22 -23 23 -25 -26 -27 27 -29 29 -31
leaf_value=-0.0062631580828315016 0.0058332349367842939 0.0072832502556757486 0.020519457695086757 -0.041472838483017117 0.0014449379295044624 -0.02712042416247154 0.023876980453612244 -0.0025511411943112978 0.013758751135670289 0.016532273161622944 0.013942077024201558 -0.0060169922098448781 -0.065833877075201302 0.0026419567217506918 -0.023845862722454009 -0.01030282205110231 0.0029310561229446371 0.003100404453662602 0.0081624395904252526 -0.050753595326624323 -0.022688853020591288 -0.008778589652127234 -0.055645268202309792 -0.024282459685073345 -0.0038500980445772331 -0.00053378635345245422 0.0015623092373902062 -0.057591120381276124 -0.018875331526869179 0.00068717140189287725
leaf_weight=11.320350691676138 182.47318789362907 441.42330293357372 3195.0639002472162 5.3998531550168982 129.89641360938549 18.690016806125641 6708.1919869631529 102.3235033005476 548.45647080242634 2855.3975738286972 1665.4203168451786 104.96778167784214 6.3309529274702063 25.682675123214722 62.008321464061737 260.10949492454529 98.856230765581131 448.12862764298916 1070.7321881949902 15.423421725630758 102.19690574705601 15.652423724532126 29.989096745848656 24.708895221352577 124.7593074887991 136.6388471275568 11.916308507323267 5.5607721805572501 54.559640675783157 53.316115438938141
leaf_count=31 429 1012 5945 22 323 66 11745 268 1137 5692 3457 288 31 63 210 756 242 1094 2432 67 340 44 134 83 334 351 30 26 175 133
internal_value=0.0165001 0.00217116 0.0203132 0.00556232 -0.0123106 0.00095612 0.0227938 -0.0100696 0.00920278 0.0151094 0.0129313 -0.0126953 -0.0154396 -0.0185351 -0.0203861 -0.00203733 -0.00647786 0.000720052 0.0101309 -0.0283847 -0.026369 -0.0303297 -0.0354393 -0.0414776 -0.0064335 -0.00195268 0.00363312 -0.0172588 -0.0145501 -0.00920683
internal_weight=18515.6 3891.57 14624 3153.19 738.376 1391.97 9903.26 656.706 1761.23 4720.77 1865.37 526.809 424.486 319.518 293.835 950.544 358.966 591.578 1619.19 123.951 117.62 81.6708 66.0183 54.698 143.449 142.039 199.95 17.4771 169.884 107.876
internal_count=36960 9636 27324 7446 2190 3504 17690 1898 3942 9634 3942 1575 1307 1019 956 2492 998 1494 3569 438 407 292 248 217 400 373 485 56 518 308
cat_boundaries=0 11 20 32 44 45 56 66
cat_threshold=268437504 1048576 524320 2415919104 1151488 1207968384 129 67600 257 167774225 270532610 0 9437184 8192 8388608 2048 0 65536 40960 524288 16797696 1073741824 1024 32768 8200 512 50331654 2 0 134221832 524288 1 8200 2147491844 1275068416 128 8397889 1073742848 285212674 16809984 0 687865984 0 261 14 578 0 16 8192 0 33554432 67604 4 402653184 8 16781568 134218242 1048576 1074266112 24593 37376 33554448 201392128 268492800 403177474 1064977
is_linear=0
shrinkage=0.02


Tree=6
num_leaves=31
num_cat=9
split_feature=34 34 34 34 34 22 34 22 10 22 1 34 22 1 6 1 10 9 22 21 22 22 10 10 26 33 10 12 9 4
split_gain=2487.79 470.313 457.761 128.181 69.6406 62.8782 61.1735 48.7396 47.8876 45.2093 38.6493 36.1007 41.1777 34.4255 29.0582 27.5542 27.1784 35.7992 26.0902 23.5158 23.267 21.165 20.7985 20.7696 24.0414 23.4507 20.3643 19.9968 34.2786 19.4894
threshold=0.36881564557552343 0.56511005759239208 0.21753818541765216 0.29645083844661718 0.12707497179508212 0 0.72943648695945751 1 1169.9050000000002 2 58.500000000000007 0.43576906621456152 3 30.500000000000004 4 34.500000000000007 958.90000000000009 116.18500000000002 5 312.00000000000006 6 7 850.08000000000004 3543.5000000000005 0.80650000000000011 0.10665466660978436 775.02500000000009 80.765000000000015 200.71500000000003 8
decision_type=2 2 2 2 2 9 2 9 2 9 2 2 9 2 9 2 2 2 9 2 9 9 2 2 2 2 2 10 2 1
left_child=2 11 4 5 23 -4 -3 -6 10 26 -9 12 27 -10 -7 -15 17 -16 -18 -17 -11 -13 -19 24 -1 -26 -5 -2 -29 -20
right_child=1 6 3 9 7 14 -8 8 13 20 -12 21 -14 15 16 19 18 22 29 -21 -22 -23 -24 -25 25 -27 -28 28 -30 -31
leaf_value=0.0032030984613902152 0.0057333527776836282 0.020366629494079858 0.0075381578749725521 -0.039666316527826477 -0.0016941538257820067 0.0039721552520450149 0.023751540622931323 -0.040343389044312443 -0.00090704922748074783 0.013599993362147194 0.012815574069213131 0.0074992137560423765 0.013798456348157193 -0.032019592651857838 -0.0067838842736007779 -0.0065000403304694629 0.0030452770963419417 -0.022076799936212924 -0.0014693514140203059 -0.018367897452699275 0.0080398131056757648 0.016805362302408242 -0.066101978199616315 -0.0085608608165820173 -0.030575440051672873 -0.058857469085021104 -0.00052294540916515827 0.0026353943753010508 -0.055830432007021237 -0.0098352796972374628
leaf_weight=6.2697365283966056 183.91040886938572 3155.0615408867598 398.87654735147953 5.5314867645502082 220.52385140955448 253.61113607883453 6609.7380675673485 39.997775301337242 92.52418127655983 543.92422696948051 6.3376134634017935 159.24542024731636 1648.6303205043077 33.277572736144066 42.497801333665848 127.36889910697937 214.8305421769619 10.138208240270616 259.57249739766121 140.40314491093159 1065.5275249779224 2667.5743096023798 7.44388623535633 15.728720188140867 45.1274473965168 15.844778463244436 136.68155626952648 12.495634958148004 5.9076638817787162 204.22011804580688
leaf_count=15 434 5945 913 22 573 607 11745 159 236 1137 13 367 3450 122 119 350 522 34 677 445 2432 5325 37 44 161 72 351 31 27 595
internal_value=0.0163377 0.0201599 0.00213318 0.00547155 -0.0119803 0.000939314 0.0226579 -0.00981059 -0.0135332 0.00907109 -0.0330725 0.0149454 0.0127741 -0.0115767 -0.00177131 -0.0148558 -0.00376987 -0.016714 -0.00267945 -0.0127228 0.00999129 0.0163671 -0.0407161 -0.0292506 -0.0340902 -0.0379251 -0.00191108 0.00356796 -0.0161328 -0.00528293
internal_weight=18328.8 14442.6 3886.26 3142.86 743.404 1391.19 9764.8 660.433 439.909 1751.66 46.3354 4677.76 1850.94 393.574 992.314 301.05 738.703 60.0799 678.623 267.772 1609.45 2826.82 17.5821 82.9707 67.242 60.9722 142.213 202.314 18.4033 463.793
internal_count=36960 27324 9636 7446 2190 3504 17690 1898 1325 3942 172 9634 3942 1153 2591 917 1984 190 1794 795 3569 5692 71 292 248 233 373 492 58 1272
cat_boundaries=0 11 21 33 45 203 214 224 236 237
cat_threshold=268437504 1048576 32 2415919104 1151488 1207968384 129 67584 1 167774225 270532610 16898 9437184 8192 276840448 2048 256 67584 43008 268959744 1073741824 16797696 1073741824 1024 32768 8200 512 50331654 2 0 134221832 524288 1 8200 2147491844 1275068416 128 8397889 1024 285212674 16809984 16384 687865984 0 261 0 0 33554464 0 0 0 0 0 0 0 0 0 0 0 0 0 0 0 0 0 0 0 0 0 0 8192 0 0 0 0 0 0 0 0 0 0 0 0 0 0 0 0 0 0 0 0 2 0 2147483648 4194304 4096 0 0 0 0 0 0 0 0 0 0 0 0 0 2048 0 0 0 0 0 8192 0 0 131072 0 0 0 0 0 0 0 0 0 0 0 0 0 0 0 0 0 0 0 0 0 0 0 0 0 2097152 0 0 0 0 0 0 0 0 0 0 0 0 0 0 0 0 0 0 0 0 0 0 0 0 0 0 0 536870912 0 0 0 65536 0 0 0 0 2097152 0 0 0 4194304 0 0 0 0 0 0 0 0 0 0 0 0 1073741824 0 64 16777216 2097152 16384 0 1074266130 8388608 64 1024 67110928 2147524820 2304 1074790400 561152 134218242 1048576 1074266112 24593 37376 33554448 201392128 268492800 403177474 1064977 302129280 1073741824 8389888 0 536871936 134217728 67108864 16384 16386 16777220 10 4352 8
is_linear=0
shrinkage=0.02


Tree=7
num_leaves=31
num_cat=15
split_feature=10 7 9 7 13 7 6 7 7 10 18 27 9 7 17 10 8 6 16 7 2 9 10 10 2 14 27 10 9 9
split_gain=415.248 173.036 129.451 114.371 97.211 62.9294 41.0008 48.3407 45.4468 39.3959 33.9526 34.084 33.2626 32.7493 25.697 22.5056 20.6436 20.1161 18.446 18.9293 18.3741 17.9101 23.7155 15.2485 13.6872 12.9613 12.0522 11.9896 14.4858 11.8172
threshold=1492.9300000000003 0 314.37500000000006 1 2 3 4 5 6 1024.3000000000002 7 0.67850000000000021 235.48000000000005 8 0.03987626373626376 3225.5000000000005 9 10 11 12 13 163.79000000000005 718.84000000000003 1999.9500000000003 14 1840.0550000000001 0.72550000000000014 2350.1400000000008 489.78000000000003 192.80500000000004
decision_type=2 9 2 9 9 9 9 9 9 2 9 2 2 9 10 2 9 9 9 9 1 2 2 2 1 2 2 2 2 2
left_child=4 -2 3 10 -1 -6 7 23 -8 21 11 -3 13 20 24 16 27 -10 -19 26 -11 22 -7 29 -12 -13 -20 -4 -29 -5
right_child=1 2 15 6 5 9 8 -9 17 12 14 25 -14 -15 -16 -17 -18 18 19 -21 -22 -23 -24 -25 -26 -27 -28 28 -30 -31
leaf_value=0.022459562338538866 0.018109414674386343 -0.00096941807182909985 0.01918057082606486 0.0010219852136406147 0.0072800717894719322 0.019648959274209496 0.001345256877334382 0.014548981724223769 -0.00013955805009610982 -0.0011257660033249727 -0.0064674446660012777 -0.051296394491969412 0.020163243258311873 0.015771418056461959 0.003324373474555789 0.011891321529992628 -0.00057406811471721311 0.014199396113904051 0.017586397696203824 0.0074739529251415119 0.010629627780902103 0.020897286132515982 0.016314246124762642 0.00083851150182357099 -0.030974324979421576 -0.022233530934226645 0.010226267166446278 0.013785134200558243 0.020221913814067835 0.014407520763521626
leaf_weight=2559.3205409646034 1875.9225482344627 21.476798504590988 587.99805344641209 38.384599357843399 276.0951502174139 2016.1632875800133 341.86792215704918 1213.6789306253195 92.191908538341522 71.009193643927574 41.085253745317459 11.218937560915947 569.809072509408 1634.4795958697796 275.86243829131126 547.01737886667252 27.153193950653076 339.35448132455349 164.28113125264645 1105.9669586867094 211.88751266896725 1426.5850544124842 1478.6970375478268 159.01243221759796 11.71527077257633 13.553293913602829 194.1850748360157 568.00281891226768 185.53107587993145 84.367109715938568
leaf_count=4713 3696 56 1143 98 645 3892 858 2511 239 186 115 48 1091 3337 674 1179 70 709 322 2555 470 2699 3004 404 43 44 431 1198 354 176
internal_value=0.0161771 0.0127316 0.0110086 0.00902475 0.0188341 0.0175745 0.0100673 0.012748 0.00822712 0.0179478 -0.00158262 -0.0159585 0.0159205 0.0146597 0.000851822 0.0153203 0.0166907 0.00945443 0.00994285 0.00902437 0.00741676 0.0190089 0.018238 0.00475755 -0.011905 -0.0353956 0.0132303 0.0170402 0.01537 0.0102218
internal_weight=18143.9 7899.83 6023.91 4108.2 10244 7684.73 3733.29 1495.44 2237.85 7408.63 374.912 46.249 2487.19 1917.38 328.663 1915.7 1368.69 1895.98 1803.79 1464.43 282.897 4921.45 3494.86 281.764 52.8005 24.7722 358.466 1341.53 753.534 122.752
internal_count=36960 16923 13227 9283 20037 15324 8303 3189 5114 14679 980 148 5084 3993 832 3944 2765 4256 4017 3308 656 9595 6896 678 158 92 753 2695 1552 274
cat_boundaries=0 12 23 24 36 195 207 218 220 231 232 370 371 383 384 385
cat_threshold=268435492 0 128 528 2214592512 65536 67108868 131202 2147488200 41943105 271601664 20544 33619976 2415919104 603979776 16777280 32770 768 2097160 536942608 16777216 1572866 1 16 67174400 268435456 20996 2147483904 4194304 2114304 2149580800 100930560 805306368 524288 1207959560 8448 0 0 33554464 0 0 0 4194304 0 0 1024 0 0 0 0 0 0 524288 0 0 0 0 0 0 0 0 0 0 134217728 0 0 1048576 0 0 0 0 0 0 256 0 0 0 0 0 0 0 0 256 0 0 4 0 0 0 0 0 0 0 0 0 134217728 0 0 0 0 1073743872 0 16777216 0 0 0 8192 0 2097152 0 0 0 0 0 2097152 0 0 0 0 4194304 0 0 2 0 64 0 0 0 0 1048576 0 0 0 0 0 0 0 0 0 0 0 0 0 0 0 0 0 0 0 0 0 512 0 0 0 0 0 16 0 0 0 0 0 536870912 0 4194304 0 65536 0 0 0 0 0 0 0 1 0 0 0 0 0 16384 0 0 0 0 0 0 32 0 0 0 0 0 65536 51200 37748736 16826402 536870912 8192 134217728 3758096768 1572864 671285264 66048 8650752 1 256 384 16386 67239936 4194320 268441601 536879152 2360064 65536 512 8192 0 33554560 268436736 2147483648 8388866 268435585 1605698 268437504 73760 4260352 16793616 2147487746 262144 1 0 0 0 0 0 0 0 0 0 0 0 0 0 0 0 0 0 0 0 0 0 1048576 0 0 0 0 0 0 0 4194304 0 0 0 0 0 0 0 4 0 0 0 0 0 0 0 0 0 0 0 0 0 0 0 0 0 0 0 0 0 0 0 2147483648 0 256 0 0 0 0 0 0 0 0 0 0 0 1 0 0 0 0 0 0 0 0 1 0 0 0 0 0 2147483648 0 0 0 0 0 0 0 0 0 0 0 0 0 0 0 0 0 0 1073741824 0 0 0 0 0 0 0 0 0 0 0 0 131072 0 0 0 0 4096 1073741824 512 0 0 0 0 0 0 0 2147483648 1 524304 40370176 2164329472 2129920 1025 16777216 32896 4726788 536870912 262144 1074266112 48 2 1
is_linear=0
shrinkage=0.02


Tree=8
num_leaves=31
num_cat=11
split_feature=34 34 34 34 34 34 22 22 22 10 34 22 10 1 2 15 4 10 22 1 22 22 1 22 12 10 10 17 15 22
split_gain=2449.96 470.302 436.154 124.22 64.6197 61.6251 61.4121 53.8375 44.0661 40.4936 35.6379 40.5268 28.8862 34.9623 28.5961 31.9906 27.6144 29.512 25.5421 26.5253 25.2225 24.9234 24.5401 22.5738 20.1669 19.4811 17.956 40.428 17.6502 17.5333
threshold=0.36881564557552343 0.56511005759239208 0.21753818541765216 0.29645083844661718 0.14086887240409854 0.72943648695945751 0 1 2 4024.4500000000003 0.43576906621456152 3 1169.9050000000002 58.500000000000007 4 23.500000000000004 5 3076.0000000000005 6 30.500000000000004 7 8 34.500000000000007 9 80.765000000000015 775.02500000000009 1013.1550000000001 0.031632923076923107 20.500000000000004 10
decision_type=2 2 2 2 2 2 9 9 9 2 2 9 2 2 1 2 1 2 9 2 9 9 2 9 10 2 2 8 2 9
left_child=2 10 4 6 9 -3 -4 -6 25 -1 11 24 13 -9 15 -14 21 28 -16 -20 -10 26 -21 -12 -2 -5 27 -8 29 -18
right_child=1 5 3 8 7 -7 16 12 20 -11 23 -13 14 -15 18 -17 17 -19 19 22 -22 -23 -24 -25 -26 -27 -28 -29 -30 -31
leaf_value=-0.029018604125602279 0.0052232647201933772 0.020089879073129743 0.0072704828355317965 -0.038811859683107235 0.0012491870657719345 0.023529340600492339 0.0055890365234351029 -0.034051504345058617 0.01333698150834646 0.0037760356655242907 0.0082490035573859651 0.013449716337956179 -0.075608044675278638 0.012301968814026329 -0.0032914790931892618 -0.010898124627457166 0.0028077258473978399 0.0065416348312502719 -0.0039382649420159951 -0.038034369580822416 0.007614114960337837 0.0031048458773731149 -0.015947020262052101 0.016594240943264532 -0.018129980505518908 -0.0007330792588736651 -0.0039459727476750771 -0.057320864543129721 0.00075631451703613516 -0.012906502982338903
leaf_weight=112.97573007643223 175.94558602571487 3082.3412099480629 394.68696762621403 5.5954661816358557 157.07223512232304 6431.4812464267015 8.1267071515321714 42.82111731171608 550.93432803452015 17.377046301960945 210.51963765919209 1629.2008854746819 5.7176261097192764 7.6753496825695029 167.34846782684326 6.5643817931413651 35.151321515440941 59.84591518342495 64.061855375766754 23.497105211019516 1036.3590461015701 447.82009045779705 140.03770816326141 2561.6506982594728 16.148870587348938 135.85434511303902 147.21899320185184 8.2180328667163867 62.335662752389908 218.06956984102726
leaf_count=397 421 5945 913 22 392 11745 19 160 1169 41 485 3469 30 16 441 19 85 138 171 91 2400 1098 432 5207 52 351 396 38 158 659
internal_value=0.0160163 0.0198776 0.00188723 0.00517986 -0.0118561 0.022415 0.000708658 -0.00914409 0.00875289 -0.0246468 0.0146222 0.0124488 -0.0124656 -0.0270059 -0.0109687 -0.0410224 -0.00196961 -0.00617062 -0.0100341 -0.0142223 0.00967153 0.000667694 -0.0191206 0.0160501 0.00309871 -0.00209153 -0.00579941 -0.0260417 -0.00877707 -0.0111239
internal_weight=17962.7 14107.3 3855.37 3110.22 745.149 9513.82 1381.47 614.796 1728.74 130.353 4593.47 1821.3 457.724 50.4965 407.227 12.282 986.786 375.402 394.945 227.597 1587.29 611.384 163.535 2772.17 192.094 141.45 163.564 16.3447 315.557 253.221
internal_count=36960 27324 9636 7446 2190 17690 3504 1752 3942 438 9634 3942 1360 176 1184 49 2591 1040 1135 694 3569 1551 523 5692 473 373 453 57 902 744
cat_boundaries=0 11 20 32 44 45 46 56 66 77 89 100
cat_threshold=268437504 1048576 32 2415919104 1151488 1207968384 129 67584 1 167774225 270532610 514 9437184 8192 276824064 2048 256 65536 43008 268959744 16797696 1073741824 1024 32768 8200 512 50331654 2 0 134221832 524288 1 8200 2147492868 1275068416 128 8397889 0 285212674 16809984 0 687865984 0 261 4 14 16384 268435456 0 16384 32768 0 2048 268500992 0 16 134218370 1048576 1074266112 24593 37376 33554448 201392128 268493056 403177474 1064977 578 0 16 24576 0 33554432 67600 4 402653184 8 16781568 302129280 1073742080 8389920 32768 536871968 671088640 67108864 18432 17410 16777220 10 4352 0 0 0 0 2048 0 2048 16 256 1073741824 4096
is_linear=0
shrinkage=0.02


Tree=9
num_leaves=31
num_cat=10
split_feature=34 34 34 34 34 34 7 7 7 34 7 15 26 4 15 31 7 12 7 9 15 9 7 9 16 7 12 34 17 31
split_gain=2409.94 468.9 417.888 120.432 61.8798 60.5939 59.9603 51.9386 43.1428 35.1918 41.1062 27.3467 30.9118 27.1989 28.6014 27.0472 24.0456 22.8537 22.2958 21.0184 19.9512 19.9497 19.9161 18.1625 17.4487 17.7052 27.7471 28.7395 24.544 16.715
threshold=0.36881564557552343 0.56511005759239208 0.21753818541765216 0.29645083844661718 0.72943648695945751 0.14086887240409854 0 1 2 0.43576906621456152 3 17.500000000000004 0.82050000000000012 4 19.500000000000004 1.0000000180025095e-35 5 80.765000000000015 6 374.66500000000002 10.500000000000002 138.78500000000003 7 200.00500000000002 8 9 70.915000000000006 0.26308019459247595 0.096580000000000013 3.5000000000000004
decision_type=2 2 2 2 2 2 9 9 9 2 9 2 2 1 2 2 9 10 9 2 2 2 9 2 9 9 10 2 10 2
left_child=2 9 5 6 -3 19 -4 -7 -5 10 17 12 15 16 24 -9 20 -2 -11 -1 -8 -14 -10 -19 -15 -26 -27 28 -28 -17
right_child=1 4 3 8 -6 7 13 11 22 18 -12 -13 21 14 -16 29 -18 23 -20 -21 -22 -23 -24 -25 25 26 27 -29 -30 -31
leaf_value=-0.026269229011877129 0.0050912451493375869 0.019942082163962049 0.0071100869099690782 -0.0017216270804588072 0.023411907967414772 0.00090768818237199362 -0.025885575358526983 -0.0051410383027392847 0.013459373528790078 0.0081298667192527558 0.01332766633611232 -0.0073529400396162969 -0.030965817759032409 -0.021335956161942903 0.0028773000462669297 -0.060477728875909381 0.0028004980415364776 -0.0029743824836971407 0.016434053700858448 0.0023835393252234854 -0.00384505455322542 -0.011753404440009932 0.0079514809310972621 -0.049309776627007008 0.0047487115047179351 -0.00647621602501771 -0.027004189803977955 -0.011228440024267214 -0.079904262210742497 -0.029418021435055723
leaf_weight=120.85213883221149 183.10926730930805 3043.4734399914742 400.80847769975662 151.72798182070255 6335.4322018623352 167.02233031392097 19.067479863762856 9.7155403643846494 441.38600316643715 209.44301867485046 1610.178098320961 212.31614020466805 24.638970449566841 43.225879833102226 98.854363709688187 12.982800036668779 470.5289281308651 8.5639273226261121 2535.2746510654688 11.188748300075529 118.67750295996666 176.36934527754784 1126.5355904698372 5.5943187475204459 38.33555406332016 154.65901774168015 9.1402557641267759 21.821389377117157 5.6936388611793509 14.867115780711172
leaf_count=411 440 5945 932 398 11745 419 66 26 939 485 3455 588 89 143 243 61 1160 23 5207 27 318 516 2605 24 89 426 32 64 31 53
internal_value=0.0158588 0.0197296 0.00185362 0.00509411 0.0222859 -0.0115432 0.000695253 -0.00891527 0.00862622 0.0144629 0.0122959 -0.0123013 -0.0172206 -0.00198067 -0.00617373 -0.0338737 0.000640212 0.00304402 0.0158899 -0.0238413 -0.00642928 -0.0141084 0.00957748 -0.0212828 -0.00967888 -0.00748472 -0.00967838 -0.0258296 -0.0473086 -0.0438971
internal_weight=17781.5 13931.1 3850.42 3100.46 9378.91 749.953 1380.81 617.912 1719.65 4552.16 1807.45 450.89 238.574 980.004 371.73 37.5655 608.274 197.268 2744.72 132.041 137.745 201.008 1567.92 14.1582 272.876 229.65 191.314 36.6553 14.8339 27.8499
internal_count=36960 27324 9636 7446 17690 2190 3504 1752 3942 9634 3942 1333 745 2572 1028 140 1544 487 5692 438 384 605 3544 47 785 642 553 127 63 114
cat_boundaries=0 12 22 34 46 47 58 70 81 82 93
cat_threshold=536879104 2097152 256 536870912 5800961 1073809920 4144 2163200 32 536904224 33595392 1 4 10485760 131072 553713664 8192 0 2097152 1376256 16777216 2 67143680 0 16418 131072 131088 2048 1610612928 64 0 65664 8421376 32 16416 2147491844 1610612736 514 67244290 0 536879168 537919492 524288 0 299008 4192 14 1028 0 128 32768 0 134217728 2163200 128 0 1048707 268435524 537477376 256 134236434 131072 4160 1073741825 2147483652 524288 655424 2684354816 4096 69632 268436480 2097152 0 98442 557056 64 2149580800 1310722 16777284 524803 256 1 0 0 0 0 0 0 67174400 0 16384 33556480 64
is_linear=0
shrinkage=0.02


Tree=10
num_leaves=31
num_cat=10
split_feature=34 34 34 34 34 7 34 7 7 10 34 7 1 34 22 7 7 1 10 4 10 6 34 9 12 25 10 10 19 1
split_gain=2370.44 467.589 401.073 83.7959 77.6381 79.4834 62.159 54.025 41.8242 36.334 34.7487 39.1727 24.7321 26.9285 23.4458 23.1708 22.0404 20.2707 19.7425 19.2753 22.9046 18.3751 17.9586 17.3257 17.2544 21.4164 21.4153 32.2105 16.5642 17.3847
threshold=0.36881564557552343 0.56511005759239208 0.23629522323608401 0.29645083844661718 0.14086887240409854 0 0.72943648695945751 1 2 4024.4500000000003 0.43576906621456152 3 25.500000000000004 0.19373118877410891 4 5 6 30.500000000000004 984.09000000000003 7 1023.5000000000001 8 0.19922484457492831 282.04000000000002 76.435000000000016 0.78850000000000009 2499.9800000000005 1999.9500000000003 9 24.500000000000004
decision_type=2 2 2 2 2 9 2 9 9 2 2 9 2 2 9 9 9 2 2 1 2 9 2 2 8 2 2 2 9 2
left_child=2 10 4 7 9 17 -3 -4 18 -1 11 -2 -7 23 28 -10 -12 -6 -5 -16 -21 -15 -19 24 25 -14 27 -26 29 -9
right_child=1 6 3 8 5 12 -8 14 15 -11 16 -13 13 21 19 -17 -18 22 -20 20 -22 -23 -24 -25 26 -27 -28 -29 -30 -31
leaf_value=-0.027113070429916945 0.0013937481198371129 0.019795889104098546 0.0078086512951410529 -0.025386282181795863 0.01114953396976915 0.0008825949656286042 0.023297088021336329 0.019290911617606571 0.013039543373874554 0.003858815981774494 0.0080094114080469948 0.012975639533701523 -0.020369151721594182 -0.00030731824078731066 0.0032923570698558768 0.0074685347433663543 0.016275281584703937 -0.0060951443717994058 0.00039538116444486505 -0.029162162273113294 -0.0026331497018707278 -0.012289235157027251 0.0036570082827947119 -0.0073769262673946071 -0.029455610632361264 0.012638678885350526 -0.014494942241848415 -0.07117070908507922 -0.014612916088434657 -0.0051679113678468145
leaf_weight=116.24860779941082 141.1553198993206 3005.0181846022606 349.64087608456612 12.999642238020895 60.878845676779747 55.397202402353287 6240.2803526967764 13.160292014479635 532.07663513720036 17.421432241797447 208.35830144584179 1652.6159705817699 50.992174386978149 76.038575366139412 353.90123070776463 1027.5894373953342 2509.2388329207897 160.19824662804604 138.02451574802399 13.920410200953482 200.79222266376019 235.0192427188158 142.91537274420261 35.592596083879471 36.866911053657532 9.296108201146124 23.861547231674194 9.2647257745265943 73.889071717858315 99.574559837579727
leaf_count=397 357 5945 803 45 130 138 11745 24 1147 41 485 3585 164 193 866 2399 5207 439 351 50 528 705 346 98 131 19 72 47 232 271
internal_value=0.0157029 0.0195834 0.00182137 0.00572794 -0.00885757 -0.00673708 0.0221591 0.00143469 0.00850082 -0.0230765 0.0143048 0.0121443 -0.0115494 -0.0132356 -0.0015984 0.00944004 0.0157309 0.000601568 -0.00171055 0.000455273 -0.00415938 -0.0097652 -0.00149709 -0.0197435 -0.023122 -0.0152795 -0.029877 -0.0378334 -0.00756054 -0.00212424
internal_weight=17602.2 13756.7 3845.56 2815.57 1029.99 896.322 9245.3 1104.88 1710.69 133.67 4511.37 1793.77 532.329 476.932 755.238 1559.67 2717.6 363.992 151.024 568.614 214.713 311.058 303.114 165.874 130.281 60.2883 69.9932 46.1316 186.624 112.735
internal_count=36960 27324 9636 6716 2920 2482 17690 2774 3942 438 9634 3942 1567 1429 1971 3546 5692 915 396 1444 578 898 785 531 433 183 250 178 527 295
cat_boundaries=0 12 24 36 48 59 70 82 83 241 242
cat_threshold=536872960 10616832 131072 553648128 8192 0 2097152 20251264 16777232 2594 33554432 1 8192 2097152 288 553648130 5800961 1073809920 65584 65536 16384 570458624 41216 1 67143680 0 16386 131072 131089 2048 1610612928 64 0 65664 8421376 32 16416 2147491844 1610612736 512 67240192 0 536870976 4 0 0 36864 4192 8389186 131072 0 24576 0 33554432 65552 32788 402653184 136 16777216 268436484 2097152 8388608 98442 558080 64 2149580800 1843202 16777284 1573411 256 537477376 256 151013378 131072 4160 1073741825 2147483652 589824 655424 2684354816 4096 69632 14 0 0 0 0 0 0 0 0 0 0 0 0 0 0 0 0 0 0 0 0 0 0 0 0 0 0 0 134217728 0 0 0 0 0 0 0 0 0 0 0 0 0 0 0 0 0 0 2 0 0 4194304 0 0 0 0 0 0 0 0 0 0 0 0 0 0 2048 0 0 0 0 0 8192 0 2097152 131072 0 0 0 0 0 0 0 0 0 0 0 0 0 0 0 0 0 0 0 0 0 0 0 0 0 0 0 0 0 0 0 0 0 0 0 0 0 0 0 0 0 0 0 0 0 1048576 0 16 0 0 0 0 0 0 0 0 0 0 0 0 0 0 0 0 0 0 0 0 0 0 0 0 0 0 0 0 0 0 0 0 0 0 0 2097152 140368
is_linear=0
shrinkage=0.02


Tree=11
num_leaves=31
num_cat=9
split_feature=34 34 34 34 34 34 22 22 22 34 22 21 1 17 17 19 15 15 22 15 21 25 22 17 15 19 15 1 22 1
split_gain=2331.9 466.374 385.176 81.3201 73.2917 62.4614 60.9716 52.2018 40.5118 34.3122 40.2094 33.248 27.1172 27.5935 23.2505 23.1823 44.5523 27.2133 21.7846 19.4606 19.4949 22.8675 18.7644 17.6516 17.2051 17.2298 16.5114 16.6045 16.0639 15.8887
threshold=0.36881564557552343 0.56511005759239208 0.23629522323608401 0.29645083844661718 0.18151196092367175 0.72943648695945751 0 1 2 0.43576906621456152 3 327.50000000000006 32.500000000000007 0.139894841269841 0.03987626373626376 4 19.500000000000004 11.500000000000002 5 23.500000000000004 2975.0000000000005 0.69300000000000006 6 0.24766176959422551 7.5000000000000009 7 6.5000000000000009 24.500000000000004 8 42.500000000000007
decision_type=2 2 2 2 2 2 9 9 9 2 9 2 2 10 10 9 2 2 9 2 2 2 9 8 2 9 2 2 9 2
left_child=2 9 4 7 11 -3 -6 -4 -5 10 23 14 13 -13 29 26 17 -17 -11 20 21 -14 -10 -2 -8 -26 -9 -28 -29 -1
right_child=1 5 3 8 6 -7 24 15 22 18 -12 12 19 -15 -16 16 -18 -19 -20 -21 -22 -23 -24 -25 25 -27 27 28 -30 -31
leaf_value=-0.04715905612323746 0.0032999874920964689 0.019651219236766933 0.0076923445108081755 -0.00039816251444317694 0.0040582654552792068 0.023184773202678977 -0.036218692537784286 -0.021081588336422739 0.012876784275114957 0.0078906472337483598 0.013013945364783877 -0.0061911201294956725 -0.062284313488714674 -0.048454082434061414 -0.0065568290465905501 -0.052834282664087774 0.0076438044160535602 -0.015404438097758369 0.016117710104271151 -0.016891975446506741 0.0023351193866486325 -0.030850001819682737 0.0076458862382585285 -0.085808734880877133 -0.0052678815712241187 -0.014784836671101134 0.012309921901058908 -0.0063201416096933249 0.0012976417321843364 -0.01562529377335195
leaf_weight=9.5551471114158648 191.22871501743793 2966.9813507199287 347.99671898782253 195.70039893686771 218.06538167595863 6146.0477472394705 9.0824031680822355 14.699921205639837 500.33788518607616 207.29343244433403 1588.1862091422081 57.846652939915657 10.827065646648405 6.9184759706258765 159.39274391531944 8.9492729753255826 34.237599492073059 58.948500350117683 2483.5170682221651 51.406925871968269 5.9069660156965247 63.836813226342201 1005.8235773742199 0.89336264133453269 304.75578835606575 117.93253119289875 43.337621331214905 134.93104693293571 460.75283873081207 19.303300246596336
leaf_count=40 473 5945 803 505 522 11745 35 49 1088 485 3464 156 51 29 434 40 78 183 5207 159 14 226 2349 5 829 366 91 375 1155 59
internal_value=0.0155483 0.0194386 0.00178819 0.00563478 -0.00864099 0.0220343 -0.00454416 0.00140699 0.00837699 0.014148 0.011994 -0.0155561 -0.0213053 -0.0107058 -0.00954758 -0.00156782 -0.00998072 -0.0203379 0.0155731 -0.0265067 -0.0326412 -0.0354083 0.00945703 0.00274287 -0.00877946 -0.00839758 -0.000122839 0.000357369 -0.000512212 -0.0260662
internal_weight=17424.7 13584.1 3840.55 2805.72 1034.83 9113.03 649.836 1103.85 1701.86 4471.12 1780.31 384.994 196.743 64.7651 188.251 755.857 102.135 67.8978 2690.81 131.978 80.5708 74.6639 1506.16 192.122 431.771 422.688 653.721 639.022 595.684 28.8584
internal_count=36960 27324 9636 6716 2920 17690 1752 2774 3942 9634 3942 1168 635 185 533 1971 301 223 5692 450 291 277 3437 478 1230 1195 1670 1621 1530 99
cat_boundaries=0 11 22 34 46 47 59 69 70 81
cat_threshold=512 9437184 0 276824064 2048 0 65536 2147581972 268959744 17 2097152 2048 1048576 1073741858 2424307712 1151488 1207968384 2049 2048 256 1242564624 268435458 16797696 1073742080 536871938 2147516416 8200 640 50333702 8454146 0 134221832 524288 1 8200 2147491844 1275068416 128 8397889 0 352321538 16809984 0 687865856 0 261 207984 302129280 1073742080 8389920 32776 536871968 671088640 67108864 16384 17410 16777220 10 4352 134218242 1048576 1074266112 24593 36864 16 201392128 268492800 403177474 1064977 196714 8389186 131072 0 16384 0 33554432 67174416 2147516436 134217728 136 16777216
is_linear=0
shrinkage=0.02


Tree=12
num_leaves=31
num_cat=9
split_feature=12 7 11 7 7 12 1 7 32 21 12 9 0 2 12 12 11 9 14 9 7 11 1 7 9 9 14 27 29 27
split_gain=506.403 154.075 129.103 115.983 74.098 47.1363 34.7738 44.4804 31.8019 41.7049 31.3689 23.0885 18.7213 20.464 19.2891 18.6375 18.5211 17.5798 17.2564 17.1646 18.0605 16.3085 16.1081 19.7944 15.7201 15.4539 15.3622 14.8009 31.6222 14.3676
threshold=84.875000000000014 0 764.50000000000011 1 2 71.405000000000015 51.500000000000007 3 4 681.00000000000011 93.075000000000003 71.640000000000015 5 6 55.260000000000012 74.355000000000004 565.50000000000011 283.67000000000007 1840.0550000000001 182.54500000000004 7 688.50000000000011 27.500000000000004 8 153.57500000000002 334.84500000000008 1900.5000000000002 0.59950000000000003 6.5000000000000009 0.63100000000000012
decision_type=10 9 2 9 9 8 2 9 9 2 10 2 9 1 10 8 2 2 2 2 9 2 2 9 2 2 2 2 2 2
left_child=1 8 3 -3 -5 12 7 -7 21 17 -2 -11 -6 -14 27 16 -13 18 -10 20 -9 24 -21 26 -1 -25 29 -15 -29 -24
right_child=10 2 -4 4 5 6 -8 19 9 11 -12 15 13 14 -16 -17 -18 -19 -20 22 -22 -23 23 25 -26 -27 -28 28 -30 -31
leaf_value=0.010677037209948548 0.019386951219907658 0.0049823329719315647 0.018448278364606774 0.016999876473661621 0.00035189409342597486 0.0053521459982565191 0.01524242966591169 0.00040873911133460173 -0.044650262070928093 -0.1077775360565205 0.022678371039327058 -0.0011433623123097941 0.011936292921160821 0.0066331573386195783 0.0069150357402329504 0.011183064920458546 -0.039055769301111244 0.00089741003118144324 -0.016359315556287203 0.015958984863627936 0.014594064516761514 0.010717239075898813 -0.024276717114904225 0.010881108593599658 -0.00042983403716084128 0.015475300777848072 0.0077248564587863965 -0.056775535526214047 -0.00037956725039700107 0.0017562661706188038
leaf_weight=69.495183378458023 2292.6512017995119 733.47211086750031 1993.1527804583311 2061.3125494867563 119.27605007588863 411.17117348313332 2025.7969691753387 47.894143298268318 14.644900560379027 0.75564360618591209 2340.7415771335363 29.875322699546814 477.66385039687157 11.947988554835321 268.23536348342896 49.870153740048409 6.22887298464775 11.037493169307707 20.977196827530861 296.6771706789732 1642.92225022614 155.31201609969139 11.391642078757284 1246.2304588258266 191.23661769926548 382.84464022517204 286.42116075754166 6.5496273934841183 10.125039622187613 33.177935063838959
leaf_count=156 4689 1785 4058 4315 308 1007 4335 126 59 5 4577 79 1048 28 631 111 25 27 64 618 3544 349 40 2836 501 815 682 30 26 86
internal_value=0.0153952 0.0133184 0.0137861 0.0128773 0.0134775 0.012458 0.0130774 0.0120711 0.0027456 -0.00549788 0.0210497 0.00229249 0.00817348 0.00925397 0.00524968 0.00325992 -0.0076842 -0.0211568 -0.0279902 0.0127251 0.014281 0.00545559 0.0116158 0.0109585 0.00253058 0.0118878 0.00584849 -0.0103571 -0.0225313 -0.00489756
internal_weight=17249.1 12615.7 12066.3 10073.1 9339.64 7278.33 6384.53 4358.73 549.433 133.39 4633.39 86.73 893.798 774.522 296.858 85.9743 36.1042 46.6596 35.6221 3947.56 1690.82 416.044 2256.74 1960.07 260.732 1629.08 330.991 28.6227 16.6747 44.5696
internal_count=36960 27694 26318 22260 20475 16160 14089 9754 1376 370 9266 220 2071 1763 715 215 104 150 123 8747 3670 1006 5077 4459 657 3651 808 84 56 126
cat_boundaries=0 12 24 36 48 49 182 183 194 206
cat_threshold=0 1342242816 268583424 2164264960 4194314 6292096 2097152 7201 0 1572868 8 640 98312 67109890 67117056 540928 128 1048576 8192 70517248 536871424 12810 134220800 256 131104 524288 128 131088 2214592512 32768 603980052 4341766 2147483912 2147484736 269488384 4164 4112 2147491844 5242880 65 1048640 18688 1073741920 8454400 318767104 16 1074004482 270336 1040 0 0 0 0 0 0 0 0 0 0 0 0 0 16 0 0 0 0 0 0 0 8388608 0 64 0 0 0 0 0 0 0 0 0 0 8192 0 0 0 0 0 0 0 0 0 0 0 0 0 0 0 0 0 0 0 0 0 0 0 0 0 0 0 0 0 0 0 0 4 0 0 0 0 0 8388608 0 0 0 0 0 0 0 0 0 0 0 0 0 0 0 0 0 0 134217728 16 0 0 0 0 0 0 0 0 0 0 0 0 0 0 0 1048576 0 0 0 0 0 0 0 0 0 0 0 0 0 0 0 0 0 0 0 0 64 0 4096 1 0 0 0 0 0 0 2147549184 8192 16384 0 8388608 42469632 0 16780544 536903682 696325 1089 2147487744 268959744 0 16812032 33562624 2050
is_linear=0
shrinkage=0.02


Tree=13
num_leaves=31
num_cat=9
split_feature=34 34 34 34 7 34 34 7 34 7 34 7 1 34 7 7 22 7 10 31 15 15 15 19 17 21 10 9 17 10
split_gain=2299.85 467.423 368.865 79.0299 69.9856 63.0257 58.1321 50.9945 42.7502 40.2863 34.0088 38.6006 28.3365 27.8766 23.6536 22.8318 22.0018 20.4411 20.4379 20.1341 20.5394 19.5432 19.0383 24.3367 19.0065 18.7342 27.5238 18.2332 18.1913 17.2425
threshold=0.36881564557552343 0.56511005759239208 0.23629522323608401 0.29645083844661718 0 0.72943648695945751 0.12707497179508212 1 0.18151196092367175 2 0.43576906621456152 3 25.500000000000004 0.19373118877410891 4 5 6 7 4342.0000000000009 1.0000000180025095e-35 11.500000000000002 12.500000000000002 19.500000000000004 8 0.18380350000000004 2068.5000000000005 3543.5000000000005 304.52500000000003 0.065237302631578967 984.09000000000003
decision_type=2 2 2 2 9 2 2 9 2 9 2 9 2 2 9 9 9 9 2 2 2 2 2 9 8 2 2 2 8 2
left_child=2 10 4 7 8 -3 25 -4 21 29 11 24 -8 14 -14 -12 22 -11 19 -16 -21 -1 23 -9 -2 26 28 -22 -6 -5
right_child=1 5 3 9 6 -7 12 16 -10 17 15 -13 13 -15 18 -17 -18 -19 -20 20 27 -23 -24 -25 -26 -27 -28 -29 -30 -31
leaf_value=-0.03514306520207084 0.0038704740580598231 0.019393728603892824 0.0074637587011221317 -0.024089856968111646 -0.075625489955700176 0.022987159281874649 0.0019317982036318757 -0.0028804108028627506 0.0037212757078325803 0.012584183248925795 0.0072530781724404461 0.012690417533781204 -0.0022653749947279399 -0.0090082488162137198 -0.0086454484345059139 0.015810063667250702 0.00024100267296092592 0.007209762457445406 0.0093901083247484758 -0.059838974643789282 -0.023645554617058338 -0.0077337304601816708 0.0075361553723979711 -0.019415757620014198 -0.032708140413762604 -0.0042864472544009167 0.0014546312598988152 -0.053598526734881857 -0.038854113911346667 6.0051322295323227e-05
leaf_weight=11.145761191844938 185.72040978074074 2899.3508971482515 340.49577410519123 12.918424636125563 6.6108592152595538 5977.3900626450777 59.54131706058979 98.863532513380051 230.05416397750378 492.54397077858448 193.50939776003361 1560.5050928294659 45.587241724133492 326.34987084567547 25.955673053860664 2446.2477675527334 568.21979904174805 1034.8167030662298 7.4050820171833029 7.6170199662446967 106.58153946697712 156.64228361845016 27.194137126207352 60.700265273451805 5.8614106476306906 7.2599723339080802 5.7547289580106726 8.8003428131341916 28.938908830285069 139.81131328642368
leaf_count=42 458 5945 794 44 34 11745 146 262 557 1088 461 3462 118 932 72 5231 1453 2451 16 35 354 433 62 203 22 19 14 39 109 359
internal_value=0.0152403 0.0191731 0.0015436 0.00534242 -0.00865114 0.0218135 -0.0126862 0.001163 -0.00183167 0.00806753 0.0138363 0.0116761 -0.0111481 -0.0126222 -0.0184625 0.0152702 -0.00175427 0.00901349 -0.021655 -0.0246522 -0.02803 -0.00955447 -0.0075287 -0.010568 0.00261487 -0.0339156 -0.0391234 -0.0259301 -0.0456921 -0.0018608
internal_weight=17078.4 13268.6 3809.81 2775.56 1034.24 8876.74 636.403 1095.47 397.842 1680.09 4391.84 1752.09 587.838 528.297 201.947 2639.76 754.978 1527.36 156.36 148.955 122.999 167.788 186.758 159.564 191.582 48.5645 41.3045 115.382 35.5498 152.73
internal_count=36960 27324 9636 6716 2920 17690 1888 2774 1032 3942 9634 3942 1712 1566 634 5692 1980 3539 516 500 428 475 527 465 480 176 157 393 143 403
cat_boundaries=0 12 24 36 48 57 69 80 91 92
cat_threshold=536873984 10616832 131072 553648256 8192 1073742848 2097152 19137152 16777232 544 33554432 1 8192 2097152 288 553648130 5799937 1073809920 65584 65536 16384 570458656 41216 1 67143680 0 16418 131072 131089 2048 536871104 64 0 65664 8421376 32 16416 2147491844 1610612736 514 67244290 0 536870976 537919492 524288 2048 299008 4192 32768 0 0 65536 2 0 65536 65536 4 537477376 256 134236162 131072 4160 1073741825 2147483652 524288 655424 2684354816 4096 69632 8389186 131072 0 24576 0 33554432 65552 32788 402653184 136 16777216 268436484 2097152 8388608 98442 557056 64 2149580800 1835010 16777284 524835 256 140352
is_linear=0
shrinkage=0.02


Tree=14
num_leaves=31
num_cat=4
split_feature=34 34 34 34 34 34 6 15 34 1 23 34 27 12 34 27 17 19 1 6 10 14 12 14 11 17 15 25 14 10
split_gain=2262.03 466.369 354.243 105.794 63.3884 48.8917 35.3078 35.3353 33.5934 32.0796 42.937 26.1592 48.2957 44.3349 25.6666 23.6747 23.8052 23.3168 32.5447 22.6359 20.4488 18.4726 17.4839 17.3355 16.7988 16.6526 19.9094 16.6349 19.7624 16.418
threshold=0.36881564557552343 0.56511005759239208 0.21753818541765216 0.29645083844661718 0.72943648695945751 0.12707497179508212 0 10.500000000000002 0.46526575088500982 30.500000000000004 1 0.2536765336990357 0.71150000000000013 68.885000000000005 0.18151196092367175 0.6755000000000001 0.03987626373626376 2 51.500000000000007 3 3076.0000000000005 1488.7450000000001 70.625000000000014 3473.8850000000007 764.50000000000011 0.067352666666666658 23.500000000000004 0.69300000000000006 1873.2700000000002 891.73000000000013
decision_type=2 2 2 2 2 2 9 2 2 2 9 2 2 10 2 2 8 9 2 9 2 2 10 2 2 8 2 2 2 2
left_child=2 8 5 6 -3 27 -4 11 19 21 25 12 13 23 15 -12 -17 -13 -19 29 -9 -7 -18 -8 -5 -11 -27 -1 -29 -2
right_child=1 4 3 24 -6 9 7 20 -10 10 14 17 -14 -15 -16 16 22 18 -20 -21 -22 -23 -24 -25 -26 26 -28 28 -30 -31
leaf_value=-0.0035379510302252066 -0.011086452838399839 0.019252929037236296 0.0053107831632282698 0.0071325140978058697 0.022881368119217285 -0.030629644621887865 -0.046584052236378681 -0.0016546047898050678 0.015685418649025777 0.00084544296147580139 -0.033975073988050331 0.004444211142460389 0.0085442212392580884 -0.095439861656664168 -0.011887964231124306 -0.054950266189739166 -0.0068721580819904307 -0.012252757400431835 -0.066783768162292131 0.012803717845782721 0.0066503046044771872 0.0010182339771232412 -0.036108496622900582 -0.003092160628505646 0.012873895515481487 -0.020186751132954522 -0.00289327801331403 -0.046226056762362744 -0.022411120516116736 0.0074271909517737589
leaf_weight=12.80390217900276 20.868406251072884 2862.5145503878593 407.59204857051373 1434.1062353104353 5885.8463742434978 7.7843370139598838 8.6467962265014702 707.07202173769474 1893.5835183411837 122.40690687298775 52.198064714670181 42.895159482955933 9.7011901140212995 5.2982141673564902 177.24373652040958 5.6454430371522903 47.499644175171852 35.234566688537598 4.9988655596971503 2204.6608778387308 142.49197170138359 141.09429632127285 9.8844783306121808 6.3639777004718772 237.62347334623337 44.590147763490677 66.108082488179207 18.395872861146927 57.517356351017952 234.03972239792347
leaf_count=33 65 5945 969 3421 11745 28 37 1861 4086 304 191 102 22 32 517 25 129 106 25 4916 333 349 37 17 521 145 173 74 185 567
internal_value=0.0150898 0.0190323 0.00151534 0.00457183 0.0216941 -0.0106679 0.000452232 -0.0016429 0.0136831 -0.00883192 -0.0111534 -0.0121598 -0.0281655 -0.045701 -0.0161141 -0.0240133 -0.0157634 -0.00638152 -0.0152401 0.0121415 -0.000261675 -0.000636522 -0.0119081 -0.0281452 0.00794861 -0.00406372 -0.00985923 -0.0246254 -0.0281821 0.00568839
internal_weight=16906.7 13101.5 3805.2 3042.02 8748.36 763.172 1370.29 962.703 4353.15 674.455 525.577 113.139 30.0102 20.309 292.471 115.228 63.0296 83.1286 40.2334 2459.57 849.564 148.879 57.3841 15.0108 1671.73 233.105 110.698 88.7171 75.9132 254.908
internal_count=36960 27324 9636 7446 17690 2190 3504 2535 9634 1898 1521 341 108 86 899 382 191 233 131 5548 2194 377 166 54 3942 622 318 292 259 632
cat_boundaries=0 157 158 159 307
cat_threshold=0 0 32 0 0 0 0 0 0 0 0 0 0 0 0 0 0 0 0 0 0 0 0 0 0 8192 0 0 0 0 0 0 0 0 0 0 0 0 0 0 0 0 0 0 0 0 2 0 0 4194304 0 0 0 0 0 0 0 0 0 0 0 0 0 0 2048 0 0 0 0 0 8192 0 0 0 0 0 0 0 0 0 0 0 0 0 0 0 0 0 0 0 0 0 0 0 0 2 0 0 0 2097152 1073741824 0 0 0 0 0 0 0 0 0 0 0 0 0 0 0 0 0 0 1048576 0 0 0 0 0 0 0 536870912 1073741824 4194304 0 65536 0 0 0 0 2097152 0 0 0 0 0 0 0 0 0 0 0 0 0 0 0 0 0 0 64 16777216 1410569 132096 0 1048576 8 0 0 0 4194304 0 0 0 0 0 0 16777216 0 0 0 0 0 0 0 0 0 0 0 0 0 0 0 4194304 131072 0 0 0 8 0 0 4 0 0 0 0 0 0 0 0 0 0 16777216 4194304 0 0 0 0 0 0 0 0 0 536870912 0 0 0 256 0 0 0 0 0 0 0 0 0 0 0 1 0 134217728 2097152 0 0 134217728 0 0 0 0 0 0 0 0 0 0 0 1048576 0 0 0 0 4 0 0 0 4 0 0 0 0 0 0 1073741824 0 0 0 0 0 0 0 512 0 0 0 16 0 0 0 0 0 4096 0 0 1048576 0 0 0 0 0 0 2147483648 0 0 0 0 0 0 0 16384 0 131072
is_linear=0
shrinkage=0.02


Tree=15
num_leaves=31
num_cat=8
split_feature=34 34 34 34 7 34 34 7 7 34 34 7 1 16 10 11 11 34 9 7 7 11 11 7 17 29 17 11 1 10
split_gain=2224.7 465.474 340.743 74.0458 64.0237 63.9212 49.9487 49.2757 39.1468 33.8093 33.3681 40.3645 29.2013 28.3187 27.9608 26.9421 29.7499 26.0673 25.1995 25.0351 23.0221 21.0479 27.8855 24.0397 19.9764 19.8124 19.29 18.7346 19.6309 18.391
threshold=0.36881564557552343 0.56511005759239208 0.23629522323608401 0.29645083844661718 0 0.80521139502525341 0.19373118877410891 1 2 0.18151196092367175 0.43576906621456152 3 30.500000000000004 4 4342.0000000000009 723.50000000000011 570.50000000000011 0.14086887240409854 97.725000000000009 5 6 1.0000000180025095e-35 728.50000000000011 7 0.13310074074074102 9.5000000000000018 0.16077083333333353 624.50000000000011 51.500000000000007 3076.0000000000005
decision_type=2 2 2 2 9 2 2 9 9 2 2 9 2 9 2 2 2 2 2 9 9 2 2 9 10 2 10 2 2 2
left_child=2 10 4 7 9 -3 12 -4 18 15 11 -2 24 -8 17 16 -1 25 -5 -15 -12 29 23 -23 -6 -14 -25 -18 -29 -9
right_child=1 5 3 8 6 -7 13 21 -10 -11 20 -13 14 19 -16 -17 27 -19 -20 -21 -22 22 -24 26 -26 -27 -28 28 -30 -31
leaf_value=-0.0061145582041297747 0.0022027184802601279 0.019819235021262548 0.007343906872895177 -0.041546809656035154 -0.0030571961440691874 0.023264181467918265 -0.022231440549076848 0.0011359043971196023 0.0090466327316106564 0.0035232325327297941 0.0069299254053547176 0.012430288697771271 -0.030798883240160384 0.0070435390592084425 0.0074809897416964746 0.0054722887329468886 -0.048049847581298072 -0.019570566402016581 0.0011187248629859637 -0.0074492149796611031 0.015511866586119418 0.0018821536355036245 0.0056187843813402518 -0.0070422186119644924 -0.031513881768305184 -0.065394338567623847 -0.027367302260922318 -0.0075970763096832872 -0.043678283927021812 0.018040410235378945
leaf_weight=77.764527082443237 192.24080990254879 4223.5294930487871 338.83335396647453 5.673461288213729 62.902083396911621 4397.8714141100645 44.404158875346184 105.65610246360302 1427.0493432283401 221.50129896402359 190.8545268625021 1533.5536130666733 44.95472663640976 50.76794345676899 12.124150171875952 40.760781303048134 12.116613551974295 151.78737489879131 230.72846081852913 275.72612899541855 2398.2813794612885 137.26011285185814 113.29447720944881 345.42466156184673 11.703445717692373 7.7653430253267279 19.745565861463547 20.144817948341373 8.6094817221164686 34.035832762718201
leaf_count=209 488 8845 794 23 163 8845 148 266 3330 538 461 3454 157 113 27 94 51 479 589 772 5231 341 269 969 42 37 70 55 35 65
internal_value=0.0149403 0.0188926 0.00148793 0.00517079 -0.00824928 0.0215765 -0.0119335 0.00113013 0.00782882 -0.00149229 0.01353 0.0113758 -0.0183128 -0.00724615 -0.0220292 -0.00855561 -0.0133753 -0.0237787 9.09386e-05 -0.0052081 0.0149659 -0.00173129 -0.00334434 -0.00536547 -0.00752123 -0.0358946 -0.00792424 -0.0271903 -0.0184003 0.00525467
internal_weight=16737.1 12936.3 3800.73 2757.7 1043.03 8621.4 662.135 1094.25 1663.45 380.898 4314.93 1725.79 291.237 370.898 216.632 159.396 118.635 204.507 236.402 326.494 2589.14 755.417 615.725 502.43 74.6055 52.7201 365.17 40.8709 28.7543 139.692
internal_count=36960 27324 9636 6716 2920 17690 1938 2774 3942 982 9634 3942 905 1033 700 444 350 673 612 885 5692 1980 1649 1380 205 194 1039 141 90 331
cat_boundaries=0 12 24 36 48 49 59 71 81
cat_threshold=536873984 10616832 131072 553648256 8192 1073742848 2097152 17040000 16777232 544 33554432 1 8192 2097152 288 553648130 5799937 1073809920 65584 65536 16384 570458656 41216 1 67143680 33685760 16418 16908289 139281 2560 1610678464 270532672 65536 65664 8421376 32 16416 2147491844 1610612736 514 67244288 0 2684362816 537919492 0 0 299008 4192 1 0 0 8388608 0 524288 0 0 3145728 0 2050 537477376 256 134236162 131072 4160 1073741825 2147483652 524288 655424 2684354816 4096 69632 2048 8388608 8388736 268435456 256 4096 2214625280 0 69652 524288
is_linear=0
shrinkage=0.02


Tree=16
num_leaves=31
num_cat=9
split_feature=34 34 34 34 34 7 34 7 7 34 34 7 1 34 6 15 19 15 7 4 12 1 7 10 15 10 12 29 17 24
split_gain=2187.87 464.524 327.116 71.7359 64.3867 62.3793 48.8905 47.4631 38.2541 36.5781 32.9835 48.9764 24.6733 23.639 21.947 22.8186 37.9548 27.353 21.422 20.1879 20.0641 32.5273 23.8614 18.4086 18.0335 16.5322 20.5063 23.7153 17.5762 16.3179
threshold=0.36881564557552343 0.56511005759239208 0.23629522323608401 0.29645083844661718 0.72943648695945751 0 0.12707497179508212 1 2 0.18151196092367175 0.46830065548419958 3 25.500000000000004 0.19373118877410891 4 19.500000000000004 5 11.500000000000002 6 7 79.875000000000014 45.500000000000007 8 614.20500000000004 12.500000000000002 2499.9800000000005 79.875000000000014 10.500000000000002 0.053855192307692305 0.70050000000000001
decision_type=2 2 2 2 2 9 2 9 9 2 2 9 2 2 9 2 9 2 9 1 10 2 9 2 2 2 8 2 8 2
left_child=2 10 5 7 -3 9 29 -4 -5 24 11 23 -8 20 -9 16 19 -18 -10 -16 22 -22 -14 -2 -1 26 28 -28 -24 -7
right_child=1 4 3 8 -6 6 12 14 18 -11 -12 -13 13 -15 15 -17 17 -19 -20 -21 21 -23 25 -25 -26 -27 27 -29 -30 -31
leaf_value=-0.032917138806037326 -0.021539230436009634 0.018969898697175473 0.0071821573902220394 -0.0020196815234084968 0.022677692165620943 -0.0034948016612612511 0.0018377831696114047 0.004606590992187202 0.012566183155417994 0.0034678869123439203 0.015447796535680933 0.012781543731991576 0.00065081852817885303 -0.0084374051345345088 0.0015899746351145728 0.0034839716523066455 -0.048668011000731516 -0.014604120692858824 0.0069265950879337139 -0.0077528530308007453 -0.075189976123379812 -0.015723525990479891 -0.041928159330726168 0.004140527656159178 -0.0069786160474940529 -0.010557672908897506 -0.028228728132829652 -0.068539056598962853 -0.012856596641957664 -0.035650811939339
leaf_weight=11.494230449199675 11.748694524168966 2788.8254222273827 340.8470793068409 150.36091147363186 5707.0693754851818 7.3983744084835044 59.183454558253288 162.99860888719559 437.93145208060741 232.16587255895138 1791.5507863014936 2248.8471211194992 40.005341991782188 328.32687786221504 205.66174672544003 140.03271177411079 10.753555864095686 76.566417723894119 1067.0224980562925 156.63015669584274 6.0458287149667731 9.3995525985956174 9.8924996107816714 225.16043756902218 159.4520308226347 52.873396337032318 28.572980582714081 7.3369401991367331 52.283678784966469 43.008285313844681
leaf_count=42 41 5945 803 398 11745 19 145 389 980 565 3940 5082 98 926 516 343 46 235 2564 442 31 28 39 571 434 150 99 36 151 157
internal_value=0.0147924 0.0187544 0.00146147 0.00508554 0.0214606 -0.0080492 -0.0118367 0.00111034 0.00771153 -0.00166053 0.013379 0.011888 -0.0104154 -0.0117716 -0.00171207 -0.00350646 -0.00576164 -0.0168674 0.00863979 -0.00254897 -0.0170751 -0.0390006 -0.0153017 0.00275091 -0.00872269 -0.0183564 -0.0244317 -0.0364647 -0.017482 -0.0309312
internal_weight=16569.4 12773.2 3796.24 2748.81 8495.89 1047.44 644.327 1093.49 1655.31 403.112 4277.31 2485.76 593.921 534.737 752.643 589.645 449.612 87.32 1504.95 362.292 206.41 15.4454 190.965 236.909 170.946 150.959 98.0861 35.9099 62.1762 50.4067
internal_count=36960 27324 9636 6716 17690 2920 1879 2774 3942 1041 9634 5694 1703 1558 1971 1582 1239 281 3544 958 632 59 573 612 476 475 325 135 190 176
cat_boundaries=0 12 24 36 48 206 207 218 219 228
cat_threshold=536873984 10616832 131072 553648256 8192 1073742848 69206016 19137152 16777232 544 33554432 1 8192 2097152 288 553648130 5800961 1073809920 65584 65536 16384 570458624 41216 1 67143680 0 16418 131072 131088 2048 1610612928 64 0 65664 8421376 32 81960 9216 1744830468 0 69206336 2101248 2147483904 536870916 524288 8388608 33583124 4160 0 0 32 0 0 0 0 0 0 0 0 0 0 0 0 0 0 0 0 0 0 0 0 0 0 0 0 0 0 0 0 0 0 0 0 0 0 0 0 0 0 0 0 0 0 0 2 0 0 4194304 0 0 0 0 0 0 0 0 0 0 0 0 0 0 2048 0 0 0 0 0 0 0 0 131072 0 0 0 0 0 0 0 0 0 0 0 0 0 0 0 0 0 0 0 0 0 0 0 0 0 2097152 0 0 0 0 0 0 0 0 0 0 0 0 0 0 0 0 0 0 0 0 0 0 0 0 0 0 0 536870912 0 4194304 0 65536 0 0 0 0 2097152 0 0 0 0 0 0 0 0 0 0 0 0 0 0 0 0 0 0 64 16777216 2097152 207952 268436480 2097152 0 98442 557056 64 2149580800 1835010 16777284 524835 256 8 32768 0 0 65536 0 0 65536 65536 4
is_linear=0
shrinkage=0.02


Tree=17
num_leaves=31
num_cat=9
split_feature=34 34 34 34 7 7 7 34 34 6 34 7 11 11 6 34 19 7 21 7 11 9 10 14 34 9 25 26 10 24
split_gain=2157.51 523.96 240.881 139.232 79.7433 62.6377 42.3687 34.3087 33.1559 32.6512 29.7393 29.3299 31.3551 28.8964 27.4399 26.1155 33.4479 28.8317 28.2235 23.5196 31.6486 22.2178 21.3484 20.7296 20.6424 20.1109 23.3627 31.4465 30.4977 27.5765
threshold=0.43576906621456152 0.29645083844661718 0.64399325847625744 0.19373118877410891 0 1 2 0.80521139502525341 0.36620685458183294 3 0.5283651351928712 4 825.50000000000011 506.50000000000006 5 0.23629522323608401 6 7 2425.5000000000005 8 652.50000000000011 66.815000000000012 1065.3250000000003 1749.5000000000002 0.15158876031637195 190.00500000000002 0.71550000000000014 0.8045000000000001 2202.5450000000005 0.74550000000000016
decision_type=2 2 2 2 9 9 9 2 2 9 2 9 2 2 9 2 9 9 2 9 2 2 2 2 2 2 2 2 2 2
left_child=1 3 6 11 8 -5 -2 -4 -3 19 -8 23 13 -13 -6 -11 17 -17 -18 20 -7 -10 -15 -1 -25 -24 27 -27 29 -28
right_child=2 4 7 5 14 9 10 -9 21 15 -12 12 -14 22 -16 16 18 -19 -20 -21 -22 -23 25 24 -26 26 28 -29 -30 -31
leaf_value=-0.036128233421602485 0.0055989488037422978 -0.011777997362113381 0.02026313554235018 0.0066606723755618744 0.0024259293083628368 -0.0061609830308872529 0.014438441047557737 0.023077003624315716 -0.1023171600038373 -0.010133419978236203 0.01811090980904138 -0.010370888577558445 0.0086416369313529248 -0.045831241153701067 0.010702124063982431 0.0059502323857796371 -0.010022284543225594 -0.0038179753440762175 -0.041041829760394527 0.003762087094140405 -0.056114572757523788 0.0043135010590811445 -0.010375055018902093 -0.012497190856750429 0.0044428176588011872 -0.0088241053028142065 -0.014986431774562534 -0.055232618318925349 -0.01462255637790482 -0.060805260596264073
leaf_weight=7.3941835016012183 196.89099878072739 87.83687923848629 2921.5869371592999 370.08493809401989 193.8675632327795 36.707922369241714 1825.7354829609394 4261.1642148643732 0.78581316769122977 259.94767333567142 1706.3516007214785 148.45016013085842 20.053547471761703 13.984842449426649 2918.4438183754683 171.03224283456802 62.961254194378853 354.31203749775887 14.419875726103781 366.01934446394444 5.8867703378200522 146.61285731196404 57.609663024544716 44.990539103746414 79.826236799359322 8.4327122271060961 9.1194568723440188 18.99785715341568 81.721355751156807 12.396768778562544
leaf_count=28 501 267 6235 869 505 101 4109 8845 5 749 3692 417 44 57 6737 403 184 957 58 886 27 370 162 131 188 23 27 84 242 57
internal_value=0.0146456 0.00442157 0.0197914 -0.00329694 0.00936585 -0.000475818 0.0156672 0.0219325 -0.00196762 -0.00258538 0.0161668 -0.0125031 -0.0152694 -0.0170719 0.010196 -0.00477927 -0.00254939 -0.000586072 -0.0139943 0.00204992 -0.0105807 0.00374503 -0.0219902 -0.00333829 -0.00166325 -0.0202193 -0.0245595 -0.0409657 -0.0202003 -0.0413854
internal_weight=16403.6 5491.9 10911.7 2144.35 3347.55 1641.37 3728.98 7182.75 235.236 1271.29 3532.09 502.977 370.766 350.713 3112.31 862.673 602.725 525.344 77.3811 408.614 42.5947 147.399 202.263 132.211 124.817 188.278 130.668 27.4306 103.238 21.5162
internal_count=36960 13578 23382 5694 7884 4234 8302 15080 642 3365 7801 1460 1113 1069 7242 2351 1602 1360 242 1014 128 375 652 347 319 595 433 107 326 84
cat_boundaries=0 12 24 36 194 204 363 364 374 384
cat_threshold=100730912 268436480 2147516422 64 67239936 2097152 4194624 4104 537001984 128 1073778688 524384 805316608 10485760 32 536870912 1048576 1073807360 36912 272105984 536870944 33312 33595648 1 589824 0 134234882 64 1052676 1 4 268959760 64 8659216 6144 81920 0 0 33554468 0 0 0 0 0 0 0 0 0 0 0 0 0 524288 0 0 0 0 0 0 0 0 0 0 134217728 0 0 0 0 0 0 0 0 0 256 0 0 0 0 0 0 0 0 2 0 2147483648 4194304 0 0 0 0 0 0 0 0 0 0 0 0 0 0 0 0 0 0 0 0 8192 0 0 131072 0 0 0 0 0 0 0 0 0 0 0 0 2 0 0 0 0 0 0 0 0 2 0 0 0 2097152 1073741824 0 0 0 0 0 0 0 0 0 0 0 0 0 0 0 0 0 0 0 0 0 0 0 0 0 0 536870912 1073741824 0 0 0 0 0 0 0 2097152 0 0 0 0 0 0 0 0 0 0 0 0 0 0 0 0 1073741824 0 64 16777216 2097152 32768 2097152 131072 16842752 8192 0 65536 327680 16777220 33554432 0 1048576 0 0 0 0 0 0 8388608 0 0 0 0 16777216 0 0 0 0 0 0 0 0 0 0 0 0 0 0 0 0 0 0 0 0 0 2147483648 0 4 0 0 0 0 0 0 0 0 0 0 16777216 4194304 0 0 0 0 0 0 8 16384 8192 0 0 2147483648 0 256 0 0 512 0 0 0 0 0 0 0 0 0 0 134217728 0 0 0 0 0 0 1 0 0 0 0 0 0 0 0 0 0 0 8388608 0 0 0 0 0 4 0 0 0 0 0 0 0 0 0 0 0 0 0 0 512 0 0 0 0 0 0 0 0 0 4096 0 0 0 0 0 16 0 0 0 2147483664 0 0 0 256 0 0 0 0 0 131072 0 0 0 0 0 0 0 0 0 0 65536 238656 33792 0 8388608 268501000 4752641 2048 67174528 262144 16793600 1048578 4 0 8388608 65536 1024 0 512 0 0 1048577
is_linear=0
shrinkage=0.02


Tree=18
num_leaves=31
num_cat=11
split_feature=15 12 7 12 7 1 6 15 7 7 15 18 7 15 15 1 1 12 33 25 15 15 1 2 15 0 1 6 6 33
split_gain=569.053 197.458 134.729 120.097 84.7134 70.4174 59.7864 56.7001 46.7188 41.9565 33.8847 29.8462 27.2703 25.4847 21.7966 24.4887 25.1572 21.6932 20.7711 19.8355 16.9701 16.525 15.9229 21.0225 15.6563 15.2867 14.9704 14.9619 14.8691 25.8082
threshold=10.500000000000002 84.875000000000014 0 86.365000000000023 1 48.500000000000007 2 7.5000000000000009 3 4 16.500000000000004 5 6 13.500000000000002 17.500000000000004 52.500000000000007 48.500000000000007 80.435000000000016 0.061102916648844978 0.74250000000000005 15.500000000000002 18.500000000000004 44.500000000000007 7 12.500000000000002 8 67.500000000000014 9 10 0.080203589714798726
decision_type=2 10 9 10 9 2 9 2 9 9 2 9 9 2 2 2 2 8 2 2 2 2 2 1 2 9 2 9 9 2
left_child=3 2 11 7 -4 6 13 17 -9 24 27 19 21 -6 -13 16 22 -1 -18 -2 -14 -7 23 -16 -8 -10 -17 -11 -15 -30
right_child=1 -3 4 -5 5 12 9 8 25 10 -12 14 20 28 15 26 18 -19 -20 -21 -22 -23 -24 -25 -26 -27 -28 -29 29 -31
leaf_value=0.014350321368692159 0.0049644301244118182 0.018207224602055389 0.01522348907292455 0.021285499987172857 0.0039245774738567345 0.0076271919801693001 0.0055409095950160227 0.0050078376676754325 0.0016666291880861775 0.0063939560832979728 0.0036255468977674028 0.0044909307564270752 0.014011727512557477 0.0018566891118463583 -0.044040843830863124 0.0070807037397599571 -0.057256894801938428 0.018917450320888464 -0.012559384392365203 -0.026668648379303887 0.0095498298457806514 -0.0055829468147397003 0.0056875996641519988 -0.0074754493283817518 -0.0026401364526098064 0.015274755526149066 -0.010912027685741987 0.011470218960222657 -0.0070738550315679006 -0.030765915808718441
leaf_weight=496.65164032578468 11.04666070640087 1127.1373835653067 1110.3079062849283 2932.6161634922028 120.14872331917286 242.81812499463558 187.95490823686123 239.65314351022243 48.756056725978851 416.26642879843712 384.47542019188404 467.97766284644604 1240.1971637904644 42.140413075685501 7.108995333313942 90.787933081388474 7.4420227855443981 2561.8761802464724 9.4258832335472089 28.095042780041695 470.24435093998909 44.878818020224571 32.049263030290604 54.546325132250786 186.32805167138577 2405.302972137928 23.229571327567101 1163.8862475752831 60.125135168433189 26.495980605483055
leaf_count=1140 27 2485 2473 6344 306 592 459 608 128 1016 948 1164 2791 106 29 208 34 5631 28 94 1082 125 74 151 497 5421 69 2657 174 99
internal_value=0.0144998 0.0104858 0.0091319 0.0179916 0.0101618 0.00890588 0.00674759 0.0163124 0.0141965 0.00772005 0.00890507 0.000962032 0.0117457 -0.00259607 0.00200403 -0.0030887 -0.00979495 0.0181758 -0.0322797 -0.0141309 0.0127107 0.00537951 -0.00574744 -0.0116915 0.00142996 0.0150123 0.00341492 0.010246 -0.00888216 -0.0128387
internal_weight=16240 7555.11 6427.98 8684.86 5696.27 4585.96 2587.82 5752.24 2693.71 2338.91 1964.63 731.709 1998.14 248.91 692.568 224.59 110.572 3058.53 16.8679 39.1417 1710.44 287.697 93.7046 61.6553 374.283 2454.06 114.018 1580.15 128.762 86.6211
internal_count=36960 17688 15203 19272 13325 10852 6262 12928 6157 5577 4621 1878 4590 685 1757 593 316 6771 62 121 3873 717 254 180 956 5549 277 3673 379 273
cat_boundaries=0 12 24 182 193 205 207 219 220 351 510 668
cat_threshold=35717128 2415984640 335675394 16777280 4194306 3145984 6291456 70688 0 1577728 2056 512 536870944 33554432 1073809408 131072 2214855680 0 67141892 4341762 2147483720 32832 271581440 22592 0 1048576 0 0 0 0 0 0 0 0 0 0 0 16777216 0 0 524288 0 0 0 0 0 0 0 0 0 0 0 0 0 0 0 0 0 0 0 0 0 0 0 4 0 0 0 0 0 0 0 0 0 0 0 0 0 0 4 0 540672 0 0 0 134217728 0 256 0 0 0 0 0 0 0 0 0 131072 0 1 2097152 134217728 0 0 0 0 0 0 1 0 0 0 0 0 2147483648 0 0 0 0 0 8388608 0 0 0 1073741824 0 0 0 0 0 0 0 0 1073741824 0 0 4096 0 262144 0 0 0 0 0 0 0 131072 0 0 0 0 4096 0 0 0 0 0 0 0 0 0 2147483648 0 0 4194304 0 0 1024 1048576 0 0 131072 0 0 0 0 0 0 0 0 0 2097152 33554432 256 279040 822083584 1573888 268453888 1075871776 786448 540672 538445888 8658944 3072 4 33024 268435457 524368 71680 3221233672 3148544 553844736 2 512 589856 0 33554432 67297280 8448 16512 805306368 0 134217792 3221291144 287571968 524304 67584 8388608 524289 2 0 0 0 0 0 0 0 0 0 0 0 0 0 0 0 0 0 0 0 0 0 0 0 0 0 0 0 0 0 0 0 0 0 0 0 0 0 0 0 0 0 0 1073741824 0 0 0 0 0 0 0 0 0 0 0 0 0 0 0 0 0 0 0 0 0 0 0 0 0 4194304 0 0 0 0 0 8388608 0 0 0 0 0 0 0 0 0 0 0 0 0 0 0 0 0 0 0 0 8192 0 0 0 0 0 0 0 0 0 0 0 0 0 0 0 0 0 0 0 0 0 0 0 0 0 0 0 0 0 268435456 0 0 0 0 64 0 0 0 0 0 0 134217728 0 0 0 0 0 0 0 0 0 0 0 0 0 0 1048576 0 0 0 0 0 134217728 0 4194304 0 0 0 0 32 0 0 4 0 0 0 0 1048576 0 0 0 256 0 2164260864 4194308 0 0 0 0 0 0 0 0 0 0 0 0 0 0 0 0 0 0 0 0 0 0 2097152 0 0 0 0 0 0 0 0 134217728 0 0 0 0 0 0 0 0 0 0 0 0 0 0 0 0 0 0 0 0 0 0 0 16 0 4 0 16384 0 0 0 0 0 0 0 512 16384 1048576 0 0 0 0 0 0 0 0 0 4194304 1048576 65536 0 0 1048576 0 0 0 0 0 0 0 0 0 0 0 0 0 0 0 0 0 0 0 0 64 16777216 0 65536 0 0 0 0 0 0 0 0 0 0 0 0 0 0 0 0 0 0 0 0 0 0 0 0 0 0 0 0 0 0 0 0 0 0 0 0 0 0 0 0 0 0 0 0 0 0 0 0 0 0 0 0 0 0 0 0 0 0 0 0 0 0 0 0 0 0 0 0 0 0 0 0 0 131072 0 1 0 134217728 0 0 0 0 0 0 0 0 0 0 0 0 0 0 0 0 0 0 0 0 0 0 0 0 0 0 0 0 0 0 0 0 0 0 0 0 0 0 0 0 0 0 0 0 131072 0 0 0 0 0 0 0 0 0 0 0 0 0 0 2147483648 0 0 4194304 0 0 0 0 0 0 0 0 0 0 0 0 0 0 0 0 2097152
is_linear=0
shrinkage=0.02


Tree=19
num_leaves=31
num_cat=8
split_feature=34 34 34 34 7 7 7 34 34 15 34 15 7 4 0 34 7 1 12 7 34 14 11 14 12 14 24 11 10 1
split_gain=2125.65 502.549 242.536 130.104 77.0226 62.1378 42.1621 36.8306 34.8122 30.9192 29.6947 27.951 37.6518 36.0265 26.9808 24.588 22.8467 22.2045 21.7694 21.6605 26.256 20.6394 20.2938 19.6556 20.4601 38.5558 37.2389 17.7729 17.1366 16.8603
threshold=0.43576906621456152 0.29645083844661718 0.64399325847625744 0.19373118877410891 0 1 2 0.37128263711929327 0.80521139502525341 12.500000000000002 0.5283651351928712 18.500000000000004 3 4 5 0.12707497179508212 6 30.500000000000004 66.835000000000022 7 0.2536765336990357 2189.4100000000003 837.50000000000011 4918.0000000000009 70.915000000000006 2161.0500000000006 0.75450000000000006 1.0000000180025095e-35 4555.0000000000009 50.500000000000007
decision_type=2 2 2 2 9 9 9 2 2 2 2 2 9 1 9 2 9 2 8 9 2 2 2 2 8 2 2 2 2 2
left_child=1 3 6 9 7 -5 -2 29 -4 18 -8 12 -7 19 -6 -11 -16 -17 -1 -14 -21 -20 27 24 -15 26 -26 28 -19 -3
right_child=2 4 8 5 14 11 10 -9 -10 15 -12 -13 13 23 16 17 -18 22 21 20 -22 -23 -24 -25 25 -27 -28 -29 -30 -31
leaf_value=-0.0077418333456546855 0.0053163373106166938 -0.0064037331845295141 0.020036205735514227 0.0063712089217296151 0.0019975789001056392 0.00038888914225980101 0.014141352699858938 0.0045498009046200105 0.022909587975975278 -0.020492907992781809 0.017849481572140741 0.0027335010947819992 -0.011404774311202504 -0.0088383598496866861 0.013588230630660891 0.0030685344772872049 0.0091559023910261026 -0.0063977314274512101 -0.041697262818437358 -0.007889334525355755 0.0048984690946079065 -0.019622967777338546 0.008603347736660159 -0.0018985999009264807 -0.03214426668304432 -0.015290296099377399 -0.09195609048464054 -0.01483509173946743 0.025521233874745763 -0.02499994243534686
leaf_weight=29.842186659574509 194.55496974289417 70.986775726079941 2847.8195091485977 379.55850280821323 182.83795970678329 399.68848273158073 1791.630156904459 137.06836470961571 4136.1182285398245 70.387795701622963 1668.1060144305229 283.80759148299694 90.749905526638031 67.310254544019699 779.97966267168522 64.361610010266304 2105.9160252958536 57.612277776002884 27.44327811896801 110.06969030201435 154.19301797449589 44.280240297317505 21.556761994957924 39.431099742650986 26.651967644691471 77.856146767735481 4.9346498399972907 182.29446326196194 7.6175937652587882 26.889037534594536
leaf_count=81 501 202 6235 900 484 1023 4109 348 8845 220 3692 700 271 190 1751 153 5004 156 107 311 371 139 48 102 98 239 29 544 12 95
internal_value=0.0143522 0.00418707 0.0195535 -0.00336411 0.00907764 -0.000621523 0.0153787 -0.00205423 0.0217379 -0.0122325 0.0158833 -0.00276564 -0.00440162 -0.00762701 0.00990432 -0.00975168 0.0103966 -0.00748427 -0.0220966 -0.00345768 -0.000412258 -0.0280692 -0.0100084 -0.0140182 -0.017515 -0.0228514 -0.0414884 -0.0116293 -0.00267021 -0.0115126
internal_weight=16081.6 5443.33 10638.2 2139.65 3303.68 1634.25 3654.29 234.944 6983.94 505.396 3459.74 1254.69 970.885 571.197 3068.73 403.831 2885.9 333.443 101.566 355.013 264.263 71.7235 269.081 216.184 176.753 109.443 31.5866 247.524 65.2299 97.8758
internal_count=36960 13578 23382 5694 7884 4234 8302 645 15080 1460 7801 3334 2634 1611 7239 1133 6755 913 327 953 682 246 760 658 556 366 127 712 168 297
cat_boundaries=0 12 24 36 46 47 173 184 195
cat_threshold=100730912 268436608 2147516422 64 67239936 2097152 4194624 4104 537001984 65664 1073778688 524352 805316608 10485760 288 536870912 1048576 1073807872 36912 272105984 536870944 33312 33595648 1 589824 0 134234882 64 1052676 1 4 268959760 64 8659216 6144 81920 8 0 8388608 285212672 566272 38912 67174400 84096 16400 570951682 12 0 0 0 0 0 4 0 0 0 0 0 0 0 16 0 0 0 0 32768 0 0 0 4194304 0 0 0 0 0 4096 0 256 0 536870912 0 8192 0 0 0 0 0 0 0 0 0 0 0 0 8192 0 0 0 32768 33554432 0 0 0 65536 0 0 0 0 0 0 1073741824 0 0 0 4 0 0 0 0 0 0 0 0 0 0 0 262144 0 32832 0 0 0 0 0 0 0 0 0 0 134217728 16 0 0 0 0 0 0 0 0 0 0 0 0 0 0 0 0 0 0 0 0 0 0 0 0 0 0 134217728 0 0 0 0 268435456 268436484 2097152 2048 2195594 557056 16842752 128 2 16777540 2148024867 2097153 1028 0 128 32768 4194306 0 2097152 0 0 1048577 268435520
is_linear=0
shrinkage=0.02


Tree=20
num_leaves=31
num_cat=8
split_feature=34 34 34 34 22 22 22 22 34 15 34 31 11 34 22 6 15 22 6 12 20 34 11 9 34 26 34 17 11 17
split_gain=2096.59 485.868 242.989 124.831 75.5614 58.7267 41.604 37.8341 35.1224 30.6806 30.2643 29.952 33.4339 29.6851 28.2025 31.1257 26.1717 25.1544 25.9952 23.9079 23.6666 21.9283 20.9307 20.2972 19.3603 17.6846 20.6781 18.1228 21.7182 19.1488
threshold=0.43576906621456152 0.29645083844661718 0.64399325847625744 0.21324618905782702 0 1 2 3 0.80521139502525341 17.500000000000004 0.36620685458183294 1.0000000180025095e-35 384.50000000000006 0.5283651351928712 4 5 10.500000000000002 6 7 77.955000000000013 5.3950000000000005 0.12707497179508212 1.0000000180025095e-35 66.815000000000012 0.15158876031637195 0.82050000000000012 0.20395454019308093 0.052974666666666663 610.50000000000011 0.074556250000000004
decision_type=2 2 2 2 9 9 9 9 2 2 2 2 2 2 9 9 2 9 9 10 2 2 2 2 2 2 2 10 2 10
left_child=1 3 6 7 10 -5 -2 20 -4 11 -3 -9 -13 -8 -6 19 -7 -18 -19 -16 -1 -11 -20 -12 -14 26 -26 28 -27 -29
right_child=2 4 8 5 14 16 13 9 -10 21 23 12 24 -15 15 -17 17 18 22 -21 -22 -23 -24 -25 25 27 -28 29 -30 -31
leaf_value=-0.00061666583072562985 0.0052293403842006512 -0.011392174202832436 0.019914136223192744 0.0065735164411615601 0.013350611931193905 -0.010535325505969414 0.013986390960286055 -0.0048603312687992032 0.022821824931281695 -0.021482863076135641 -0.095276850202608426 -0.0080217705716150497 -0.042538342490013266 0.017714147439805365 3.7332763099436235e-05 0.0090342609906842192 0.0035262074488510088 0.0053578272036248547 0.0032729633224234549 -0.034663633169330639 -0.032961245824819511 -0.0060863526179946552 -0.0075250292836602064 0.0039943586942520872 -0.02811323726658806 -0.060864175458762153 -0.072218357644347503 -0.0002247729846965709 -0.011731895924973619 -0.022019152832414506
leaf_weight=187.90869668126106 193.97490014135838 88.600027605891228 2808.3679031431675 398.28896518051624 751.41471083462238 137.31308509409428 1773.4923387467861 53.03900945186615 4069.6515381783247 43.845459923148155 0.82856504619121452 51.384069696068764 25.7659662514925 1648.9710885882378 81.318954229354858 2208.5666563808918 297.62388265132904 101.54748180508614 87.674871310591698 8.8013354837894422 9.5066414028406125 237.05312469601631 396.7129602432251 144.91324742138386 16.806280031800274 8.424325689673422 5.6920898854732505 22.746991083025932 6.282532423734664 55.396552354097366
leaf_count=475 502 267 6235 949 1703 403 4106 139 8845 138 5 140 101 3694 220 5284 727 238 214 35 35 636 1119 370 58 39 29 56 18 180
internal_value=0.0142086 0.00411674 0.0194278 -0.00329141 0.00895036 0.000155961 0.0152309 -0.0100502 0.0216346 -0.0127613 -0.00208501 -0.0181679 -0.0218346 0.0157365 0.00977301 0.00855077 -0.00238881 -0.00114981 -0.00352499 -0.00301688 -0.00206941 -0.00848959 -0.0054579 0.00342999 -0.0268642 -0.023363 -0.0392718 -0.0195082 -0.0398757 -0.015675
internal_weight=15921.9 5427.46 10494.5 2143.01 3284.44 1419.16 3616.44 723.852 6878.02 526.436 234.342 245.538 192.499 3422.46 3050.1 2298.69 1020.87 883.559 585.935 90.1203 197.415 280.899 484.388 145.742 141.115 115.349 22.4984 92.8504 14.7069 78.1435
internal_count=36960 13578 23382 5694 7884 3650 8302 2044 15080 1534 642 760 621 7800 7242 5539 2701 2298 1571 255 510 774 1333 375 481 380 87 293 57 236
cat_boundaries=0 12 23 35 45 56 204 215 372
cat_threshold=58724360 1140851712 268437505 8 8396800 262144 1073872906 128 16778240 150994952 67108864 32773 402655232 9437184 32 268435456 1151488 1207967872 1152 8407056 1 167790609 270565376 33685504 1073741824 8406112 8 536936450 536870912 2147483648 8404992 2147483650 25428484 64 5120 16384 1048576 8192 276848640 2048 256 67584 532480 524288 1073741824 134218240 1048576 16640 1073169 36864 37756928 134217732 268435968 403177482 17424 131088 0 1048576 0 0 0 0 0 0 8388608 0 0 0 0 16777216 0 0 0 0 0 0 0 0 0 0 0 0 0 0 0 0 0 0 0 0 0 2147483648 0 4 0 0 0 0 0 0 0 0 0 0 0 0 0 0 0 0 0 0 0 16384 0 0 0 0 0 256 0 0 0 0 0 0 0 0 0 0 0 0 0 134217728 0 0 0 0 0 0 1 0 0 0 0 0 0 0 0 0 0 0 0 0 0 0 0 0 4 0 0 0 0 0 0 0 0 0 0 0 0 0 0 512 0 0 0 0 0 0 0 0 0 4096 0 0 0 0 0 16 0 0 0 16 0 0 0 0 0 0 0 0 0 131072 8409216 128 1074266112 2281701377 2048 512 69208065 268509376 256 1048704 528386 0 0 0 0 0 0 0 0 0 0 0 0 0 0 0 0 0 0 0 0 0 0 0 0 0 0 0 0 0 0 131072 0 0 0 0 0 0 256 0 0 0 0 0 0 0 0 2 0 0 4194304 0 0 0 0 0 0 0 0 0 0 0 0 0 0 2048 0 0 0 0 0 0 0 0 0 0 0 0 0 0 0 0 0 0 0 0 0 0 0 0 0 0 0 0 0 0 0 0 0 0 2097152 0 0 0 0 0 0 0 0 0 0 0 0 0 0 0 0 0 0 0 1048576 0 0 0 0 0 0 0 0 0 0 0 0 0 0 0 0 2097152 0 0 0 4194304 0 0 0 0 0 0 0 0 0 0 0 0 0 0 0 16777216
is_linear=0
shrinkage=0.02


Tree=21
num_leaves=31
num_cat=14
split_feature=15 7 11 7 15 6 15 22 7 18 15 11 7 7 1 25 1 15 1 2 1 6 1 7 6 7 11 11 15 7
split_gain=548.025 183.61 161.871 132.369 90.2994 61.4178 41.6533 48.1373 33.9645 33.8367 30.733 26.9908 26.988 21.919 20.4809 20.3687 20.2916 18.2603 17.506 16.4301 17.1406 16.4145 16.2648 15.0562 13.3193 13.9732 14.5872 12.98 12.703 11.9335
threshold=10.500000000000002 0 759.50000000000011 1 7.5000000000000009 2 14.500000000000002 3 4 5 16.500000000000004 711.50000000000011 6 7 49.500000000000007 0.74850000000000005 45.500000000000007 21.500000000000004 32.500000000000007 8 51.500000000000007 9 55.500000000000007 10 11 12 666.50000000000011 738.50000000000011 5.5000000000000009 13
decision_type=2 9 2 9 2 9 2 9 9 9 2 2 9 9 2 2 2 2 2 1 2 9 2 9 9 9 2 2 2 9
left_child=4 18 3 9 16 -5 12 19 27 17 -4 13 -7 -10 21 -11 28 24 -2 20 -8 -9 23 -15 -3 -26 -27 -6 -1 -23
right_child=1 2 10 5 8 6 7 14 11 15 -12 -13 -14 22 -16 -17 -18 -19 -20 -21 -22 29 -24 -25 25 26 -28 -29 -30 -31
leaf_value=0.019057917841691491 0.011694873800291068 0.0073373650318960494 0.016717583799835616 -0.0019358841156282617 0.0032105869406669021 0.0039026470512515143 -0.0023763667582776282 -0.0056216289191940508 0.0072587926250433435 -0.0040048128441854212 0.0095301508056696866 0.018659081055736226 0.011933918670859925 0.0060565043707835877 0.010867365483551527 -0.025036738815035212 0.020489097816244358 -0.0059465022240012683 0.016521439398385095 -0.0097485456723938602 0.0078976756529876915 0.00078649315210192348 0.018370408966821017 0.014792639097292604 -0.0036901841823779053 0.00065547866086878464 0.015516898939555972 0.01686815049355872 0.016085442175173072 0.0077972053040575194
leaf_weight=1549.7209698781371 374.21362791955471 120.78230156004429 863.45820493251085 239.82911995053291 147.32554789632559 227.968490421772 165.50326357781887 41.548568412661552 223.57967323064804 33.679083056747913 328.50163404643536 818.13563054800034 1412.0011399462819 133.8496862500906 614.64584551006556 40.650531023740768 2594.4925944060087 157.63076511025429 1527.7775124534965 62.039130210876465 106.91234266757965 129.74363115429878 485.64922213554382 1458.7654685303569 186.8250839561224 91.108118981122971 37.208034545183182 34.318679079413414 914.41050039231777 642.16648465394974
leaf_count=3539 881 287 1917 655 392 586 449 121 567 93 764 1855 3304 342 1440 135 5870 425 3493 184 257 341 1097 3395 514 239 78 77 2138 1525
internal_value=0.0140661 0.0101037 0.00819856 0.00640951 0.0175754 0.00789796 0.00859474 0.00648548 0.0150026 -0.00179918 0.0147367 0.0154892 0.0109141 0.0144298 0.00805559 -0.0136682 0.0192546 -0.000111013 0.0154904 -0.000446296 0.00165579 0.00603005 0.0150937 0.0141893 0.00199656 -0.00027449 0.00460592 0.00548879 0.0179549 0.00664396
internal_weight=15764.4 7404.19 5502.2 4310.24 8360.25 3642.36 3402.53 1762.56 3301.62 667.884 1191.96 3119.98 1639.97 2301.84 1428.1 74.3296 5058.62 593.554 1901.99 334.455 272.416 813.459 2078.26 1592.62 435.924 315.141 128.316 181.644 2464.13 771.91
internal_count=36960 17688 13314 10633 19272 8862 8207 4317 7725 1771 2681 7256 3890 5401 3427 228 11547 1543 4374 890 706 1987 4834 3737 1118 831 317 469 5677 1866
cat_boundaries=0 12 24 182 194 205 207 217 229 230 378 390 538 548 559
cat_threshold=536870948 0 1073744000 2 2214592512 4096 67141636 147458 2147487816 33587393 271581440 4160 33652744 268435456 67256834 16777280 4194306 3145744 0 70520832 16777216 1839618 2048 524288 0 1048576 0 0 0 0 0 0 8388608 0 0 0 0 0 0 0 0 0 0 0 0 0 0 0 0 0 0 0 0 0 0 0 262144 0 0 0 0 536870916 0 0 0 0 0 0 0 0 0 0 0 0 0 0 0 0 0 0 0 524288 0 536870912 0 2147483648 0 256 0 0 0 0 0 0 0 8192 0 0 0 1 0 0 0 0 0 134217728 0 0 67108865 0 0 0 0 0 2147483648 0 0 0 0 0 0 0 0 0 1073741824 0 0 0 0 64 0 4 0 1073741824 0 0 0 0 262144 0 0 512 0 0 0 0 131072 0 0 0 0 0 0 0 0 0 0 0 0 128 0 16 0 0 0 0 0 1024 0 0 0 0 0 0 0 0 0 0 0 0 0 2097152 4608 1048580 276824064 40960 4136 33554432 2317 285214720 17412 536870912 524288 512 33554432 256 4472832 2701131776 1049600 268453888 1075839008 2883584 524288 1572992 8658948 131072 134250496 75499520 2147483648 536870912 536870912 139536 17216 2149580800 536879616 536952832 536870944 34816 131204 1208058112 1 8204 0 2684354624 16 147536 537139202 0 65536 1 0 0 0 0 0 0 0 0 0 0 0 0 0 0 0 0 524288 0 0 0 0 0 0 0 0 0 0 0 0 0 0 0 0 0 0 0 0 0 0 0 0 0 1048576 0 0 0 0 0 0 0 0 0 0 0 0 0 0 0 0 0 0 0 0 0 1073741824 0 0 0 0 0 0 0 0 131072 0 0 2097152 0 0 0 0 0 0 0 0 0 0 0 0 0 0 0 0 0 0 0 0 0 0 0 0 0 0 0 0 0 0 0 0 0 0 0 0 0 0 0 0 0 0 0 0 0 0 0 0 0 0 0 0 0 0 0 0 0 0 0 0 0 0 0 0 0 0 0 0 0 0 131072 536871936 2181038080 512 268435592 528384 0 0 536870912 16777216 0 0 48 0 0 33554432 0 0 0 0 0 0 0 0 0 0 0 0 0 524288 0 0 0 0 0 0 0 0 8192 0 134217728 0 0 131072 0 0 0 0 0 0 0 0 0 0 0 0 0 0 0 0 0 0 0 0 0 0 0 0 0 0 0 0 0 0 0 0 0 2048 0 16777728 0 0 0 8192 0 0 0 0 0 0 0 2097152 0 0 0 0 0 0 0 0 0 0 0 0 0 0 0 0 0 0 0 0 0 0 0 0 0 0 0 0 0 0 0 0 0 0 0 0 0 0 0 0 0 0 16 0 0 0 0 0 0 0 0 0 0 0 0 0 0 0 0 0 0 0 0 0 0 0 0 0 131072 98304 0 2 0 0 0 0 3411968 16777216 1053184 0 4194304 0 520 139264 67584 16 0 81920 0 64
is_linear=0
shrinkage=0.02


Tree=22
num_leaves=31
num_cat=12
split_feature=15 12 12 11 7 7 6 15 22 15 7 15 6 33 1 7 12 11 1 6 33 15 1 12 18 2 27 7 7 29
split_gain=542.642 187.996 121.598 108.549 150.181 91.515 70.4741 55.3867 44.771 42.0655 36.2958 34.0403 26.2359 35.0961 23.8172 23.0723 21.8195 20.6564 16.545 17.4116 15.6811 28.968 15.4396 15.1055 14.8865 14.7854 17.946 14.3823 13.6281 13.3194
threshold=10.500000000000002 84.875000000000014 86.365000000000023 764.50000000000011 0 1 2 7.5000000000000009 3 14.500000000000002 4 16.500000000000004 5 0.1182266666272578 41.500000000000007 6 80.435000000000016 766.50000000000011 29.500000000000004 7 0.049558333312683896 13.500000000000002 51.500000000000007 93.075000000000003 8 9 0.70450000000000002 10 11 5.5000000000000009
decision_type=2 10 10 2 9 9 9 2 9 2 9 2 9 2 2 9 8 2 2 9 2 2 2 10 9 1 2 9 9 2
left_child=2 3 7 4 12 -6 28 16 -9 27 22 -5 -2 20 15 -12 -1 -10 -17 -20 21 -14 -11 -4 -22 -23 -27 -8 -7 -26
right_child=1 -3 23 11 5 6 9 8 17 10 14 -13 13 -15 -16 18 -18 -19 19 -21 24 25 -24 -25 29 26 -28 -29 -30 -31
leaf_value=0.013698935599618536 0.0046177166153879689 0.017697828587369898 0.019046803869737481 0.016616349844141228 0.014321830551048973 -0.011554130475239802 0.0052302687633179338 0.0042837981040732406 0.013666863014705129 -0.0055882238795819886 0.011057325739428001 0.0085660499310713911 0.0037626674795956622 -0.018250524151470906 0.009157202216754444 0.0071870444054724526 0.018382487510676639 0.018919021880051134 0.0088424305909375178 -0.0033067280641139369 0.003294125063050316 -0.0097829355629370767 0.0047883852627217905 0.022066397236434891 -0.021449391282714839 -0.016625294020107227 -0.056446935022454799 0.011335599371178968 -0.00019157174130413215 -0.0013853754249275475
leaf_weight=475.84807498753071 200.8436546176672 1075.149658575654 1102.441096059978 781.63401249796152 956.12673877179623 41.050404116511345 243.11785385012627 222.01993714272976 2016.4145283326507 142.59445177018642 127.63081581890583 287.33740764856339 58.583652287721634 59.77315454185009 905.27493381500244 141.77939561009407 2428.3521264791489 351.78576409816742 48.096543610095978 245.90374703705311 219.26482589542866 67.471007958054543 95.952925965189934 1661.2253240197897 20.897860407829285 14.649836227297785 6.5510192364454261 1320.4129618629813 258.26359669864178 36.090743213891983
leaf_count=1140 493 2485 2572 1750 2209 129 616 577 4787 400 283 677 149 190 2158 337 5631 793 109 681 536 196 241 3772 68 46 30 3119 691 95
internal_value=0.0139212 0.00997014 0.0174399 0.00864699 0.00745592 0.00876528 0.00724129 0.0157187 0.0135924 0.00809739 0.00595157 0.0144524 -0.00131571 -0.00382517 0.00709962 0.00391955 0.0176151 0.0143863 0.00153997 -0.00113092 -0.00187952 -0.00715068 -0.00135745 0.0208619 0.000930238 -0.0143609 -0.0289301 0.0104922 -0.00207309 -0.00743777
internal_weight=15612.5 7354.45 8258.09 6279.3 5210.33 4526.2 3570.08 5494.42 2590.22 3270.76 1707.23 1068.97 684.126 483.282 1468.69 563.411 2904.2 2368.2 435.78 294 423.509 147.256 238.547 2763.67 276.253 88.6719 21.2009 1563.53 299.314 56.9886
internal_count=36960 17688 19272 15203 12776 10973 8764 12928 6157 7944 4209 2427 1803 1310 3568 1410 6771 5580 1127 790 1120 421 641 6344 699 272 76 3735 820 163
cat_boundaries=0 12 24 170 181 193 321 331 459 461 462 474 484
cat_threshold=65544 2415919104 67256322 16777280 4194306 1076887552 2097152 70520832 16777216 1847810 2048 524288 536870944 0 1073744016 0 2214855680 0 67141892 4341762 2147483720 32960 271581440 22592 0 1048576 0 0 0 0 0 0 8388608 0 0 0 0 0 0 0 0 0 0 0 0 0 0 0 0 0 0 0 0 0 0 0 0 0 0 2147483648 0 536870916 0 0 0 0 0 0 0 0 0 0 0 4194304 0 0 0 0 0 0 0 524288 8192 536870912 0 2147483648 0 256 0 0 0 0 0 0 0 0 0 0 0 0 2097152 134217728 0 0 0 134217728 0 0 1 0 0 0 0 0 2147483648 0 0 0 0 0 0 0 0 0 1073741824 0 0 0 0 0 0 4 0 1073741824 0 0 4096 0 262144 0 0 512 0 0 0 0 131072 0 0 0 0 4096 0 512 0 0 0 0 0 128 0 2147483664 0 0 0 0 0 1024 0 16384 8388672 0 279552 411041792 98816 2560 2181104641 24576 16640 570441858 524290 33792 0 2147483648 131203 32832 134219776 73888 65536 537411716 0 8650752 8192 0 0 8 0 0 0 0 0 0 0 0 0 0 0 0 0 524288 0 0 0 0 1048576 0 0 0 8192 0 134217728 0 4194304 131072 0 0 0 0 0 0 0 0 0 0 0 0 0 0 0 0 0 16777216 4 0 0 0 0 0 0 0 0 0 0 0 0 0 0 2048 0 512 0 0 0 8192 0 0 0 0 0 2097408 0 2097152 0 0 0 0 0 0 0 0 0 0 0 0 0 0 0 0 0 0 0 0 2097152 0 0 0 0 0 0 0 0 0 0 0 0 0 0 0 0 0 0 0 0 0 16 0 0 0 0 0 536870912 16400 131072 8388608 268435456 0 0 2147484160 17301568 0 570426400 0 0 33554464 0 0 0 0 0 0 0 0 0 0 0 0 0 0 0 0 0 0 0 0 0 0 8192 0 0 0 0 0 0 0 0 0 0 0 256 0 0 0 0 0 0 0 0 0 0 0 0 0 0 0 0 0 0 0 0 0 0 0 0 0 0 0 0 0 0 0 0 8192 0 0 0 0 0 0 0 0 0 0 0 0 0 0 0 0 0 64 0 0 0 0 0 0 0 0 0 0 0 0 0 0 0 0 0 0 0 0 0 0 0 0 0 0 0 0 0 0 1048576 0 0 0 0 0 0 0 536870912 131072 32768 1 42477568 2228224 536871968 805306368 139280 17216 2147483648 536945280 81920 536870912 67108864 16 0 0 8388608 98304 524544 2048 0 0 4 33554432
is_linear=0
shrinkage=0.02


Tree=23
num_leaves=31
num_cat=14
split_feature=15 7 11 7 15 6 15 7 11 7 15 6 7 17 16 15 9 27 6 11 7 15 17 6 7 26 11 11 2 16
split_gain=537.171 178.2 155.39 125.947 90.1367 58.5323 40.9222 44.6887 33.6127 36.0978 30.0914 24.4538 23.0889 21.5212 21.5054 18.323 17.0996 16.9509 16.2106 16.1637 14.9048 14.8538 14.4065 14.1217 14.0916 13.1755 12.8435 20.2111 12.6242 12.0424
threshold=10.500000000000002 0 759.50000000000011 1 7.5000000000000009 2 14.500000000000002 3 754.50000000000011 4 16.500000000000004 5 6 0.12947920000000004 7 5.5000000000000009 329.33500000000004 0.67700000000000016 8 719.50000000000011 9 8.5000000000000018 0.13187750000000001 10 11 0.85750000000000004 449.50000000000006 690.50000000000011 12 13
decision_type=2 9 2 9 2 9 2 9 2 9 2 9 9 10 9 2 2 2 9 2 9 2 10 9 9 2 2 2 1 9
left_child=4 -2 3 11 15 25 12 18 9 21 -4 -3 -7 28 -11 -1 17 -15 22 29 -16 -6 -8 -9 -25 -5 -20 -28 -13 -17
right_child=1 2 10 5 8 6 7 23 -10 14 -12 13 -14 16 20 19 -18 -19 26 -21 -22 -23 -24 24 -26 -27 27 -29 -30 -31
leaf_value=0.019927992026858816 0.015205169336948567 0.0057333472259241793 0.016424639694409146 -0.004637971991131167 0.013875944613529456 0.0038906747167922889 -0.012429464487338162 -0.00019630263798315251 0.018917001755222946 0.016845021598562184 0.0092591347489271118 -0.00032844853028716765 0.011681415005482377 -0.0025575307790672466 0.0072194975442432642 0.018580180409296324 0.0020687344023775016 -0.02950137142750749 0.0082006101524007211 0.020778505571433976 0.013863514102706906 0.00081824136345894115 0.010099095582324006 0.011601857201696826 0.006717857233474833 0.0050220292049375339 -0.0046040511488751532 0.010953865433522534 -0.0076987022285711897 0.014744940588872529
leaf_weight=3141.6656022816896 1863.0981960818172 133.51243013143539 844.32510568201542 177.37336318194866 47.731595814228058 209.71404132246971 65.27506460249424 88.76390315592289 615.47990125417709 906.36571172624826 324.53529673814774 364.7590112015605 1383.8730088621378 13.392379075288771 240.53227657079697 555.20021478831768 17.369466975331306 30.863636523485184 96.179372251033783 427.6149875074625 1294.9388476386666 129.09024742990732 13.744833320379255 443.94498621672392 845.23120693862438 82.860971674323082 137.88137975335121 44.077166587114334 124.75505100190639 798.43635235726833
leaf_count=7322 4374 323 1917 500 112 541 201 240 1423 2148 764 949 3286 35 615 1311 44 110 225 981 3071 356 32 1026 2071 208 388 101 353 1933
internal_value=0.0137774 0.00983838 0.00795862 0.00620586 0.0173052 0.00769327 0.00841469 0.00631477 0.0147113 0.0137228 0.0144351 -0.00167895 0.0107539 -0.00354474 0.0143433 0.0190092 -0.0147478 -0.0213479 -9.74833e-05 0.0173888 0.01296 0.00411059 -0.00755476 0.00792004 0.00847608 -0.00150433 0.00220982 -0.000835342 -0.00220679 0.016318
internal_weight=15462.6 7305.53 5442.43 4273.57 8157.06 3588.92 3328.68 1735.1 3234.14 2618.66 1168.86 684.652 1593.59 551.14 2441.84 4922.92 61.6255 44.256 357.158 1781.25 1535.47 176.822 79.0199 1377.94 1289.18 260.234 278.138 181.959 489.514 1353.64
internal_count=36960 17688 13314 10633 19272 8819 8111 4284 7725 6302 2681 1814 3827 1491 5834 11547 189 145 947 4225 3686 468 233 3337 3097 708 714 489 1302 3244
cat_boundaries=0 12 24 182 194 205 333 343 344 501 513 667 679 680 681
cat_threshold=536870948 0 1073744000 2 2214592512 4096 67141636 147458 2147487816 33587393 271581440 4160 33652744 268435456 67256834 16777280 4194306 3145744 0 70521344 16777216 1839618 2048 524288 0 1048576 0 0 0 0 0 0 8388608 0 0 0 0 16777216 0 0 0 0 0 0 0 0 0 0 0 0 0 0 0 0 0 0 262144 0 0 0 0 536870916 0 0 0 0 0 0 0 0 0 0 0 0 0 0 0 0 0 0 0 524288 0 536870912 0 2147483648 0 256 0 0 0 0 0 0 0 8192 0 0 0 1 0 0 0 0 0 134217728 0 0 67108865 0 0 0 0 0 2147483648 0 0 0 0 0 0 0 0 0 1073741824 0 0 0 0 64 0 4 0 1073741824 0 0 0 0 262144 0 0 512 0 0 0 0 131072 0 0 0 0 4096 0 512 0 0 0 0 0 128 0 16 0 0 0 0 0 1024 0 0 0 0 0 0 0 0 0 0 0 0 0 2097152 3072 2097156 2281701376 163968 32848 134217728 74144 536936448 537542788 0 8650752 8193 33554432 4 4538624 2684354561 1049600 16384 1075838976 524288 17432576 537663490 8650756 0 0 8 0 0 0 0 0 0 0 0 0 0 0 0 0 0 0 0 0 0 1048576 0 0 0 8192 0 134217728 0 0 131072 0 0 0 0 0 0 0 0 0 0 0 0 0 0 0 0 0 16777216 0 0 0 0 0 0 0 0 0 0 0 0 0 0 0 2048 0 512 0 0 0 8192 0 0 0 0 0 0 0 2097152 0 0 0 0 0 0 0 0 0 0 0 0 0 0 0 0 0 0 0 0 2097152 0 0 0 0 0 0 0 0 0 0 0 0 0 0 0 0 0 0 0 0 0 16 0 0 0 0 0 536870912 75500544 2147483648 536870944 536870912 139536 16704 2149580800 536879104 536952832 536870912 1 0 0 0 0 0 0 0 0 0 0 0 0 0 0 0 0 524288 0 0 0 0 0 0 0 0 0 0 0 0 0 0 0 0 0 0 0 0 0 0 0 0 0 0 0 0 0 0 0 0 4194304 0 0 0 0 0 0 0 0 0 0 0 0 0 0 1073741824 0 0 0 0 0 0 0 0 0 0 0 2097152 0 0 0 0 0 0 0 0 0 0 0 0 0 0 0 0 0 0 0 0 0 0 0 0 0 0 0 0 0 0 0 0 0 0 0 0 0 0 0 0 0 0 0 0 16 0 0 0 0 0 0 0 4194304 0 0 0 0 0 0 0 0 0 1 0 0 0 0 0 0 0 0 0 0 0 0 0 0 0 0 16777216 545803264 2181038208 134217744 268435600 532484 2048 536870976 537919504 16464 32 1572864 65584 0 0 0 0 0 0 0 0 0 0 0 0 0 0 0 0 0 0 0 0 0 1048576 0 0 0 0 0 0 0 0 131072 0 0 0 0 0 0 0 0 0 4 0 1048576 0 0 0 0 0 0 0 0 0 0 0 0 0 0 0 0 0 0 0 0 0 0 0 0 0 0 0 0 0 0 0 0 0 2097152 0 2097152 0 0 0 0 0 0 0 0 0 0 0 0 0 0 0 0 0 0 0 0 0 0 0 4 0 0 0 0 0 0 0 0 0 0 0 0 0 0 0 0 0 0 0 0 0 0 0 0 0 0 0 1048576 65536 0 0 0 0 2097152 0 0 0 4194304 0 0 0 0 0 0 131072 0 0 0 0 0 1073741824 524304 131072 8913168 512 132352 2112 2147500544 268443968 2048 536874024 561168 2080 1 1
is_linear=0
shrinkage=0.02


Tree=24
num_leaves=31
num_cat=13
split_feature=15 12 12 11 7 7 6 15 15 7 15 7 6 12 11 7 6 7 7 11 11 14 12 15 25 7 5 10 2 25
split_gain=531.731 184.66 122.843 104.526 138.849 87.4429 66.6263 55.0683 39.2753 36.0705 33.3516 33.3025 26.4952 23.4489 19.2208 23.3824 16.5502 21.0896 16.4425 15.432 13.8048 23.7492 13.574 13.4907 17.0534 13.3291 12.8416 13.0188 15.1235 13.8923
threshold=10.500000000000002 84.875000000000014 91.105000000000004 764.50000000000011 0 1 2 7.5000000000000009 13.500000000000002 3 16.500000000000004 4 5 80.435000000000016 711.50000000000011 6 7 8 9 370.50000000000006 539.50000000000011 3670.8750000000005 64.285000000000011 18.500000000000004 0.82650000000000012 10 11 1424.0900000000004 12 0.72300000000000009
decision_type=2 10 10 2 9 9 9 2 2 9 2 9 9 8 2 9 9 9 9 2 2 2 8 2 2 9 9 2 1 2
left_child=2 3 7 4 12 -6 25 13 18 19 -5 -9 -2 -1 15 -13 -11 -18 -8 -10 21 -21 -20 -19 -25 -7 -14 -28 -29 -30
right_child=1 -3 -4 10 5 6 8 11 9 16 -12 14 26 -15 -16 -17 17 23 22 20 -22 -23 -24 24 -26 -27 27 28 29 -31
leaf_value=0.013360106232241365 0.0049384471390684585 0.017457528836229579 0.021493255013784091 0.01632581622771067 0.014187351959304061 -0.01127108280908601 0.0046049703007250645 0.0047654532988868651 0.0067544732506789572 0.0098601782765384491 0.0083001806191276162 0.0070493564459644786 -0.00062802190487085911 0.0182058053334942 0.017491835595206874 0.014295069460812137 -8.1892600298845187e-05 0.0085127357515306801 0.0049636198641162003 -0.0072839994315829553 -0.0010783719548592902 -0.047125849334963714 0.011972185986430661 0.0036482780043436119 -0.022906731309548074 -6.2520089813753783e-05 0.0040145354508481614 -0.0065716077256238572 0.005663567337611761 -0.025297931731314893
leaf_weight=465.53307204693556 184.89341704547405 1051.641041085124 1983.0231092721224 764.38785019516945 880.61706230044365 40.794705718755722 225.85375873744488 192.68200907856226 74.828809946775436 583.30259255319834 284.09677058458328 276.40609142184258 256.60115887224674 2814.2852862328291 596.63346813619137 1729.0512855574489 228.91952084004879 569.02926485985518 122.35736228525639 35.96776582300663 150.25073501467705 7.1790336519479743 1144.3011181280017 147.99936871230602 10.349827423691748 269.35949474573135 33.241379424929619 149.7401105761528 6.9491496086120597 34.958597972989082
leaf_count=1140 451 2485 4657 1750 2073 127 582 507 178 1381 677 707 673 6711 1405 4145 615 1375 304 104 403 31 2725 367 35 720 82 415 16 119
internal_value=0.0136344 0.00970773 0.0171711 0.00839448 0.00722417 0.00847773 0.00704979 0.0157602 0.00788852 0.00593002 0.0141512 0.0136973 -0.00133145 0.017518 0.0142855 0.0134028 0.00708399 0.00530612 0.0103136 -0.000923364 -0.00394179 -0.0139131 0.0112067 0.00697994 0.00191262 -0.00184279 -0.00379059 -0.00721875 -0.00954384 -0.0201639
internal_weight=15315.2 7257.62 8057.61 6205.98 5157.49 4491.11 3610.49 6074.59 3300.34 1807.83 1048.48 2794.77 666.384 3279.82 2602.09 2005.46 1539.6 956.298 1492.51 268.226 193.398 43.1468 1266.66 727.378 158.349 310.154 481.49 224.889 191.648 41.9077
internal_count=36960 17688 19272 15203 12776 11020 8947 14615 8100 4489 2427 6764 1756 7851 6257 4852 3773 2392 3611 716 538 135 3029 1777 402 847 1305 632 550 135
cat_boundaries=0 12 24 170 182 193 321 333 491 502 514 524 525 526
cat_threshold=65544 2415919104 67256322 16777280 4194306 1076887552 2097152 70258688 16777216 1847810 2048 524288 536870944 0 1073743888 0 2214593536 0 67141892 4341762 2147483720 32960 271581440 22592 0 1048576 0 0 0 0 0 0 8388608 0 0 0 0 0 0 0 0 0 0 0 0 0 0 0 0 0 0 0 0 0 0 0 0 0 0 0 0 536870916 0 0 0 0 0 0 0 0 0 0 0 4194304 0 0 0 0 0 0 0 524288 8192 536870912 0 2147483648 0 256 0 0 0 0 0 0 0 0 0 0 0 0 2097152 134217728 0 0 0 134217728 0 0 67108865 0 0 0 0 0 2147483648 0 0 0 0 0 0 0 0 0 1073741824 0 0 0 0 0 0 4 0 1073741824 33554432 0 4096 0 262144 0 0 512 0 0 0 0 131072 0 0 0 0 4096 0 512 0 0 0 0 0 128 0 2147483664 0 0 0 0 0 1024 0 16384 33792 4 2147483648 3 32832 134219776 73888 537198592 537542788 0 42205184 8192 33554432 256 4472832 2701131777 1049600 268453888 1075871776 786448 524288 1575040 8658944 0 0 8 0 0 0 0 0 0 0 0 0 0 0 0 0 524288 0 0 0 0 1048576 0 0 0 8192 0 134217728 0 4194304 131072 0 0 0 0 0 0 0 0 0 0 0 0 0 0 0 0 0 16777216 4 0 0 0 0 0 0 0 0 0 0 0 0 0 0 2048 0 16777728 0 0 0 8192 0 0 0 0 0 256 0 2097152 0 0 0 0 0 0 0 0 0 0 0 0 0 0 0 0 0 0 0 0 2097152 0 0 0 0 0 0 0 0 0 0 0 0 0 0 0 0 0 0 0 0 0 0 0 0 0 0 0 536870912 34816 131204 1208058624 268435456 565260 0 2684354624 0 16924752 537137154 4 65536 0 0 33554464 0 0 0 4194304 0 0 0 0 0 0 0 0 0 524288 0 0 0 0 0 0 0 0 8192 0 0 0 0 0 0 0 0 0 0 0 256 0 0 67108864 0 0 0 0 0 256 0 0 4 0 0 0 0 0 0 0 0 0 0 0 0 0 0 2048 0 16777216 0 0 0 8192 0 2097153 0 0 0 0 0 0 0 0 0 0 4194304 0 0 0 0 64 0 0 0 0 1048576 0 0 0 0 4 2097152 0 0 0 0 0 0 0 0 0 0 0 0 0 0 0 512 0 0 0 1048576 0 16 0 0 262144 0 0 536870912 0 0 0 0 0 0 1048576 0 0 0 0 1 0 0 0 0 0 0 0 0 0 0 0 0 0 0 0 0 0 2097152 33556736 8192 134217728 268664832 532481 0 16 268435456 0 0 4160 42477824 131072 545260576 536870912 139280 768 0 537141888 81920 536870912 0 65584 0 0 8388608 98304 524544 2048 0 0 4 33554432 83 1
is_linear=0
shrinkage=0.02


Tree=25
num_leaves=31
num_cat=9
split_feature=15 22 11 22 15 1 22 11 22 22 18 15 22 15 1 21 1 1 22 9 29 17 17 17 1 15 31 2 15 31
split_gain=526.345 176.307 149.65 111.583 89.9299 43.745 47.3028 33.3819 35.45 32.9963 30.9081 27.5083 25.5864 21.7588 21.147 18.0163 17.9878 17.6834 22.5652 16.9162 15.1282 22.3011 17.2164 15.0313 24.2513 13.8232 13.5789 13.3128 16.5356 14.1646
threshold=10.500000000000002 0 764.50000000000011 1 7.5000000000000009 48.500000000000007 2 754.50000000000011 3 4 5 16.500000000000004 6 17.500000000000004 45.500000000000007 681.00000000000011 32.500000000000007 53.500000000000007 7 366.90000000000003 9.5000000000000018 0.10914494949494952 0.053855192307692305 0.050628333333333359 25.500000000000004 8.5000000000000018 1.0000000180025095e-35 8 15.500000000000002 2.5000000000000004
decision_type=2 9 2 9 2 2 9 2 9 9 9 2 9 2 2 2 2 2 9 2 2 10 8 10 2 2 2 1 2 2
left_child=4 16 3 10 14 6 19 8 25 27 13 -4 -8 -3 -1 -12 -2 18 -10 26 -15 22 -22 -14 -25 -6 -5 28 -7 -30
right_child=1 2 11 5 7 9 12 -9 17 -11 15 -13 23 20 -16 -17 -18 -19 -20 -21 21 -23 -24 24 -26 -27 -28 -29 29 -31
leaf_value=0.017406476715679641 0.011044397205425575 0.0027474727103998166 0.016229273603459358 0.0077151650404718606 0.013359668537732556 0.0016218853167627892 0.010773172819427227 0.018673574459626564 0.006222853263188971 0.011476446574846781 -0.023892814023043545 0.0092279434666042957 0.0083156618572837425 -0.0029025939806600061 0.020064775650662489 -0.00402294796067221 0.016013372389815015 0.016859890765636699 0.013958911897668149 -0.030260137269649583 -0.037729860266425011 -0.050026130487112359 -0.00044920712109621126 0.012901370810030375 0.0025611259135396116 0.00075616671413341555 -0.0027718271049782949 0.0052463498243447496 -0.048943360380286481 -0.0053059267751147414
leaf_weight=2338.8764576390386 363.17024504393339 384.61718447506428 796.60131409019232 60.940818667411804 47.667649693787098 24.877069510519505 494.87904365360737 599.52925407141447 230.19516494125128 1193.0355352237821 39.879575356841087 312.54334422200918 437.06781984120607 157.67995949089527 2451.8730115965009 33.65884967893362 1474.7724386006594 675.14723078906536 1487.1804728582501 7.9811374545097342 6.5418209731578836 6.7982300966978064 20.425832346081734 102.78945250809193 773.08602121472359 129.03410068154335 260.52153415977955 246.22389564663172 5.9283386617898923 5.9734761565923691
leaf_count=5677 886 980 1848 145 114 68 1176 1423 600 2846 130 742 1068 411 5870 93 3516 1617 3613 30 25 29 51 228 2016 358 719 638 26 17
internal_value=0.0134923 0.009578 0.00769786 0.00600948 0.017038 0.00736983 0.00556145 0.0144241 0.0134325 0.0100383 -0.00164537 0.0142564 0.00681021 5.04681e-06 0.018767 -0.0130269 0.0149502 0.0140588 0.0130395 -0.00145374 -0.00550426 -0.0176535 -0.00949276 0.00524633 0.00377462 0.00393352 -0.000783769 0.00344801 -0.00765385 -0.0270419
internal_weight=15169.5 7209.99 5372.05 4262.91 7959.5 3613.3 2137.27 3168.75 2569.22 1476.04 649.601 1109.14 1807.82 576.063 4790.75 73.5384 1837.94 2392.52 1717.38 329.443 191.446 33.7659 26.9677 1312.94 875.875 176.702 321.462 283.003 36.7789 11.9018
internal_count=36960 17688 13286 10696 19272 8977 5382 7725 6302 3595 1719 2590 4488 1496 11547 223 4402 5830 4213 894 516 105 76 3312 2244 472 864 749 111 43
cat_boundaries=0 12 24 36 47 58 60 72 84 85
cat_threshold=268435466 0 1207959824 0 276824064 536871936 136315904 536875520 201334786 1074792458 16973824 1284 41959488 1140850688 4203584 8388616 1048577 135004162 196608 2195584 268435456 8405264 32832 32768 4096 2151686148 536873120 8320 1064 64 33556737 10264 17304832 2097156 32 1 8388608 4 537154592 1342177280 66048 2048 2181103616 16384 268977152 536887680 524608 16820736 1187840 16777219 49152 2088 33554432 67108868 2147491840 16384 4224 268959744 131072 134250496 40960 2228480 17879040 33587218 16896 33554432 24 268566534 0 16782464 268435464 128 268442112 2147491968 25167940 134217745 34818 512 16777216 2701131776 256 0 2147483650 1 2
is_linear=0
shrinkage=0.02


Tree=26
num_leaves=31
num_cat=10
split_feature=34 34 34 34 7 7 7 34 7 15 7 6 34 31 11 15 7 6 34 20 0 20 7 15 11 34 10 12 10 34
split_gain=2058.08 452.911 250.716 109.427 76.1618 57.6318 45.545 36.7924 35.2503 35.7385 31.8818 33.6659 30.6071 29.7173 32.9255 29.313 25.7443 23.8375 22.4877 21.0863 20.6834 19.6793 19.6156 19.5682 21.7477 19.1012 18.9169 18.9036 18.4152 18.0943
threshold=0.43576906621456152 0.29645083844661718 0.64399325847625744 0.21324618905782702 0 1 2 0.80521139502525341 3 17.500000000000004 4 5 0.5283651351928712 1.0000000180025095e-35 384.50000000000006 10.500000000000002 6 7 0.33438509702682501 4.7500000000000009 8 5.3950000000000005 9 18.500000000000004 515.50000000000011 0.31813825666904455 2240.3300000000004 82.145000000000024 628.60000000000014 0.12707497179508212
decision_type=2 2 2 2 9 9 9 2 9 2 9 9 2 2 2 2 9 9 2 2 9 2 9 2 2 2 2 10 2 2
left_child=1 3 6 8 18 -5 -2 -4 21 13 -6 -12 -8 -10 -15 -7 -17 -18 19 25 28 -1 -22 24 -19 -3 -27 -24 -13 -11
right_child=2 4 7 5 10 15 12 -9 9 29 11 20 -14 14 -16 16 17 23 -20 -21 22 -23 27 -25 -26 26 -28 -29 -30 -31
leaf_value=-0.0013010945938141862 0.0049750662345442835 0.0030312894476757259 0.019308959318496903 0.0059898605995536962 0.01280280065291532 -0.011845403464749571 0.013186418195941707 0.022401150415316623 -0.0053801216224458491 -0.0200400620344461 -0.00045453843789336755 -0.043769762156454645 0.017112120722880684 -0.0085478824006333769 -0.027500921323871021 0.00264029521995513 0.0037699691630209481 -0.0036742949233942103 -0.00026958268486794353 -0.042714442981715013 0.0027804793116556186 -0.029496008149410575 0.010342911219614399 -0.00050603789158799992 -0.014474529476834884 -0.010829248861861936 -0.064028770016951425 0.002878926441368695 0.00089444895826083727 -0.0060573679189368443
leaf_weight=192.60946851968765 227.94344262033701 20.248700544238091 2614.7907486557961 373.43703213334084 697.67155915498734 134.06639887392521 1657.8224220722914 3741.6245469003916 51.631710633635521 44.028091564774513 194.79180417954922 3.839195877313613 1525.355085901916 49.795809522271156 139.02408623695374 324.88002350926399 110.17589055001736 138.3597858697176 186.02692337334156 9.4947134405374509 216.64467450976372 10.438764229416845 1566.8923400193453 143.00172880291939 161.77649784088135 7.882955998182295 4.0457379817962646 148.59772022068501 96.618333429098129 232.52452903985977
leaf_count=494 611 51 6235 913 1650 406 4053 8845 137 136 542 17 3638 137 478 816 269 372 508 40 572 37 3787 374 500 24 20 407 266 625
internal_value=0.0133509 0.00326299 0.0187818 -0.00391904 0.00805992 -0.000632514 0.0144078 0.0211291 -0.0102438 -0.0129364 0.00890943 0.00763816 0.0150204 -0.0188259 -0.0225026 -0.00310411 -0.001805 -0.00438356 -0.00310789 -0.016524 0.00841215 -0.0026215 0.0088893 -0.0064492 -0.00949573 -0.00879594 -0.0288724 0.00964018 -0.000738931 -0.00828346
internal_weight=15026 5258.5 9767.54 2105.75 3152.75 1385.7 3411.12 6356.42 720.052 517.004 2925.06 2227.38 3183.18 240.452 188.82 1012.26 878.194 553.314 227.699 41.6721 2032.59 203.048 1932.13 443.138 300.136 32.1774 11.9287 1715.49 100.458 276.553
internal_count=36960 13578 23382 5694 7884 3650 8302 15080 2044 1513 7241 5591 7691 752 615 2737 2331 1515 643 135 5049 531 4766 1246 872 95 44 4194 283 761
cat_boundaries=0 12 24 36 46 57 211 222 379 509 521
cat_threshold=100728864 268436480 2147516422 64 67240192 2097152 4194624 4096 536870912 128 1073778688 524384 805314568 10485760 256 536870912 5799936 1073807872 4112 269025792 32 557600 33595392 1 589824 0 134497026 64 1052676 20481 2147483652 268959760 64 8659216 14336 81936 32768 2097152 131072 553746432 8192 1024 2162688 17039360 16777216 33554434 268436480 2097152 264192 2195592 557056 16842816 128 278530 16777664 541187 2097153 0 1048576 0 0 0 0 0 0 8388608 0 0 0 0 16777216 0 0 0 0 0 0 0 0 0 0 0 0 0 0 0 0 0 0 0 0 0 2147483648 0 4 0 0 0 0 0 0 0 0 0 0 0 4194308 0 0 0 0 0 0 0 16384 0 0 0 0 0 256 0 0 0 0 0 0 0 0 0 0 0 0 0 134217728 0 0 0 0 0 0 1 0 2 0 0 0 0 0 0 0 0 0 8388608 0 0 0 0 0 4 0 0 0 0 0 0 0 0 0 0 0 0 0 0 512 0 0 0 0 0 0 0 0 0 536875008 0 0 0 0 0 16 0 0 0 16 0 0 0 0 0 1024 0 16384 0 131072 0 0 0 0 0 1073741824 33589504 0 8388608 268435466 9219 2048 2214658208 2365440 16388 570427392 8388928 0 0 0 0 0 0 0 0 0 0 0 0 0 0 0 0 0 0 0 0 0 0 0 0 0 0 0 0 0 0 131072 0 0 0 0 0 0 260 0 0 0 0 0 0 0 0 2 0 0 4194304 0 0 0 0 0 0 0 0 0 0 0 0 0 0 1073743872 0 0 0 0 0 0 0 0 0 0 0 0 0 0 0 0 0 0 0 0 0 0 0 0 0 0 0 0 0 0 0 0 0 0 2097152 0 0 0 0 0 0 0 0 0 0 0 0 0 0 0 0 0 0 0 1048576 0 0 0 0 0 0 0 0 0 0 0 0 0 0 0 0 2097152 0 0 0 4194304 0 0 0 0 0 0 0 0 0 0 0 0 0 0 64 16777216 0 0 0 0 0 0 0 0 0 0 0 0 0 16 0 0 0 0 0 0 0 0 4194304 0 0 0 0 0 4096 0 256 0 0 0 0 0 0 0 0 0 0 0 0 0 0 0 0 8192 0 0 0 0 0 0 0 0 65536 0 0 0 0 0 0 1073741824 0 0 0 4 4194304 0 0 0 0 0 0 0 0 0 0 0 0 32832 0 0 0 0 0 0 0 0 0 0 134217728 0 0 0 0 0 0 0 0 0 0 0 0 0 0 0 0 0 0 0 0 0 0 0 0 0 0 0 0 0 0 0 0 268435456 0 0 0 8192 16392 8322 201342992 25166337 4096 1 1610612784 538968332 0 65536 42221568 262145
is_linear=0
shrinkage=0.02


Tree=27
num_leaves=31
num_cat=10
split_feature=15 12 12 7 11 7 7 15 1 10 7 7 15 12 11 7 22 15 22 18 10 12 15 19 12 33 10 10 15 10
split_gain=513.117 178.328 124.663 104.599 114.81 91.6752 54.5723 48.3684 39.377 39.0767 38.6458 31.2207 29.3258 24.5925 23.4894 25.4174 23.3651 17.3556 20.3923 15.8864 22.9255 15.8198 15.7727 15.5131 14.6527 13.7316 12.4987 23.8587 22.6356 12.1265
threshold=10.500000000000002 84.875000000000014 91.105000000000004 0 764.50000000000011 1 2 7.5000000000000009 51.500000000000007 1499.9000000000003 3 4 16.500000000000004 80.435000000000016 754.50000000000011 5 6 14.500000000000002 7 8 1180.2950000000003 81.545000000000016 13.500000000000002 9 69.580000000000013 0.049558333312683896 2290.2300000000005 2590.1500000000005 18.500000000000004 1525.3800000000003
decision_type=2 10 10 9 2 9 9 2 2 2 9 9 2 8 2 9 9 2 9 9 2 8 2 9 8 2 2 2 2 2
left_child=2 3 6 -2 5 19 21 13 9 11 -11 -7 -6 -8 15 -9 -10 -12 23 22 -21 -1 -5 -19 -17 -24 -25 28 -28 -20
right_child=1 -3 -4 4 12 8 7 14 16 10 17 -13 -14 -15 -16 24 -18 18 29 20 -22 -23 25 26 -26 -27 27 -29 -30 -31
leaf_value=-0.023679112204289112 0.013989740541531666 0.017092973776717275 0.021230788032558737 0.0043101277334038329 0.015700081628181154 0.00096145215654079032 0.013014978767896614 0.0044759571136216182 0.0033013440357688717 0.0094820807892611429 0.0047542488150361852 0.010759773385281819 0.0077138690403739454 0.018076030344634203 0.017941030971045217 0.0083197496467149051 0.011223361033080217 0.0091941778137276872 -0.026677547840725784 0.011454909589546472 -0.016190170118090146 0.0038185210690820618 -0.0078657519886580259 0.00481035934523911 0.01405897986453673 7.3653283832630529e-05 -0.010964992373914182 0.0020234086687123611 -0.053728211768844875 -0.0025938225263887182
leaf_weight=8.9748512804508191 999.77493687719107 1016.1378262341022 1894.4979252964258 214.04799719154835 631.45197102427483 176.73673681914806 449.42785185575485 171.8642019405961 212.33251738548279 325.18630339205265 478.80139303952456 657.56697445362806 259.50418600440025 2639.7675858736038 428.66681861877441 196.89131677895784 918.9157549738884 115.35983504354954 8.5364580899476987 15.040247857570646 59.338591367006302 123.96063314378262 126.52561137080193 112.3109916895628 1848.5068629086018 279.91041934490204 27.529663667082787 66.587244242429733 6.0369665324687949 410.86291360855103
leaf_count=32 2427 2485 4657 542 1484 474 1134 461 565 767 1237 1585 627 6537 1039 496 2218 269 31 34 182 344 360 283 4572 712 85 171 27 1123
internal_value=0.0132137 0.00933554 0.0167702 0.0080438 0.00683797 0.00547153 0.01533 0.0156127 0.00677235 0.00533425 0.00345699 0.00882461 0.013374 0.0173397 0.0136553 0.0128267 0.00986481 0.00176716 -0.000123236 -0.00119235 -0.00934378 0.00182481 -8.25216e-05 0.00355614 0.0134408 -0.00239792 0.000219232 -0.0049073 -0.018656 -0.0030122
internal_weight=14881.1 7118.5 7762.56 6102.36 5102.58 4211.63 5868.06 5735.12 3516.76 2385.52 1551.21 834.304 890.956 3089.2 2645.93 2217.26 1131.25 1226.03 747.224 694.863 74.3788 132.935 620.484 327.825 2045.4 406.436 212.465 100.154 33.5666 419.399
internal_count=36960 17688 19272 15203 12776 10665 14615 14239 8835 6052 3993 2059 2111 7671 6568 5529 2783 3226 1989 1830 216 376 1614 835 5068 1072 566 283 112 1154
cat_boundaries=0 12 24 36 48 59 70 81 93 95 96
cat_threshold=536870944 33554432 1074333696 131072 2214855680 0 67109124 4341762 2147483720 32832 271581440 20544 98312 2415919104 67256322 16793664 4194306 1076887552 2097152 70258688 16777216 1847810 2048 524288 65536 1342177280 4218880 0 0 512 2097152 791552 0 524292 134217728 512 67764224 655360 25165968 270532624 524288 65536 2147516416 268443780 524288 536936577 528384 17 0 2097152 8388608 268468224 532481 6144 2147549184 537207300 65680 1 4096 33554432 131076 327936 2684354561 1049600 18432 1073741920 16 17432576 537139202 8650756 8432128 139264 130 16400 2120 33554432 20 2415927312 0 4096 268435458 8196 1048576 2 2147500032 0 1107300352 16 17317890 10244 1207959713 2101512 129 131072 134250496 115216
is_linear=0
shrinkage=0.02


end of trees

feature_importances:
nn_prob=145
Cidade_Loja=136
plano_financiamento=82
score_SPC=55
municipio=53
idade=49
valor_financiado=49
Score_MC=40
valor_inicial_da_prestacao=32
descricao_da_Profissao=31
salario_perc=27
renda_cliente=16
ranking_nacional=11
idhm_renda_2010=11
genero=10
estado_civil=10
idhm_educacao_2010=9
data_mes=9
Tipo_Cliente=8
categorias_da_Profissao=8
data_dia=8
idhm_longevidade_2010=7
divida_sobre_renda=7
categorias=6
Mercadoria=4
IPCA=4
idhm_2010=4
categoria_limpa=3
Modalidade_da_Proposta=2
Grupo_MC=2
Cargo=1
uf=1

parameters:
[boosting: gbdt]
[objective: binary]
[metric: auc]
[tree_learner: serial]
[device_type: cpu]
[data_sample_strategy: bagging]
[data: ]
[valid: ]
[num_iterations: 2000]
[learning_rate: 0.02]
[num_leaves: 31]
[num_threads: -1]
[seed: 42]
[deterministic: 0]
[force_col_wise: 0]
[force_row_wise: 0]
[histogram_pool_size: -1]
[max_depth: -1]
[min_data_in_leaf: 20]
[min_sum_hessian_in_leaf: 0.001]
[bagging_fraction: 0.7]
[pos_bagging_fraction: 1]
[neg_bagging_fraction: 1]
[bagging_freq: 0]
[bagging_seed: 400]
[bagging_by_query: 0]
[feature_fraction: 0.7]
[feature_fraction_bynode: 1]
[feature_fraction_seed: 30056]
[extra_trees: 0]
[extra_seed: 12879]
[early_stopping_round: 0]
[early_stopping_min_delta: 0]
[first_metric_only: 0]
[max_delta_step: 0]
[lambda_l1: 0]
[lambda_l2: 0]
[linear_lambda: 0]
[min_gain_to_split: 0]
[drop_rate: 0.1]
[max_drop: 50]
[skip_drop: 0.5]
[xgboost_dart_mode: 0]
[uniform_drop: 0]
[drop_seed: 17869]
[top_rate: 0.2]
[other_rate: 0.1]
[min_data_per_group: 100]
[max_cat_threshold: 32]
[cat_l2: 10]
[cat_smooth: 10]
[max_cat_to_onehot: 4]
[top_k: 20]
[monotone_constraints: ]
[monotone_constraints_method: basic]
[monotone_penalty: 0]
[feature_contri: ]
[forcedsplits_filename: ]
[refit_decay_rate: 0.9]
[cegb_tradeoff: 1]
[cegb_penalty_split: 0]
[cegb_penalty_feature_lazy: ]
[cegb_penalty_feature_coupled: ]
[path_smooth: 0]
[interaction_constraints: ]
[verbosity: -1]
[saved_feature_importance_type: 0]
[use_quantized_grad: 0]
[num_grad_quant_bins: 4]
[quant_train_renew_leaf: 0]
[stochastic_rounding: 1]
[linear_tree: 0]
[max_bin: 255]
[max_bin_by_feature: ]
[min_data_in_bin: 3]
[bin_construct_sample_cnt: 200000]
[data_random_seed: 175]
[is_enable_sparse: 1]
[enable_bundle: 1]
[use_missing: 1]
[zero_as_missing: 0]
[feature_pre_filter: 1]
[pre_partition: 0]
[two_round: 0]
[header: 0]
[label_column: ]
[weight_column: ]
[group_column: ]
[ignore_column: ]
[categorical_feature: 0,2,3,4,5,6,7,8,13,16,18,19,22,23,28,32]
[forcedbins_filename: ]
[precise_float_parser: 0]
[parser_config_file: ]
[objective_seed: 16083]
[num_class: 1]
[is_unbalance: 0]
[scale_pos_weight: 3.74759]
[sigmoid: 1]
[boost_from_average: 1]
[reg_sqrt: 0]
[alpha: 0.9]
[fair_c: 1]
[poisson_max_delta_step: 0.7]
[tweedie_variance_power: 1.5]
[lambdarank_truncation_level: 30]
[lambdarank_norm: 1]
[label_gain: ]
[lambdarank_position_bias_regularization: 0]
[eval_at: ]
[multi_error_top_k: 1]
[auc_mu_weights: ]
[num_machines: 1]
[local_listen_port: 12400]
[time_out: 120]
[machine_list_filename: ]
[machines: ]
[gpu_platform_id: -1]
[gpu_device_id: -1]
[gpu_use_dp: 0]
[num_gpu: 1]

end of parameters

pandas_categorical:[["  COLCHAO D33 138X14CM", "  VENTILACAO 30CM SUPER POTENCIA VSP-30-B 110V", " 0-PROCEDIMENTO EST\u00c9TICO", " COMODA E ROUPEIRO", " LAVADORA + NOT", "01 BELICHE/2 COLCHOES/BOX CASAL", "01 BICICLETA /ROUPEIRO", "01 CAIXA DE SOM, BATEDEIRA", "01 CAMA BOX", "01 CAMA E 01 COLCHAO DE CASAL", "01 COMODA , 01 VENTILADOR", "01 COMODA E 01 ROUPEIRO", "01 FOGAO", "01 FOGAO 01 COLCHAO CASAL", "01 FOGAO E 01 COZINHA", "01 LIQUIDIFICADOR , CAFETEIRA , FERRO", "01 LIQUIDIFICADOR, CAIXA DE SOM", "01 MESA 01 ARMARIO", "01 PAINEL 01 ROUPEIRO", "01 ROUPEIRO", "01 ROUPEIRO , 01 MULTIUSO", "01 ROUPEIRO 01 SANDUICHEIRA", "01 ROUPEIRO 01COZINHA", "01 Roupeiro", "01 SMARTPHONE", "01 SOFA", "01 SOFA 04", "01 TANQUINHO , 01 COMODA", "01 beliche 01 colch\u00e3o", "01 cafeteira 01 ventilador de coluna", "01 caixa de som", "01 caixa de som e 01 ventilador", "01 cama 01 caixa de som", "01 colch\u00e3o", "01 cozinha", "01 escova , 01 fritadeira", "01 fog\u00e3o", "01 fritadeira , 01 panela", "01 liquidificador , ventilador , batedeira", "01 mesa", "01 mesa 04 cadeiras", "01 rack", "01 roupeiro", "01 roupeiro , multiuso ,ventilador", "01 roupeiro 01 kit cozinha", "01 sof\u00e1 e 01 roupeiro", "01 treliche 02 colch\u00f5es", "01ROUPEIRO", "01ventilador / fritadeira el\u00e9trica / ferro", "02 CELULAR", "02 COLCHAO E ROUPEIRO", "02 POLTRONAS", "02 guarda roupas", "02 roupeiro e sofa + painel", "03 ventilador", "04 PNEUS", "04 bicicleta", "1 BELICHE", "1 BELICHE 1 COLCHAO", "1 BIOESTIMULADOR+ 1ML DE PREENCHIMENTO", "1 BOX 1 BASE , 1 SOFA CAMA", "1 CAMA BOX", "1 COLCHAO", "1 ESTOFADO", "1 GUARDA ROUPA", "1 GUARDA ROUPA 1 CAMA BOX", "1 GUARDA ROUPA E 1 ESTANTE", "1 JOGO DE SOFA", "1 KIT COZINHA", "1 RACK E 1 SOFA", "1 SESS\u00c3O BIOESTIMULADOR + 1ML MARIONETE", "1 SOFA", "1 SOFA CAMA , PAINEL E 1 RACK", "1 redmi 12", "10 FIOS LISOS + BOTOX", "10C CELULAR", "12 fios de garra + botox 35 uni", "14g motorola", "1ML DE BIG CHINES + BOTOX 3 REGIOES", "1ML PREENCHIMENTO LABIAL + BOTOX 3 REGIOES", "2  VENTILADORES", "2 BICICLETA", "2 BOTOX", "2 CADEIRAS", "2 CELULARES", "2 CELULARES 12C", "2 CELULARES REDMI A2", "2 CLIMATIZADORES DE 8 LITROS", "2 CONJ BOX", "2 COZINHAS COMPACTAS", "2 G.ROUPAS", "2 GUARDA ROUPAS", "2 Iphones", "2 LAVADORA 17KG", "2 ML DE BIGODE CHINES + BOTOX 3 REGIOES", "2 PENEU", "2 PENTEADEIRAS", "2 PNEU", "2 PNEU + FOGAO", "2 POLTRONA", "2 ROUPEIRO 1 HOME", "2 ROUPEIROS", "2 ROUPEIROS + CELULAR", "2 SOFAS", "2 VENTILADOR", "2 VENTILADORES", "2 ml labial + botox 35 uni", "2 ventilador", "2 ventiladores", "2PC BALCAO 2P", "3 CADEIRA DE PRAIA", "3 VENTILADOR", "3 VENTILADORES", "3 celulares e 1 piscina", "3 pneu", "4  CADEIRAS E LAVADORA", "4 CADEIRAS", "4 PNEU", "4 PNEUS", "4 SESS\u00d5ES MICROAGULHAMENTO", "4 cadeiras", "5 SESS\u00d5ES PEIM + BOTOX 3 REGIOES", "6 CADEIRA E UMA ESCADA", "6 cadeiras", "8 FIOS + BOTOX", "9C REDMI", "AIR FLAYER", "AIR FRIER", "AIR FRY", "AIR FRY E GUARDA SOL", "AIR FRY+ BATEDEIRA", "AIR FRYER", "AIR FRYER E VENTILADOR", "AIR FRYER+TANQUINHO", "AIR FRYER, PANELA DE ARROZ", "AIR FYYER", "AIRFRAY,VENTILADOR", "AIRFRY", "ANDUICHEIRA", "ANGELA", "ANTENA", "ANTENA  E SOM", "ANTENA + RECEPTOR", "ANTENA DIGITAL/RECEPTOR", "ANTENA E BALCAO", "ANTENA E CONVERSOR", "ANTENA E RECEPTOR", "ANTENA E RECPTOR", "ANTENA+ ASPIRADOR", "ANTENA+CRIADO MUDO", "ANTENA/RECEPTOR E PANELA", "AP CEL", "AP CEL + CHIP", "AP CEL + FOGAO COOKTOP 5B", "AP CEL A34", "APARADOR", "APARADOR , MULTIUSO", "APARADOR DE PELOS", "APARADOR E POLTRONA", "APARADOR E PUF", "APARADOR, SAPATEIRA, MESA", "APARELHO CELLULAR", "APARELHO CELULAR", "APARELHO CELULAR A03 CORE", "APARELHO CELULAR A23", "APARELHO CELULAR REDMI A1", "APARELHO CELULAR, CENTRIFUGA", "APINEL E TV", "AQUECEDOR", "AQUECEDOR + BICICLETA", "AQUECEDOR + LIQUIDIFICADOR", "AQUECEDOR E FORNO ELETRICO", "AR CONDICIONADA", "AR CONDICIONADO", "AR CONDICIONADO 12MIL BTUS", "AR CONDICIONADO 9000", "AR CONDICIONADO ELGIN", "AR CONDICIONADO\u00b4", "AR CONDIONADO", "AR CONSICIONADO", "ARAMARIO", "ARCONDICIONADO SPLI 9MIL  BTUS", "AREA DE COZINHA", "AREIA CIMENTOS PARA CONSTRUCAO", "ARMARIA DO CUZINHA", "ARMARIO", "ARMARIO + RACK", "ARMARIO + SAUDICHEIRA", "ARMARIO AEREO DE COZINHA", "ARMARIO CAMA ROUPEIRO E MESA", "ARMARIO COZ E VENTILADOR", "ARMARIO COZINHA", "ARMARIO COZINHA E BALCAO", "ARMARIO COZINHA E COMODA", "ARMARIO COZINHA+CRISTALEIRA+PAINEL", "ARMARIO DE ACO", "ARMARIO DE COZINHA", "ARMARIO DE COZINHA E BALCAO DE PIA", "ARMARIO DE COZINHA+BALCAO DE PIA", "ARMARIO DE COZINHA, SOFA E CADEIRA DE ESCRITORIO", "ARMARIO E BALCAO", "ARMARIO E BALCAO DE PIA", "ARMARIO E BICICLETA", "ARMARIO E CAFETEIRA", "ARMARIO E COLCHAO", "ARMARIO E CUBA", "ARMARIO E FOGAO", "ARMARIO E JOGO DE PANELA", "ARMARIO E MESA DE JANTAR", "ARMARIO E MULTIUSO", "ARMARIO E PIA", "ARMARIO E VENTILADOR", "ARMARIO FORNO E MICROONDAS", "ARMARIO P/COZINHA", "ARMARIO cozinha", "ARMARIO+TV", "ARMARIO, BALCAO, PIA E FOGAO", "ARMARIO, MESA E CAMA", "ARMARIO/MESA", "ARMARIOS E MULTIUSO", "ARO RODA TRASEIRA E PNEU", "ARPIRADOR DE PO", "ARTMARIO COZINHA", "ASPIRAADROR", "ASPIRADOR", "ASPIRADOR + BICICLETA", "ASPIRADOR DE", "ASPIRADOR DE PO", "ASPIRADOR DE PO 2 EM 1", "ASPIRADOR DE PO, E LAVADORA ALTA PRESSAO", "ASPIRADOR DE PO/SANDUICHEIRA", "ASPIRADOR E CHALEIRA", "ASPIRADOR E LAVAJATO", "ASPIRADOR E RADIO", "ASPIRADOR+LAVADORA PRESSAO", "ASPIRADOR, secador de cabelo", "ASPIRADOR,CELULAR", "Ap cel", "Aparador Henn", "Ar condicionado", "B&C MATERIAS DE CONSTRUCAO", "BABILYS E PARAFUSADEIRA", "BACALHAU MOTO E PNEU", "BACIA PIA", "BAIKE", "BALCA E PIA", "BALCAO", "BALCAO + COOKTOP", "BALCAO + INOX + CONJ. PANELA+ FOGAO", "BALCAO + PIA", "BALCAO + PIA + CABECEIRA", "BALCAO + TAMPO", "BALCAO + cuba", "BALCAO +COOK TOP", "BALCAO +COOKTOP", "BALCAO +INOX", "BALCAO +PIA INOX", "BALCAO , MULTIUSO", "BALCAO ,PIA", "BALCAO - PIA", "BALCAO - PIA 1,20", "BALCAO . PIA", "BALCAO 1,20", "BALCAO 1,20 ACO E PIA MARMORITE", "BALCAO 1.20", "BALCAO 120 + FRETE", "BALCAO 120 COLOR. ARMARIO", "BALCAO 120CM", "BALCAO 2P", "BALCAO ACO", "BALCAO COM PIA", "BALCAO COPA", "BALCAO DE  PIA", "BALCAO DE COZ, ROUPEIR", "BALCAO DE COZINHA", "BALCAO DE PIA", "BALCAO DE PIA + CANTINHO DO CAFE", "BALCAO DE PIA + CUBA", "BALCAO DE PIA + PEDRA", "BALCAO DE PIA + PEDRA DE PIA", "BALCAO DE PIA , TAMPO", "BALCAO DE PIA / CJ.DE MESA", "BALCAO DE PIA /TANQUINHO", "BALCAO DE PIA E 2 CADEIRAS", "BALCAO DE PIA E COLCHAO", "BALCAO DE PIA E CONJ MESA", "BALCAO DE PIA E CUBA", "BALCAO DE PIA E CUBA INOX", "BALCAO DE PIA E INOX", "BALCAO DE PIA E PIA", "BALCAO DE PIA E ROUPEIRO", "BALCAO DE PIA E TAMPAO", "BALCAO DE PIA E TAMPO", "BALCAO DE PIA+MULTIUSO", "BALCAO E AEREO DE COZINHA C/ TAMPO", "BALCAO E ARMARIO DE CANTO", "BALCAO E CENTRIFUGA", "BALCAO E CONJ BOX", "BALCAO E CONJUNTO DE MESA E CADEIRA", "BALCAO E COOK TOP", "BALCAO E COOKTOP", "BALCAO E COOTOP", "BALCAO E CUBA", "BALCAO E FORNO", "BALCAO E INOX", "BALCAO E KIT", "BALCAO E KIT COZINHA", "BALCAO E LAVADORA", "BALCAO E NICHO", "BALCAO E PEDRA DE PIA", "BALCAO E PI", "BALCAO E PIA", "BALCAO E TAAMPO", "BALCAO E TAMPO", "BALCAO E TANQUINHO", "BALCAO INOX E FOGAO", "BALCAO P PIA", "BALCAO P/ FORNO", "BALCAO P/FORNO", "BALCAO PARA FORNO E MICRO", "BALCAO PARA PIA + JOGO DE PANELAS", "BALCAO PEDRA DE PIA", "BALCAO PIA", "BALCAO PIA /MESA CABECEIRA", "BALCAO PIA 1,60", "BALCAO PIA 1,60 + tampo + cooktop + balcao", "BALCAO PIA CUBA", "BALCAO PIA E MESA MOR", "BALCAO+ARMARIO", "BALCAO+COOKTOP", "BALCAO+PIA", "BALCAO+PIA +MULTIUSO", "BALCAO+TANQUINHO+SOFA", "BALCAO+cooktop", "BALCAO+cooktop+comoda", "BALCAO+tampo+fruteira", "BALCAO, FOGAO", "BALCAO, LAVADORA", "BALCAO, PIA E COZINHA", "BALCAO, PIA E FOGAO", "BALCAO, ROUPEIRO", "BALCAO, TAMPO E G. ROUPA PQ", "BALCAO/ COOKTOP", "BALCAODEPIA+ TAMPO", "BALCAOO DE PIA", "BANQUETA E COLCHAO", "BASE", "BASE + COLCHAO", "BASE + COLCHAO + CABECEIRA", "BASE BAU E COLCHAO", "BASE BOX", "BASE BOX E ARMARIO COZINHA", "BASE BOX E COLCHAO", "BASE BOX E COLCHAO 1,58", "BASE BOX, VENTILADOR E BEBEDOURO", "BASE CAMA, PAINEL", "BASE COLCHAO E BALCAO DE PIA", "BASE DE CAMA+ CABECEIRA", "BASE E COLCHAO", "BASE P/ BOX", "BASE, COLCHAO, BICAMA", "BASE, COLCHAO, ROUPEIRO", "BASE, COLCHAO, ROUPEIRO, COZINHA", "BATEDEIRA", "BATEDEIRA  PLANETARIA E SECADOR DE CABELO", "BATEDEIRA + LIQUIDIFICADOR", "BATEDEIRA + MICROONDAS + FRITADEIRA", "BATEDEIRA E CHALEIRA", "BATEDEIRA E FRITADEIEA", "BATEDEIRA E GARRAFA TERMICA", "BATEDEIRA E LIQUIDIFICADOR", "BATEDEIRA E SANDUICHEIRA", "BATEDEIRA E VENTILADOR", "BATERIA", "BATERIA , LIMPEZA CARBURADOR E VALVULA", "BATERIA 60 AMPERES", "BATERIA 60AH", "BATERIA 7 AMPERES", "BATERIA 70 AMPERES", "BATERIA E CHAVE IGNICAO MOTO", "BATERIA E MOTOR ARRANQUE", "BATERIA E PNEU", "BATERIA E PNEU MOTO", "BATERIA E PNEU TRAS REMOLD", "BEBEDOURO", "BEBEDOURO E FOGAO", "BEBEDOURO, REFLETOR E VENTILADOR", "BELICHE", "BELICHE + COLCHAO CASAL", "BELICHE , COLCHAO", "BELICHE 2 COLCHAO", "BELICHE E 02 COLCHOES", "BELICHE E 2 COLCHOES", "BELICHE E CAMA", "BELICHE E COLCHAO", "BELICHE E COLCHAO E MESA", "BELICHE E COLCHOES", "BELICHE, COLCHAO E CENTRIFUGA", "BELICHE, COLCHAO E LAVADOURA", "BELICHES", "BENGALA MOTO E PNEU", "BERCO", "BERCO , COLCHAO", "BERCO E COLCHAO", "BERCO E COLCHAO DE BERCO", "BERCO E COMODA", "BERCO E G ROUPAS", "BERCO E GUARDA ROUPA", "BERCO E LIQUIDIFICADOR", "BERCO E ROUPEIRO", "BERCO, COMODA", "BERCO, COMODA E CELULAR", "BERCO, GUARDA ROUPA E COLCHAO", "BERCO,CAMA  E COLCHAO", "BIBICLETA", "BICAMA", "BICCILETA", "BICI LETA", "BICICLATA", "BICICLET", "BICICLETA", "BICICLETA  ARO 29", "BICICLETA + ASPIRADOR", "BICICLETA 29", "BICICLETA ARO", "BICICLETA ARO 16", "BICICLETA ARO 16 INFANTIL", "BICICLETA ARO 20", "BICICLETA ARO 24", "BICICLETA ARO 26", "BICICLETA ARO 29", "BICICLETA ARO 29 CINZA", "BICICLETA ARO 29 COLLI", "BICICLETA ARO 29 KSW", "BICICLETA E LIQUIDIFICADOR", "BICICLETA E MESA DE APOIO", "BICICLETA E MICROONDAS", "BICICLETA E PAINEL", "BICICLETA E PANELA", "BICICLETA INFANTIL+LIQUIDIFICADOR", "BICICLETA KSW", "BICICLETA KSW ARO 29", "BICICLETA+CELULAR", "BICICLETA+KIT PROTECAO", "BICICLETA, CABECEIRA", "BICICLETA, COLCHAO", "BICICLETA, KIT COZINHA", "BICICLETA/ FRITADEIRA", "BICICLETAS", "BICICLETE", "BICILCETA", "BICILETA", "BICLETA", "BIKE", "BIO GLUTEOS, PERFECT GLUTEOS", "BIOCRYSTAL - BIOESTIMULADOR FACIAL+ FIOS GARRA", "BIOCRYSTAL E BOTOX", "BIOESTIMUDOR", "BIOESTIMULADOR", "BIOESTIMULADOR + PREENCHIMENTO", "BIOESTIMULADOR , PREENCH, BOTOX", "BIOESTIMULADOR E BOTOX", "BIOESTIMULADOR E PREENCHIMENTO", "BIOESTIMULADOR FACIAL", "BIOESTIMULADOR, 10 FIO LISO", "BIOESTIMULADOR, E BOTOX", "BIOESTIMULADOR, E FIOS", "BIOESTIMULADOR, PREENCHIMENTO BOTOX", "BIOESTIMULADOR,BOTOX", "BIOESTIMULADOR.", "BIOESTIMULADOR/ BOTOX", "BIOESTIMULADOR/ BOTOX/ FIOS", "BIOESTIMULADOR/ BOTOX/ PREENCHIMENTO", "BIOESTIMULADOR/ BOTOX/FIOS", "BIOESTIMULADOR/ BOTOX/FIOS GARRA", "BIOESTIMULADOR/ BOTOX/FIOS GARRA/PREENCHIMENTO", "BIOESTIMULADOR/ BOTOX/PREENCHIMENTO", "BIOESTIMULADOR/ FIOS", "BIOESTIMULADOR/ FIOS/ BOTOX", "BIOESTIMULADOR/ PREENCHIMENTO", "BIOESTIMULADOR/BOTOX", "BIOESTIMULADOR/BOTOX/ PREENCHIMENTO", "BIOESTIMULADOR/FIOS", "BIOESTIMULDOR/PREENCHIMENTO/BOTOX", "BIOESTUMULADOR + PREENC 1ML", "BIOSTMULADOR", "BLAO DE PIA", "BOCA E BOTOX", "BOTO E PREENCHIMENTO", "BOTOX", "BOTOX  3 REGIOES, FIOS PARAFUSSOS , PEELING", "BOTOX  E FIOS", "BOTOX + BIOCRYSTAL", "BOTOX + FIO FILLER", "BOTOX + FIO FILLER + PREENCH  + MICRO", "BOTOX + FIOS", "BOTOX + L\u00c1BIOS", "BOTOX + MALAR + BIGD CHINES + LIMP PELE + PEEL", "BOTOX + PEIM", "BOTOX + PREENCHIMENTO", "BOTOX +_ PREENCHIMENTO", "BOTOX , BIOESTIMULADR , PREENCHIMENTO", "BOTOX , FIOS", "BOTOX , PREENCHIMENTO", "BOTOX , PREENCHIMENTO E FIOS", "BOTOX , SKINB E BIOESTIMULADOR", "BOTOX - PREENCHIMENTO- BIO", "BOTOX 03 REGI\u00d5ES", "BOTOX 3 REGIOES", "BOTOX 3 REGIOES + 1 ML BIGODE CHINES", "BOTOX 3 REGIOES + PREENCH", "BOTOX 3 REGIOES / preenchimento", "BOTOX 3 REGIOES, PREENCHIMENTO", "BOTOX 3 REGI\u00c7OES + PEELING", "BOTOX 3 REGI\u00d5ES", "BOTOX 3 REGI\u00d5ES + MARIONETE", "BOTOX 3 REGI\u00d5ES - 1 FIO FILLER", "BOTOX 3 REGI\u00d5ES/ FIOS", "BOTOX 3 regioes", "BOTOX 3R", "BOTOX 4 REGIOES , PREENCHIMENTO BIGIDE CHINES 1ML", "BOTOX 4 REGI\u00d5ES", "BOTOX E 1 FIO", "BOTOX E 2 FIOS LISOS", "BOTOX E BIGODE CHINES", "BOTOX E BIO", "BOTOX E BIOESTIMULADOR", "BOTOX E FILLER FIO", "BOTOX E FIO", "BOTOX E FIOS", "BOTOX E FIOS FILLER", "BOTOX E FIOS LISO", "BOTOX E FIOS LISOS", "BOTOX E KIT MELASMA", "BOTOX E LABIAL", "BOTOX E MICROAGULHAMENTO", "BOTOX E OUTROS PROCEDIMENTOS", "BOTOX E PEIM", "BOTOX E PREENCHIEMNTO", "BOTOX E PREENCHIMENTO", "BOTOX E PREENCHIMENTOS", "BOTOX E PRENCHEDORES", "BOTOX E PRENECHIMENTO", "BOTOX E PRRENCHIMENTO", "BOTOX E SKIN", "BOTOX E SKINBOOSTER", "BOTOX E SKINBOOSTER, PAPADA", "BOTOX LIGHT E PREENCHIMENTO", "BOTOX PREENCHIMENTO", "BOTOX R MICROAGULHAMENTO", "BOTOX+FIOLISO/PEEELING ATA", "BOTOX+FIOS LISOS+SCULPTRA", "BOTOX, BIOESTIMULADOR", "BOTOX, BIOESTIMULADOR, FIOS", "BOTOX, BIOESTIMULADOR, PREENCHIMENTO", "BOTOX, BIOESTIULADOR E ENZIMAS", "BOTOX, ENZIMAS DE ABDOMEM", "BOTOX, FIO FILLER E BIO CRISTAL", "BOTOX, FIO LISOS, PEIM", "BOTOX, FIOS", "BOTOX, FIOS  E BIOETIMULADOR", "BOTOX, FIOS DE SUSTENTA\u00c7\u00c3O", "BOTOX, FIOS E PREENCHIMENTO", "BOTOX, FIOS FILLER", "BOTOX, FIOS, BIOESTIMULADOR", "BOTOX, LABIOS, GARRA", "BOTOX, MELASMA E LABIAL", "BOTOX, PEIM", "BOTOX, PREENCHIMENTO", "BOTOX, PREENCHIMENTO E BIOESTIMULADOR", "BOTOX, PREENCHIMENTO, FIOS, BIOESTIMULADOR", "BOTOX, PREENCHIMENTO,BIOESTIMULADOR", "BOTOX, PREENCHIMENTO,FIOS", "BOTOX, PREENCHIMENTOS", "BOTOX, PREENCHIMENTOS E FIOS", "BOTOX, PREENCHIMENTOS, FIOS", "BOTOX, SKINBOOSTER, E LIPO DE PAPADA", "BOTOX,FIOS", "BOTOX,FIOS BIOESTIMULADOR", "BOTOX,PREENCHIMENTO", "BOTOX- BIOESTIMULADOR- PREENCHIMENTO", "BOTOX/ BIOES", "BOTOX/ BIOESTIMULADOR", "BOTOX/ LABIAL", "BOTOX/BIOESTIMULADOR", "BOTOX/BIOESTIMULADOR/PREENCHEDOR", "BOTOX/FIOS/PREENCHIMENTO", "BOTOX/PAPADA/PREENCHIMENTO", "BOTOX/PREENCHIMENTO", "BOTOZ", "BOTX E PREENCHIMENTO", "BOX", "BOX + CABECEIRA", "BOX + ESCRIVANINHA", "BOX + ROUPEIRO", "BOX / BASE / BALCAO", "BOX // COLCHAO", "BOX CABECEIRA", "BOX CASAL", "BOX CASAL , ROUPEIRO", "BOX CASAL E SOLTEIRO", "BOX E BALCAO", "BOX E BUFFET", "BOX E CABECEIRA", "BOX E CAVECEIRA", "BOX E COCHAO", "BOX E COLCHAO", "BOX E COMODA", "BOX E FORNO TRAVESSEIRO", "BOX E GUARDA LOUCA E TANQUINHO", "BOX E GUARDA ROUPA", "BOX E LAVADORA", "BOX E TRAVESSEIRO", "BOX ROUPEIRO", "BOX+CABECEIRA", "BOX+PAINEL+FERRO DE PASSAR", "BOX-PENTEADEIRA", "BOX1", "BOXX", "BOXXX", "BRINQUEDO + maquina", "BRINQUEDOS, ASPIRADOR, BIKE.", "Balcao", "Balcao de pia", "Berco e comoda", "Bicicleta", "Bicicletas", "Bioesti, preenchim, vasinhos", "Bioestimulador", "Bioestimulador e Botox", "Bioestimulador e botox", "Bioestimulador, Botox e preenchimento", "Biostimulador", "Botox", "Botox + Fios", "Botox 3 Regi\u00f5es", "Botox 3 regioes", "Botox 3 regioes  light e  kit melasma", "Botox 3 regi\u00f5es", "Botox 3 regi\u00f5es,  2 fios lisos e 2 ml de preec", "Botox 4 regioes", "Botox e Preenchimento", "Botox e bioestimulador", "Botox e preenchimento", "Botox e preenchimento de queixo", "Botox e preenchimento l\u00e1bial", "Botox, 3 Skinbooster, 8 fios lisos", "Botox, elleva e Fios PDO", "Botox, fios de sustenta\u00e7\u00e3o", "Botox, fios e skinbooster", "Botox, preenchimento, carbox", "Botox,fios", "Box", "CABECEIRA", "CABECEIRA  E FRITADEIRA ELETRICA", "CABECEIRA E BASE", "CABECEIRA E CELULAR", "CABECEIRA+BALCAO+TAMPO+BANCO", "CABECEIRA+ROUPEIRO", "CABECEIRA+TRAVESSEIROS", "CABECEIRA\\", "CABIDERA", "CADEIRA", "CADEIRA  DE PRAIA", "CADEIRA + LIDIFICADOR", "CADEIRA DE AREA", "CADEIRA DE AREA E MESINHA", "CADEIRA DE AREA+LIQUIDIFICADOR", "CADEIRA DE ESCRITORIO E ROUPEIRO", "CADEIRA DE MADEIR", "CADEIRA DE PRAIA", "CADEIRA DE PRAIA 4", "CADEIRA E ASPIRADOR DE PO", "CADEIRA E COLCHAO", "CADEIRA E VARAL PARA ROUPAS", "CADEIRAO", "CADEIRAS", "CADEIRAS DE AREA", "CADEIRAS DE PRAIA", "CADEIRAS E FORNO ELETRICO", "CADEIRAS E LIQUIDIFICADOR", "CADEIRAS PVC + ASPIRADOR", "CADEIRINHA", "CAFETEIRA", "CAFETEIRA , ESCRIVANINHA E CADEIRA DO PAPAI", "CAFETEIRA E SANDUICHEIRA", "CAFETEIRA+FRITADEIRA", "CAFETEIRA, FRUTEIRA, ARMARIO AEREO", "CAFETERA", "CAIXA  AMPLIFICADA", "CAIXA AMPLIFICADA", "CAIXA AMPLIFICADA DE SOM", "CAIXA AMPLIFICADORA", "CAIXA AMPLIFICADORA AMVOX", "CAIXA D SOM", "CAIXA DE SOM", "CAIXA DE SOM + BALCAO DE PIA", "CAIXA DE SOM , ARMARIO", "CAIXA DE SOM 1000W, LAV SUGGAR 10K FRITADEIRA ARNO", "CAIXA DE SOM 10W....TRAVESSEIRO 60X40CM", "CAIXA DE SOM 1100W", "CAIXA DE SOM 1500", "CAIXA DE SOM 200W BLUETOOTH", "CAIXA DE SOM 300WATS", "CAIXA DE SOM 510W", "CAIXA DE SOM AMPLIFICADA", "CAIXA DE SOM AMVOX", "CAIXA DE SOM AMVOX 1900 WATS AMPLIFICADA", "CAIXA DE SOM E CAMA", "CAIXA DE SOM E CELULAR", "CAIXA DE SOM E LIQUITIFICADOR", "CAIXA DE SOM E PANELA DE ARROZ", "CAIXA DE SOM E TELEVISAO", "CAIXA DE SOM E UMA SANDUICHEIRA", "CAIXA DE SOM E garrafa termica", "CAIXA DE SOM e VENTILADOR", "CAIXA DE SOM+ COLCHAO SOLTEIRO", "CAIXA DE SOM+ VENTILADOR", "CAIXA SOM", "CAIXA SOM JBL", "CAIXA SOM+tv", "CAIXINHA DE SOM", "CALCADEIRA", "CALCADEIRA E MESA DE CENTRO E UM BRINQUEDO", "CALCHAO", "CAM BOX E UM COLCHAO DE AR", "CAMA", "CAMA + ARMARIO", "CAMA + BASE", "CAMA + CABECEIRA + BERCO", "CAMA + COCHAO", "CAMA + COLCHAO", "CAMA + MULTIUSO", "CAMA + ROUP", "CAMA + ROUPEIRO + SOFA", "CAMA +COLCHAO", "CAMA , ROUPEIRO , CABECEIRA", "CAMA - MULTIUSO", "CAMA / BALCAO E MESA", "CAMA / PAINEL", "CAMA /MULTIUSO", "CAMA BAU, ROUPEIRO", "CAMA BOX", "CAMA BOX + COLCHAO SOLT", "CAMA BOX + G ROUPA", "CAMA BOX + panela", "CAMA BOX +ROUPEIRO", "CAMA BOX , CABECEIRA", "CAMA BOX ,CABECEIRA", "CAMA BOX 01", "CAMA BOX BAU COM COLCHAO E CABECEIRA", "CAMA BOX CASAL E LIQUIDIFICADOR", "CAMA BOX DE CASAL E ROUPEIRO", "CAMA BOX E 2 TRAVESSEIRO", "CAMA BOX E BASE", "CAMA BOX E CABECEIR", "CAMA BOX E CABECEIRA", "CAMA BOX E CABECEIRA DE CAMA", "CAMA BOX E CAIXA DE SOM", "CAMA BOX E COLCHAO", "CAMA BOX E CONJ. PANELA", "CAMA BOX E GUARDA ROUPA", "CAMA BOX E ROUPEIRO", "CAMA BOX E VENTILADOR", "CAMA BOX,", "CAMA BOX, FRITADEIRA", "CAMA BOX/TV", "CAMA BOX/VENTILADOR", "CAMA C/ COLCHAO + TAMPO E COMODA", "CAMA DE MADEIRA E COLCHAO", "CAMA DE SOLTEIRO E COLCHAO", "CAMA E ARMARIO", "CAMA E CABECEIRA", "CAMA E CELULAR", "CAMA E COLCHAO", "CAMA E COLCHAO BERCO", "CAMA E COLHAO", "CAMA E COMODA", "CAMA E GUARDA ROUPA", "CAMA E MESA", "CAMA E MINI CAMA", "CAMA E MULTIUSO", "CAMA E ROUPEIRO", "CAMA E SOFA", "CAMA E TANQUINHO", "CAMA E VENTILADOR", "CAMA INFANTIL E COILCHAO", "CAMA+ BASE BOX", "CAMA+ PIA+CUBA DE PIA", "CAMA+COMODA", "CAMA+MULTIUSO", "CAMA, BERCO", "CAMA, COLCHAO E BICICLETA", "CAMA, GELADEIRA", "CAMA, RACK E BALCAO", "CAMA, ROUPEIRO.", "CAMA,LIQUIDIFICADOR,ROUPEIRO,BATEDEIRA  ", "CAMA/SOFA", "CAMILA", "CANTO ALEMAO + FOGAO + MULTIUSO", "CAPA CHUVA , KIT RELACAO TORNADO", "CAPACETE", "CAPACETE E CABO EMBREAGEM", "CAPACETE G08", "CARINHO DE BEBE", "CARRINHO  DE BEBE", "CARRINHO BEBE", "CARRINHO BERCO E COLCHAO", "CARRINHO DE BEBE", "CARRINHO DE BEBE/ BEBE CONFORTO", "CARRINHO DE PASSEIO BEBE", "CCELULAR", "CDEIRA P/ CARRO E SANDUICHEIRA", "CEL", "CEL REDMI 12", "CELAR", "CELINDRO", "CELLULAR", "CELU", "CELUALR", "CELUAR", "CELUKLAR", "CELULA", "CELULAE", "CELULAR", "CELULAR  E COLCHAO", "CELULAR  OFERTA", "CELULAR  REDMI 11", "CELULAR  REDMI 12", "CELULAR + FORNO", "CELULAR + GUARDA ROUPA", "CELULAR + TABLET", "CELULAR + TRICICLO", "CELULAR + TVC", "CELULAR + bateria", "CELULAR +ROUPEIRO", "CELULAR ,ROUPEIRO", "CELULAR - SMARTPHONE", "CELULAR /COLCHAO", "CELULAR 04", "CELULAR 10A", "CELULAR 12 C", "CELULAR 12C", "CELULAR 12C OFERTA", "CELULAR 13C", "CELULAR 32 G 2 RAM", "CELULAR 9A", "CELULAR 9C", "CELULAR A 04S", "CELULAR A 24", "CELULAR A 24+ ROUPEIRO", "CELULAR A03", "CELULAR A03 SAMSUNG", "CELULAR A03 SAMSUNG CORE", "CELULAR A03 SANSUMG", "CELULAR A04", "CELULAR A04 32 G", "CELULAR A04E", "CELULAR A04S", "CELULAR A1", "CELULAR A1 CORE", "CELULAR A13 128G", "CELULAR A13 SAMSUNG", "CELULAR A14", "CELULAR A2", "CELULAR A2 XIAOMI", "CELULAR A22", "CELULAR A22 SAMSUNG", "CELULAR A22 SAMSUNG 5G", "CELULAR A23", "CELULAR A24", "CELULAR A3", "CELULAR A34", "CELULAR A52", "CELULAR A54", "CELULAR BLACK", "CELULAR C55", "CELULAR COM 300 DE ENT", "CELULAR COM 300 DE ENTRADA", "CELULAR COM 400,00 DE ENTRADA", "CELULAR COM 800,00 DE ENTRADA", "CELULAR E 32", "CELULAR E ANTENA", "CELULAR E ASPIRADOR", "CELULAR E BALCAO", "CELULAR E BATEDEIRA", "CELULAR E BIC", "CELULAR E BICICLETA", "CELULAR E CAMA BOX", "CELULAR E COLCHAO", "CELULAR E COMODA", "CELULAR E FOGAO", "CELULAR E FORNO", "CELULAR E FRITADEIRA", "CELULAR E LAVADORA", "CELULAR E LAVAJATO", "CELULAR E MAQUINA DE CABELO", "CELULAR E MESA", "CELULAR E MESA DE FERRO", "CELULAR E MINI PROCESSADOR", "CELULAR E PRANCHA", "CELULAR E SECADOR", "CELULAR E TABLET", "CELULAR E TANQUINHO", "CELULAR E TELEVISAO", "CELULAR E VENTILADOR", "CELULAR E13", "CELULAR NOKIA 32G", "CELULAR OFERTA", "CELULAR RED MI", "CELULAR RED MI NOTE 11", "CELULAR REDMI", "CELULAR REDMI 10 A 32 GB", "CELULAR REDMI 10 A 32 GB XIAOMI", "CELULAR REDMI 10 C", "CELULAR REDMI 10A", "CELULAR REDMI 10C", "CELULAR REDMI 12", "CELULAR REDMI 12 C +VENTILADOR", "CELULAR REDMI 12 POLAR", "CELULAR REDMI 12C", "CELULAR REDMI 13 C", "CELULAR REDMI 9", "CELULAR REDMI 9A", "CELULAR REDMI 9C", "CELULAR REDMI A 2", "CELULAR REDMI A2", "CELULAR REDMI NOTE 12", "CELULAR REDMI12", "CELULAR black", "CELULAR e cooktop", "CELULAR e uma lavadora", "CELULAR oferta", "CELULAR \u00b4", "CELULAR* CX SOM", "CELULAR+ASPIRADOR", "CELULAR+CILINDRO", "CELULAR+MICRO-ONDAS", "CELULAR+MICROONDAS", "CELULAR+MULTI", "CELULAR+MULTIUSO", "CELULAR+SANDUICHEIRA", "CELULAR+SECADORA", "CELULAR+TV", "CELULAR+bebe conforto", "CELULAR+cafeteira", "CELULAR+centrifuga", "CELULAR+comoda", "CELULAR+patnete", "CELULAR, CAIXA DE SOM", "CELULAR, CENTRIFUGA", "CELULAR, SOM DE CARRO", "CELULAR, conj panelas e liquidificador", "CELULAR-LIQUIDIFICADOR", "CELULAR/ BALCAO / PIA E FOGAO", "CELULAR/ COLCHAO", "CELULAR/CAIXA DE SOM/WAP", "CELULAR/ESCOVA SECADORA", "CELULAR/FOGAO", "CELULAR/SMARTPHONES", "CELULAR/TABLET", "CELULAR/radio", "CELULAT", "CELULAY", "CELULR", "CELUYKLAR", "CELUYLAR", "CENTRIFUFGA", "CENTRIFUGA", "CENTRIFUGA  E FRITADEIRA ELETRICA", "CENTRIFUGA + AIR", "CENTRIFUGA + COLCHAO", "CENTRIFUGA + LAVADORA", "CENTRIFUGA + MAQ. LAVAR", "CENTRIFUGA + ROUPEIRO", "CENTRIFUGA +PANELA", "CENTRIFUGA , LAVADORA", "CENTRIFUGA 15 KG", "CENTRIFUGA 15KG", "CENTRIFUGA 15KL WANKE", "CENTRIFUGA DE 8 KG", "CENTRIFUGA DE 8,8 KILOS", "CENTRIFUGA E AIR FRY", "CENTRIFUGA E CELULAR", "CENTRIFUGA E FERRO DE PASSAR", "CENTRIFUGA E LAVADORA", "CENTRIFUGA E LAVADORA DE ALTA PRESSAO", "CENTRIFUGA E LIQUIDIFICADOR", "CENTRIFUGA E PANELA", "CENTRIFUGA E SANDUICHEIRA", "CENTRIFUGA E TANQUINHO", "CENTRIFUGA E TAQUINHO", "CENTRIFUGA e TANQUINHO", "CENTRIFUGA+LAVADOURA", "CENTRIFUGA+MAQUINA DE LAVAR", "CENTRIFUGA+ROUPEIRO", "CENTRIFUGA+TAMQUINHO", "CENTRIFUGA+TANQUINHO", "CENTRIFUGA, BESE, ARMARIO", "CENTRIGA", "CENTRIGUGA", "CEULAR", "CHAKEIRA E LAVADORA", "CHALEIRA", "CHALEIRA E BATEDEIRA", "CHALEIRA E FURADEIRA", "CHALEIRA E GARRAFA", "CHALEIRA E PANELA", "CHALEIRA ELETRICA", "CHALEIRA ELETRICA + LIQUIDIFICADOR", "CHALEIRA ELETRICA + PRANCHA", "CHALEIRA ELETRICA + SANDUICHEIRA", "CHALEIRA ELETRICA ,BATEDEIRA,LIQUIDIFICADOR", "CHALEIRA, SANDUICHEIRA, VENTILADOR", "CHALEURA", "CHAPINHA", "CHAPINHA + SECADOR", "CHAPINHA E SECADOR", "CHICOTE , BATERIA , CHAVE IGNICAO MOTO", "CHURRASQUEIRA ELETRICA", "CHURRASQUEIRA ELETRICA   E  FAQUEIRO", "CILINDRO", "CILINDRO MOTOR E KIT RELACAO", "CILINDRO,ROUP, VENT", "CJ BOX", "CJ BOX + BALCAQO PIA", "CJ BOX E CABECEIRA", "CJ BOX E COLCHAO MINI CAMA", "CJ MESA", "CLIMA TIZADOR", "CLIMATIZADOR", "CLIMATIZADOR 8 LITROS", "CLIMATIZADOR 8 LT", "CLIMATIZADOR 8 LTS", "CLIMATIZADOR DE 8 LITROS", "CLIMATIZADOR DE AR", "CLIMATIZADOR E ESCOVA", "CLIMATIZADOR E FERRO BLACK DECKER", "CLIMATIZADOR E FORNO ELETRICO", "CLIMATIZADOR E ROUPEIRO", "CLIMATIZADOR E UMIDIFICADOR", "CLULAR", "CMA BOX", "CMA BOX E CABECEIRA", "COBNJ.BOX", "COCHAO", "COIFA + FORNO", "COJ BOX + MESA + BALCAO", "COJ CAMA BOX", "COJ MESA", "COKTOP", "COLCAO", "COLCHAAO", "COLCHAO", "COLCHAO + BASE", "COLCHAO + BOX", "COLCHAO + CELULAR", "COLCHAO + COZINHA", "COLCHAO +BASE BOX+CABECEIRA", "COLCHAO +centrifuga", "COLCHAO , MOTOQUINHA", "COLCHAO / CABECEIRA", "COLCHAO 1.38", "COLCHAO BASE E CABECEIRA", "COLCHAO BOX , FOGAO", "COLCHAO BOX E CENTRIFUGA", "COLCHAO COM BASE BOX E CABECEIRA", "COLCHAO D33", "COLCHAO E BASE", "COLCHAO E BELICHE", "COLCHAO E BERCO", "COLCHAO E BICICLETA", "COLCHAO E CAMA", "COLCHAO E COZINHA DE L", "COLCHAO E FORNO ELETRICO", "COLCHAO E LAVADORA", "COLCHAO E MOTOQUINHA", "COLCHAO E MULTIUSO", "COLCHAO E PIPOQUEIRA", "COLCHAO E ROUPEIRO", "COLCHAO E SECADOR", "COLCHAO E TABLET", "COLCHAO E TANQUINHO", "COLCHAO E TRAVESSEIRO", "COLCHAO JOGO DE MESA E BASE", "COLCHAO+BASE", "COLCHAO+BOX+CABECEIRA", "COLCHAO+COMODA", "COLCHAO, BASE PARA COLCHAO", "COLCHAO, PAINEL, CAMA + ENTRADA DE 3.000,00", "COLCHAO,SECADOR", "COLCHAO/ BASE", "COLCHAO/ CABECEIRA", "COLCHAO/BOX", "COLCHOES", "COLCHONETE E VENTILADOR", "COLHAO", "COLHAO D33", "COLHAO, TANQUINHO", "COMBO SMART RACK-PAINEL E VENTILADOR", "COMJ BOX", "COMODA", "COMODA + SOFA", "COMODA , VENTILADOR , SUPORTE", "COMODA /PENTEADEIRA", "COMODA E BALCAO", "COMODA E BASE", "COMODA E CABECEIRA", "COMODA E CAMA", "COMODA E ESTOFADO", "COMODA E FOGAO", "COMODA E MULTIUSO", "COMODA E PAINEL", "COMODA E PISCINA", "COMODA E RACK", "COMODA E ROUPEIRO", "COMODA+BALCAO", "COMODA+CENTRIFUGA", "COMODA+MULTIUSO", "COMODA, COLCHAO, BASE, VENTILADOR", "COMODA, PANELA, FERRO, TALHER", "COMODA, ROUPEIRO", "COMODA, ROUPEIRO, BICICLETA", "COMODAS", "COMONDA", "COMPACTA,CUBA,FOGAO", "COMPRA DE UM AEREO E UM FORNO ELETRICO", "CON BOX", "CONJ BOX", "CONJ BOX +  caixa de som", "CONJ BOX + CABECEIRA", "CONJ BOX + CAIXA DE SOM", "CONJ BOX + CELULAR", "CONJ BOX + FOGAO", "CONJ BOX + FRETE", "CONJ BOX + KIT COZINHA", "CONJ BOX + PAINEL", "CONJ BOX + ROUPEIRO", "CONJ BOX + roupeiro", "CONJ BOX +ROUPEIRO", "CONJ BOX +cabeceira", "CONJ BOX +cozinha", "CONJ BOX 0,88", "CONJ BOX COM 10000 DE ENTRADA", "CONJ BOX COM 500 DE ENTRADA", "CONJ BOX COM 600,00 DE ENTRADA", "CONJ BOX E CABECEIRA", "CONJ BOX E CENTRIFUGA", "CONJ BOX E FORNO", "CONJ BOX E GUARDA ROUPA", "CONJ BOX E MULTIUSO", "CONJ BOX E ROUPEIRO", "CONJ BOX com 500 de entrada", "CONJ BOX com1,000 de entarad", "CONJ BOX+ cabeceira", "CONJ BOX+CABECEIRA", "CONJ BOX, BALCAO PIA, CABECEIRA", "CONJ BOX, CABECEIRA, CONJ JANTAR E AIR FRAYER", "CONJ BOX, ROUPEIRO", "CONJ BOX.", "CONJ BOXS", "CONJ DE MESA", "CONJ DE MESA 6 CADEIRA", "CONJ ESTOFADO E CENTRIFUGA", "CONJ MESA", "CONJ MESA 6 CADEIRAS", "CONJ MESA COM 6 CADEIRAS", "CONJ MESA+FOGAO", "CONJ,BOX", "CONJ. BOX", "CONJ. BOX 1,38", "CONJ. BOX E CABECEIRA", "CONJ. BOX E MESA C0 4 CADEIRAS", "CONJ. BOX E ROUPEIRO", "CONJ. BOX E TV", "CONJ. BOX, FORNO LAVA JATO", "CONJ. MESA", "CONJ. MESA 4 CAD", "CONJ.BOX", "CONJ.BOX E ESCOCA", "CONJ.BOX E ROUPEIRO", "CONJT BOX COLCHAO E CABECEIRA", "CONJUNTO BOX", "CONJUNTO BOX + CABECEIRA", "CONJUNTO BOX + VIOLAO", "CONJUNTO BOX +CLOSET", "CONJUNTO BOX /MULTIUSO", "CONJUNTO BOX CASAL", "CONJUNTO BOX CASAL E BOX CONJUGADO SOLTEIRO", "CONJUNTO BOX E CABECEIRA", "CONJUNTO BOX E FOGAO", "CONJUNTO BOX E JOGO DE QUARTO", "CONJUNTO BOX E ROUPEIRO", "CONJUNTO BOX KING", "CONJUNTO BOX SOLTEIRO MULTIUSO E CABECEIRA", "CONJUNTO BOX e cabeceira", "CONJUNTO BOX+CARRINHO DE BEBE", "CONJUNTO BOX, HAVANA", "CONJUNTO CAMA BOX", "CONJUNTO DE BOX", "CONJUNTO DE MESA", "CONJUNTO DE MESA + MULTIUSO", "CONJUNTO DE MESA 6 CADEIRAS", "CONJUNTO DE MESA E BALCAO", "CONJUNTO ESTOFADO, CAMA", "CONJUNTO MESA", "CONJUNTO MESA 6 CAD", "CONJUNTO MESA E CADEIRAS", "CONJUNTO MESA, FOGAO A LENHA", "CONJUTO BOX", "CONJUTO BOX 1,38", "CONJUTO BOX E UM GUARDAROUPA", "COOCKTOP", "COOK TOP", "COOK TOP 4 BOCAS", "COOK TOP 5 QUEIMADORES", "COOK TOP BALCAO E FORNO", "COOKTOP", "COOKTOP + BALCAO", "COOKTOP + balcao", "COOKTOP DE 5 BOCAS", "COOKTOP E BALCAO", "COOKTOP E TV", "COOKTOP+BALCAO", "COOKTOP+TV", "COOKTOP, BALCAO", "COOKTOP/ MULTIUSO/ ASPIRADOR DE PO", "CORPORAL E LASER", "CORPORAL, LASER E VASINHOS", "CORTADOR DE CABELO", "CORTADOR E APARADOR DE PELOS", "CORTADOR, SANDUICHEIRA", "COZ,CABE,TANQUI", "COZINH", "COZINHA", "COZINHA  E PIA", "COZINHA  PLANEJADA", "COZINHA + CAIXA LENHA", "COZINHA + COLCHAO", "COZINHA + ESCRIVANINHA + LIQUIDIFICADOR", "COZINHA + INOX + CALHA PROTETORA", "COZINHA + INOX DA PIA", "COZINHA + QUARTO + SALA", "COZINHA + bALCAO", "COZINHA +FOGAO", "COZINHA +PIA", "COZINHA , BALCAO", "COZINHA , BALCAO E PIA", "COZINHA , BALCAP E PAINEL", "COZINHA , COOKTOP", "COZINHA ,MESA,", "COZINHA -GUARDA LOUCAS", "COZINHA / FOGAO", "COZINHA 5 PCS", "COZINHA 6 PCS", "COZINHA COM BALCAO", "COZINHA COMODA", "COZINHA COMPACTA", "COZINHA COMPACTA E ESCADA", "COZINHA COMPACTA+ TAMPO", "COZINHA COMPACTA/ CUBA INOX/ BALCAO", "COZINHA COMPACTA/ CUBA INOX/ COOKTOP/ BALCAO", "COZINHA COMPLETA", "COZINHA COMPLETA E FRITADEIRA", "COZINHA E A MESA", "COZINHA E BALCAO", "COZINHA E BALCAO DE PIA", "COZINHA E BOX", "COZINHA E CAIXA DE SOM", "COZINHA E CALHA", "COZINHA E CELULAR", "COZINHA E COLCHAO", "COZINHA E CONJUNTO DE MESA", "COZINHA E COOKTOP", "COZINHA E CRIADO MUDO", "COZINHA E CUBA", "COZINHA E ESTOFADO", "COZINHA E FOGAO", "COZINHA E MAQUINA", "COZINHA E MESA", "COZINHA E MULTI", "COZINHA E PIA", "COZINHA E PIA.", "COZINHA E RACK COM PAINEL", "COZINHA E RADIO", "COZINHA E ROUPEIRO", "COZINHA E SOFA", "COZINHA E SOM", "COZINHA E TAMPO", "COZINHA E TV", "COZINHA EM GERAL", "COZINHA PLANEJADA", "COZINHA+COOKTOP", "COZINHA+FOGAO", "COZINHA+MESA+BALCAO", "COZINHA+PANELA DE PRESSAO", "COZINHA+TAMPO", "COZINHA+TANQUINHO", "COZINHA, BALCAO E PEDRA DE PIA", "COZINHA, BALCAO ULTIMA PECA E BALCO 1.20", "COZINHA, BOX", "COZINHA, COLCHAO", "COZINHA, CONJ MESA E CELULAR", "COZINHA, CUBA", "COZINHA, CUBA INOX, CAMA BOX", "COZINHA, MESA", "COZINHA, MICRO-ONDAS E FOGAO", "COZINHA, PIA, E ANTENA", "COZINHA, ROUPEIRO E COMODA", "COZINHA, ROUPEIRO, BALCAO DE PIA PEDRA DE PIA", "COZINHA, TV", "COZINHA, TV 500 DE ENT", "COZINHA, VENTILADOR, TANQUINHO", "COZINHA/ TANQUINHO", "COZINHA/BALCAO/PIA.", "COZINHA/CELULAR", "COZINHA\u00b4", "COZINHO +TAMPO", "COZINNHA", "CRIADO + COMODA", "CRIADO MUDO + FORNO ELETRICO", "CUBA OFERTA", "CUBO , RAIAMENTO,ARO DA BROS", "CUBO DIANTEIRO MOTO E RAIAMENTO", "CUBO E RAIAMENTO E BENGALA", "CX DE SOM", "CX SOM E JG PANELAS", "Cabeceira 1.38", "Cadeira", "Cadeira de Area", "Caixa de som", "Cama", "Cama Box", "Cama box", "Cama+cabeceira", "Carrinho de bebe", "Celular", "Celular redmi 10c", "Celular redmi 12", "Centrifuga", "Chaleira", "Chapinha", "Climatizador", "Colch\u00e3o", "Comoda", "Compra Cama + Cabeceira", "Conjunto box", "Conjuto de mesa 4 cadeiras", "Cooktop 5 bocas", "Cozinha", "Cozinha compacta", "Cozinha, cuba, cama", "DORMITORIO E COLCHAO", "DORMITORIO, TV E BOX", "ELETRO/MICROONDAS", "ELETRODOMESTICO", "ELETRODOMESTICOS", "ELETROS E BALCAO", "ELLEVA/ BOTOX/ FIOS GARRA", "EMAGRECIMENTO", "EMAGRECIMENTO 05 SEMANAS", "EMAGRECIMENTO 10 SEMANAS", "EMAGRECIMENTO 12 SEMANAS", "EMAGRECIMENTO 20 SEMANAS", "EMAGRECIMENTO FLE 13 SEMANAS", "EMAGRECIMENTO FLEX", "EMAGRECIMENTO FLEX 10 SEMANAS", "EMAGRECIMENTO FLEX 16 SEMANAS", "EMAGRECIMENTO SAUDAVEL", "EMAGRECIMENTO SAUD\u00c1VEL", "EMAGRECIMENTO-PACOTE", "EMAGRECMENTO", "EMGRECIMENTO 6 SEMANAS", "EMGRECIMENTO FLEX 12 SEMANAS", "EMPRESTIMO PESSOAL", "ENZIMA E LIPOCAVITA\u00c7\u00c3O", "ENZIMA/ BOTOX", "ENZIMAS", "ENZIMAS + SKINBOOSTER", "ENZIMAS E CARBOX", "ENZIMAS E PEIM", "ENZIMAS, BOTOX, BIOESTIMULADORES", "ENZIMAS/PROCEDIMENTOS", "EOUPEIRO/ E COMODA", "ESCAPE E KIT RELACAO MOTO DAFRA", "ESCOVA", "ESCOVA + BARBEADOR", "ESCOVA / ASPIRADOR", "ESCOVA ALISADORA", "ESCOVA E CAFETEIRA", "ESCOVA MODELADORA", "ESCOVA MODELADORA E LAVADORA WAP", "ESCOVA SECA E ALISA", "ESCOVA SECADOR", "ESCOVA SECADORA", "ESCRAVANINHA E COLCHAO", "ESCREVANINHA + CADEIRA ESCRITORIO", "ESCRINANINHA", "ESCRIVANINHA", "ESCRIVANINHA +CADEIRA", "ESCRIVANINHA E CADEIRA", "ESCVOVA", "ESPIRADOR", "ESPREMEDOR E LIQUIDIFICADOR", "ESTANTE + VENTILADOR", "ESTANTE E ASPIRADOR", "ESTOFADO", "ESTOFADO + FOGAO", "ESTOFADO + FRITADEIRA", "ESTOFADO + MESA", "ESTOFADO + MESA 4 CADEIRAS", "ESTOFADO + PAINEL", "ESTOFADO , CJ BOX", "ESTOFADO 2,60M", "ESTOFADO 3 LUGARES RETRATIL", "ESTOFADO 3/2 LUGARES", "ESTOFADO 3X2 LUGAR", "ESTOFADO 3X2 LUGARES", "ESTOFADO 4 LUGARES", "ESTOFADO E COOKTOP", "ESTOFADO E FOGAO", "ESTOFADO E GUARDA ROUPA", "ESTOFADO E MESA", "ESTOFADO E MULTIUSO", "ESTOFADO E POLTRONA", "ESTOFADO E ROUPEIRO", "ESTOFADO+ BALCAO+ MULTIUSO", "ESTOFADO+ MESA", "ESTOFADO+ painel", "ESTOFADO+ASPIRADOR", "ESTOFADO+FOGAO+REFRIGERADOR", "ESTOFADO+FORNO", "ESTOFADO+SECADORA", "ESTOFADO+TV", "ESTOFADO, CAMA BOX", "ESTOFADO, PAINEL/HACK, CONJUTO MESA", "ESTOFADO, mesa 4 cadeiras", "ESTOFADO,HOME", "ESTOFADO/ PIA", "ESTOFADO/ROUPEIRO", "ESTOFADOS", "Emagrecimento", "Emagrecimento + Gordura localizada", "Emagrecimento 05 semanas", "Emagrecimento 10", "Emagrecimento 12 semanas", "Emagrecimento 16 semanas", "Emagrecimento 20 semanas", "Emagrecimento 3 meses e meio", "Emagrecimento 30 semanas", "Emagrecimento Flex", "Emagrecimento Flex 05 semanas", "Emagrecimento Flex 4 semanas", "Emagrecimento e gordura localizada", "Emagrecimento flex", "Escova", "Escrivaninha", "Escrivaninha e livreiro", "FAGAO", "FAQUEIRO E LIQUIDIFICADOR", "FAQUEIRO E SECADOR", "FAROL COMPLETO , KIT RELACAO MOTO", "FAROL E PNEU", "FERRE DE PASAR", "FERRO", "FERRO DE PASAR ROUPA", "FERRO DE PASSAR", "FERRO DE PASSAR E LIQUIDIFICADO", "FERRO DE PASSAR, COLCHAO, MICROONDAS", "FERRO DE PASSAR,TRAVESSEIRO", "FERRO+BATEDEIRA", "FIGAO A LENHA", "FILLERS E BOTOX", "FIO E BOTOX", "FIO FILLER + PREENCHIMENTO", "FIO FILLER, BOTOX 3 REGI\u00d5ES", "FIO FILLER, PEELING, PREENCHIMENTO", "FIO GARRA, PREENCHIMENTO E BOTOX", "FIOS", "FIOS + PREENCHIMENTO", "FIOS BOTOX, PREENCHIMENTO", "FIOS DE GARRA , BOTOX , BIOESTIMULADORES, PREENCHI", "FIOS DE SUSTENTA\u00c7\u00c3O", "FIOS DE SUSTENTA\u00c7\u00c3O +PREENCHIMENTO", "FIOS DE SUSTENTA\u00c7\u00c3O - 8 FIOS COM GARRA", "FIOS DE SUSTENTA\u00c7\u00c3O e preenchimento", "FIOS DE SUSTENTA\u00c7\u00c3O, 2ML DE PREENCHIMENTO", "FIOS DE SUSTENTA\u00c7\u00c3O, BOTOX", "FIOS E BOTOX", "FIOS E LOPO DE PAPADA", "FIOS E PREECHIMENTO", "FIOS E PREENCHIMENTO", "FIOS E PREENCHIMENTOS", "FIOS E PREENSHIMENTO", "FIOS E PRODUTOS", "FIOS E SKINBOOSTR", "FIOS FILLER + BOTOX 3 REGI\u00d5ES", "FIOS FILLER OLHOS, BOTOX 4 REGIOES", "FIOS GARRA, PREENCHIMENTO , BOTOX 3 REGIOES", "FIOS GARRA/ BOTOX/ PREENCHIMENTO", "FIOS PREENCHIMENTO E BOTOX", "FIOS+PREENCHIMENTO", "FIOS, BOTOX", "FIOS, BOTOX E BIOESTIMULADORES", "FIOS, BOTOX, BIOCRYSTAL, PEELING E PREENCHIMENTO", "FIOS, BOTOX, PREENCHIMENTO", "FIOS, MICROAGULHAMENTO", "FIOS, PREENCHEDO", "FIOS/ BIOESTIMULADOR/BOTOX", "FIOS/ BOTOX/ PREENCHIMENTO", "FIOS/PREENCHIMENTO", "FIRN ELETRICO", "FOAGAO", "FOAGAO E GUARDA ROUPA", "FODAO 04 BC.", "FOENO", "FOGA", "FOGAO", "FOGAO + AEREO TRIPLO", "FOGAO + BEBEDOURO", "FOGAO + BICICLETA", "FOGAO + CELULAR", "FOGAO + CENTRIFUGA", "FOGAO + FORNO ELETRICO", "FOGAO + LAVADORA", "FOGAO + MICRO", "FOGAO + PARANCHA + COLCHAO E LIQUIDIFICADOR", "FOGAO + SOFA + BALCAO PIA", "FOGAO + VENTILADOR", "FOGAO +CELULAR", "FOGAO +MESA", "FOGAO +PIA", "FOGAO , BALCAO , PIA", "FOGAO , TV", "FOGAO - PIA - VENTILADOR - BALCAO", "FOGAO 04B MAS ROUPEIRO E CAFETEIRA", "FOGAO 1 BOCA", "FOGAO 2 BOCAS", "FOGAO 4 BCAS", "FOGAO 4 BCS", "FOGAO 4 BOCA FRATELLO", "FOGAO 4 BOCAS", "FOGAO 4 BOCAS BRASLAR", "FOGAO 4 BOCAS SIMPLES E CAMA SOLTEIRO", "FOGAO 4B", "FOGAO 4B MFI4BA PRETO", "FOGAO 4BC ATLAS PRETO", "FOGAO 4BCS", "FOGAO 5 B", "FOGAO 5 BCS", "FOGAO 5 BOCA", "FOGAO 5 BOCAS", "FOGAO 5 BOCAS ELECTROLUX", "FOGAO 5 BOCAS MUELLER", "FOGAO 5 QUEIMADORES", "FOGAO 5B", "FOGAO 5B ACENDIMENTO AUTOMATICO MFI5BB 5B BRANCO", "FOGAO 5B MUELLER", "FOGAO 5BC ATLAS PRETO", "FOGAO A GAS", "FOGAO A GAS+LIQUIDIFICADOR", "FOGAO A LENHA", "FOGAO A LENHA E CHAMINE", "FOGAO A LENHA+BALCAO+CAIXA DE LENHA", "FOGAO A LENHA+TV", "FOGAO A LENHA, KIT CHAMINE", "FOGAO ALENHA", "FOGAO ATLAS 4 BOCAS", "FOGAO ATLAS 4BOCAS", "FOGAO CARRINHO DE BEBE", "FOGAO CONJUNTO DE MESA", "FOGAO COOKTOP, ASPIRADOR E DEPUARDOR", "FOGAO DE MESA", "FOGAO E ARMARIO", "FOGAO E ARMARIO DE COZINHA", "FOGAO E BALCAO", "FOGAO E BALCAO PARA MICROONDAS", "FOGAO E CADEIRAS DE PRAIA", "FOGAO E CAMA BOX", "FOGAO E CAMA BOX SOLTEIRO", "FOGAO E CAMA KING SIZE", "FOGAO E CARRINHO DE BEBE", "FOGAO E CELULAR", "FOGAO E CENTRIFUGA", "FOGAO E CHAMINE", "FOGAO E CHAMINE E MICRO COM 500 ENTRADA", "FOGAO E COLCHAO", "FOGAO E CONJ MESA", "FOGAO E COZINHA", "FOGAO E ESTOFADO", "FOGAO E FRITADEIRA", "FOGAO E GELADEIRA", "FOGAO E GUARDA ROUPA", "FOGAO E LAVADORA", "FOGAO E LIQUI", "FOGAO E LIQUIDIFICADOR", "FOGAO E MESA", "FOGAO E MICROONDAS", "FOGAO E MULTI USO", "FOGAO E PAINEL", "FOGAO E PANELAS", "FOGAO E PIA", "FOGAO E ROUPEIRO", "FOGAO E ROUPEIRO BICICLETA", "FOGAO E SECADORA", "FOGAO E TANQUINHO", "FOGAO E TV", "FOGAO E VENTILADOR", "FOGAO E WAIR FREE", "FOGAO ELETRICO", "FOGAO GAS", "FOGAO LENHA", "FOGAO MAS PAINEL E RACK", "FOGAO PECA DE DEMOSTRACAO E  COZINHA", "FOGAO ROUPEIRO E RACK", "FOGAO+ FORNO ELETRICO", "FOGAO+ MULTIUSO", "FOGAO+ ROUPEIRO + CAMA + COLCHAO +GELADEIRA", "FOGAO+BALCAO", "FOGAO+BALCAO+PIA", "FOGAO+COZINHA", "FOGAO+FORNO+MICRO-ONDAS", "FOGAO+GUARDA ROUPA", "FOGAO+MOVEIS", "FOGAO+MULTI", "FOGAO+MULTIUSO+MICROONDAS", "FOGAO+PANELA DE PRESSAO", "FOGAO+VENTILADOR", "FOGAO, ANTENA E SECADOR", "FOGAO, BALCAO E COZINHA COMPACTA", "FOGAO, CELULAR", "FOGAO, CHALEIRA", "FOGAO, COZINHA,", "FOGAO, PAINEL, BANCADA, VENTILADOR", "FOGAO, PAINEL, MESA LATERAL", "FOGAO, ROPEIRO", "FOGAO,BATEDEIRA,CELULAR", "FOGAO,COZINHA,MESA", "FOGAO/ FORNO", "FOGAO/ LAVADORA", "FOGAO/ SOFA", "FOGAO/MICROON DAS", "FOGAO/RACK", "FOGAOA LENHA", "FOGSAO", "FONO ELETRICO", "FORMA E PANELA", "FORNO", "FORNO + AIRFRAY", "FORNO + ASPIRADOR", "FORNO + CELULAR", "FORNO + FOGAO", "FORNO + PAINEL", "FORNO E BALCAO", "FORNO E CELULAR", "FORNO E CUBA", "FORNO E GUARDA ROUPA", "FORNO E LIQUIDIFICADOR", "FORNO E MICOONDAS", "FORNO E MICRO ONDAS", "FORNO E MICROONDAS", "FORNO E SECADOR", "FORNO ELETREICO 44 L", "FORNO ELETRICO", "FORNO ELETRICO + CHALEIRA", "FORNO ELETRICO + CILINDRO", "FORNO ELETRICO 44  L", "FORNO ELETRICO 44 L", "FORNO ELETRICO+BATEDEIRA", "FORNO ELETRICO+CELULAR", "FORNO ELETRICO+COOKTOP", "FORNO ELETRICO, ADAPTO COLCHAO", "FORNO ELETRICO, LAVADORA,TV58,MESA", "FORNO ELETRICO, LIQUIDIFICADOR", "FORNO+BALCAO", "FORNO+MAQUINA", "FORNO+MICROONDAS", "FORNO+VENTILADOR", "FORNO, AIRFRYER", "FORNO, CONJ PANELA", "FORNO, E BICICLETA ARO 16", "FORNO, MICROONDAS +AQUECEDOR", "FORNO/FOGAO ELETRICO", "FORNO/LAVADORA", "FORNO/MICROONDAS", "FORNO/MICROONDAS/AIR FRY/CHALEIRA", "FORNOS", "FPOGAO A LENHA", "FREESER", "FREEZER", "FREEZER - CENTRIFUGA E VENTILADOR", "FREEZER 143 L E TANQUINHO WANKE 4KG", "FREEZER 150L MIDEA", "FREEZER 534 LIT", "FREEZER E CINTRIFUGA", "FREEZER E TANQUINHO", "FREEZER+FORNO", "FREEZER, CAMA E COLCHAO", "FREEZR", "FREZER", "FREZER+TV+RACK", "FREZZER", "FREZZER 534L CONSUL", "FRIATDEIRA", "FRIATDEIRA ELETRICA", "FRIEEZER", "FRIRADEIRA", "FRITADADEIRA", "FRITADEIRA", "FRITADEIRA + LIQUIDIFICADOR", "FRITADEIRA , COLCHAO DE CASAL", "FRITADEIRA , LIQUIDIFICADOR , BATEDEIRA", "FRITADEIRA E BALCAO", "FRITADEIRA E BASE", "FRITADEIRA E CAIXA DE SOM", "FRITADEIRA E CILINDRO ELETRICO", "FRITADEIRA E CUBA INOX", "FRITADEIRA E LIQUIDIFICADOR", "FRITADEIRA E TELEFONE", "FRITADEIRA E VENTILADOR", "FRITADEIRA ELETRICA", "FRITADEIRA ELETRICA  E VENTILADOR", "FRITADEIRA ELETRICA 3,2 LITROS", "FRITADEIRA ELETRICA E BOX", "FRITADEIRA ELETRICA E PANELA DE ARROZ", "FRITADEIRA ELETRICA, VENTILADOR", "FRITADEIRA ELGIN 3,5L", "FRITADEIRA PANELA E RADIO", "FRITADEIRA, JARRA ELETRICA", "FRITADEIRA, MICROONDAS, BALCAO P/FORNO", "FRITADEIRA, PANELA DE PRESSAO", "FRIZEER", "FRIZER", "FRTADEIRA", "FRUTEIRA E PAINEL", "FUGAO 4 BOCAS ATLAS", "FURADEIRA", "FURADEIRA E ESMERILHADEIRA", "FURADEIRA E SERRA MARMORE", "FURADEIRA, TUPIA, SERRA", "FURADIERA", "FURadeira", "Ferro", "Fios", "Fios + Botox", "Fios Garras e Botox", "Fios de Sustenta\u00e7\u00e3o e Botox e Limpeza de pele", "Fios de sustenta\u00e7ao", "Fios de sustenta\u00e7\u00e3o", "Fios e Botox", "Fogao", "Fogao a gas", "Forno eletrico", "Freezer", "Fritadeira", "G ROUPA", "G ROUPA ,  KIT COZINHA", "G ROUPAS", "G. ROUPA", "G. ROUPA 2 PTS", "G. ROUPA E SOFA", "G. ROUPA, BELICHE E 2 COLCHOES", "G. ROUPA, CAMA, CABECEIRA E COLCHONETE", "G. ROUPAS", "G. ROUPAS, PAINEL E MESA", "G. Roupas", "G.ROUPA", "G.ROUPAS E LIVREIRO", "GARRAFA E SANDUICHEIRA", "GELADEIA", "GELADEIRA", "GELADEIRA + CAMA", "GELADEIRA + SOFA", "GELADEIRA +MAQUINA", "GELADEIRA 1700 DE ENTRADA", "GELADEIRA 2 PORTAS", "GELADEIRA 260LT", "GELADEIRA 276 LITROS", "GELADEIRA 276L", "GELADEIRA 310L", "GELADEIRA 370 LITROS", "GELADEIRA 371 LITROS", "GELADEIRA 371L ELECTROLUX", "GELADEIRA 382", "GELADEIRA 431 LITROS", "GELADEIRA COM 1000 DE ENTRADA", "GELADEIRA E ARCONDICIONADO", "GELADEIRA E ARMARIO DE PIA", "GELADEIRA E BALAO DE PIA", "GELADEIRA E BALCAO", "GELADEIRA E FOGAO", "GELADEIRA E LAVADORA", "GELADEIRA E MICROONDAS", "GELADEIRA+COMODA", "GELADEIRA+SOFA", "GELADEIRA, AIRFRYER", "GELADEIRA, FOGAO", "GELADEIRA, ROUPEIRO", "GELADEIRA/ PIA/ BALCAO", "GELADEIRA/CADEIRINHA /LIQUIFICADOR", "GELADEIRA9/*//*36*-36*/*6*/*", "GELADERIA", "GEladeira .", "GRIL E PANELA DE PRESAO", "GUAR D ROUPA", "GUARA ROUPA", "GUARADA ROUPA", "GUARDA LOUCA", "GUARDA ROUPA", "GUARDA ROUPA  CUBA", "GUARDA ROUPA + FOGAO", "GUARDA ROUPA + MESA", "GUARDA ROUPA + MULTIUSO", "GUARDA ROUPA - GELADEIRA - CONJ BOX", "GUARDA ROUPA / FOGAO", "GUARDA ROUPA / comoda /mesa comp", "GUARDA ROUPA 3 PORTAS 2 GAVETAS", "GUARDA ROUPA 4P 2G COM ESPELHO", "GUARDA ROUPA BRIZB73", "GUARDA ROUPA E AEREO", "GUARDA ROUPA E BASE DE BOX", "GUARDA ROUPA E BATEDEIRA", "GUARDA ROUPA E BELICHE", "GUARDA ROUPA E BOX", "GUARDA ROUPA E BOX CASAL", "GUARDA ROUPA E CABECEIRA", "GUARDA ROUPA E CAMA", "GUARDA ROUPA E CAMA BOX", "GUARDA ROUPA E COMODA", "GUARDA ROUPA E COZINHA", "GUARDA ROUPA E CRIADO", "GUARDA ROUPA E HOME", "GUARDA ROUPA E LAVADORA", "GUARDA ROUPA E MESA", "GUARDA ROUPA E MESA DE COMPUTADOR", "GUARDA ROUPA E MICROONDAS", "GUARDA ROUPA E MULTIUSO", "GUARDA ROUPA E TV", "GUARDA ROUPA E VENTILADOR", "GUARDA ROUPA PIA E CUBA", "GUARDA ROUPA e BERCO", "GUARDA ROUPA, CAMA", "GUARDA ROUPA, COLCHAO E PENTEADEIRA", "GUARDA ROUPA, KIT COZINHA", "GUARDA ROUPA, KIT COZINHA E ARMARIO", "GUARDA ROUPA,COZINHA", "GUARDA ROUPA/ HACK/ PAINEL", "GUARDA ROUPA/VENTILADOR", "GUARDA ROUPAS", "GUARDA ROUPAS, COMODA, MULTIUSO E APARADOR", "GUARDA ROUPAS/COZINHA/ASPIRADOR DE PO", "GUARDA ROUPAS/MICRO ONDAS", "GUARDA SOL/ VENTILADOR", "GUARDA-ROUPA 06P 3GAV", "GUARDA-ROUPA E TANQUINHO", "GUARDA-ROUPAS", "GUARDAN ROUPA", "GURADA ROUPA", "GURADA ROUPA E PIA", "GURADA ROUPAS", "Geladeira", "Guarda roupa", "HOME E ROCADEIRA", "INOX", "IPHINE 12", "IPHOEN 12", "IPHONE", "IPHONE 11", "IPHONE 11 128GB", "IPHONE 11 64 GB", "IPHONE 11 64GB", "IPHONE 11 64GB BRANCO", "IPHONE 11 PRO", "IPHONE 11 PRO 64GB", "IPHONE 11 PRO MAX", "IPHONE 11 PRO MAX 64GB SEMI-NOVO", "IPHONE 11 SEMI NOVO 64GB", "IPHONE 11 SEMINOVO 128GB", "IPHONE 11 pro", "IPHONE 12", "IPHONE 12  128GB", "IPHONE 12 - 64GB - PRETO", "IPHONE 12 128 GB", "IPHONE 12 128GB", "IPHONE 12 PRO", "IPHONE 13", "IPHONE 13 PRO 256GB", "IPHONE 13 PRO MAX", "IPHONE 14", "IPHONE 14 256GB", "IPHONE 15", "IPHONE 8 PLUS", "IPHONE XR", "IPHONE XR 64GB", "IPHONE XS", "IT COZINHA", "JAVADORA", "JOATO DE PLASMA, LIPO DE PAPADA, BIOESTIMULADOR, F", "JODE DE MESA", "JODO DE PANELA", "JOFO COZINHA", "JOGA DE COZINHA", "JOGAO", "JOGO ARMARIO + SOFA", "JOGO COZINHA", "JOGO COZINHA E COOKTOP", "JOGO DE COZINHA", "JOGO DE COZINHA + FOGAO", "JOGO DE COZINHA E BASE BOX CASAL", "JOGO DE COZINHA E CUBA", "JOGO DE COZINHA E MESA", "JOGO DE JANTAR E JOGO DE PANELA", "JOGO DE JANTAR/ CONJUNTO BOX", "JOGO DE MESA", "JOGO DE MESA + air fryer", "JOGO DE MESA , COZINHA", "JOGO DE MESA E CADEIRA", "JOGO DE PANELA", "JOGO DE PANELA , MESA", "JOGO DE PANELA+TANQUINHO", "JOGO DE PANELA/ VENTILADOR", "JOGO DE PANELAS", "JOGO DE PANELAS, VARAL", "JOGO DE PIA", "JOGO DE SALA", "JOGO DE SOFA", "JOGO DECOZINHA", "JOGO PANELA", "JOGO PANELA 6 PECAS", "JOGO PANELAS", "Jogo de sofa e pendeadeira", "KIT CADEIRAS", "KIT COSINHA + FOGAO E BALCAO", "KIT COZINHA", "KIT COZINHA + COOKTOP", "KIT COZINHA + CRISTALEIRA", "KIT COZINHA E FOGAO E SOFA", "KIT COZINHA E G. ROUPA", "KIT COZINHA E MESA", "KIT COZINHA ROSE", "KIT COZINHA SOFA  E  CONJ BOX", "KIT COZINHA+ COZINHA", "KIT COZINHA+TAMPO+CHURRASQUEIRA", "KIT COZINHA, LAVADORA E PNEU.", "KIT DE COZINHA", "KIT DE COZINHA E BOX", "KIT DE XOZINHA E COMODA", "KIT ESCOVA CHAPINHA E SECADOR", "KIT RECEPTOR", "KIT RELACAO", "KIT RELACAO  E ROLAMENTO RODA MOTO", "KIT RELACAO , CAPA BANCO , FAROL", "KIT RELACAO , DISCO FREIO", "KIT RELACAO , ESTICADOR CORRENTE", "KIT RELACAO , OLEO E FREIO TORNADO", "KIT RELACAO BROS", "KIT RELACAO BROS 160 , CAPA TERMICA", "KIT RELACAO BROS E RETROVISOR", "KIT RELACAO CB 300", "KIT RELACAO E CAIXA DIRECAO BROS 160", "KIT RELACAO E ESTRIBO MOTO", "KIT RELACAO E PASTILHA FREIO", "KIT RELACAO E PNEU", "KIT RELACAO E PNEU DIANT", "KIT RELACAO E PNEU REMOLD MOTO", "KIT RELACAO E PNEU TRASEIRO", "KIT RELACAO MOTO", "KIT RELACAO MOTO BROS", "KIT RELACAO MOTO E RETROVISOR", "KIT RELACAO e PNEU DIANT", "KIT RELACAO, CAPACETE", "KIT RELACAO, PNEU MOTO", "KIT SECADOR E CHAPINHA", "KITS COZINHA", "KT ARMARIO", "Kit cozinha", "LAAVDORA", "LABIAL E BOTOZ", "LACADORA", "LAVADEIRA", "LAVADOAR E CENTRIFUGA", "LAVADODORA 8,5 KG", "LAVADORA", "LAVADORA  14 KG", "LAVADORA  20 KG MUELLER", "LAVADORA + CENTRIFUGA", "LAVADORA , ARMARIO", "LAVADORA , FOGAO E CELULAR", "LAVADORA 10 KG WANKE", "LAVADORA 10KG", "LAVADORA 12", "LAVADORA 12 KG", "LAVADORA 12 KG PECA MOSTRUARIO", "LAVADORA 127", "LAVADORA 12KG", "LAVADORA 12KG 127V", "LAVADORA 12KG 220V", "LAVADORA 12KG CONSUL", "LAVADORA 12LG", "LAVADORA 14", "LAVADORA 14 KG", "LAVADORA 14 kg", "LAVADORA 14KG", "LAVADORA 15 KG", "LAVADORA 15KG", "LAVADORA 15KG CONSUL", "LAVADORA 17 KG", "LAVADORA 17 KG ELECTROLUX", "LAVADORA 17 KG ELECTROLUX PECA DA AMOSTRA", "LAVADORA 17KG", "LAVADORA 17KG + BALCAO", "LAVADORA 17KG ELECTROLUX PECA MOSTRUARIO", "LAVADORA 17KG PECA MOSTRUARIOO", "LAVADORA 18KG", "LAVADORA 20 KLS", "LAVADORA 20KG MUELLER", "LAVADORA 20KL", "LAVADORA DE 14KG", "LAVADORA DE MADEIRA E CENTRIFUGA", "LAVADORA DE PRESSAO E CENTRIFUGA", "LAVADORA DE ROUPA", "LAVADORA DE ROUPAS", "LAVADORA DE ROUPAS 17 KG", "LAVADORA DE ROUPAS+ fogao", "LAVADORA E ASPIRADOR DE PO", "LAVADORA E CAMA", "LAVADORA E CAMA BO", "LAVADORA E CELULAR", "LAVADORA E CENTRIFUGA", "LAVADORA E COZINHA", "LAVADORA E FOGAO", "LAVADORA E FORNO", "LAVADORA E FRITADEIRA", "LAVADORA E LIQUIDIFICADOR", "LAVADORA E MESA", "LAVADORA E MICROONDAS", "LAVADORA E MULTIUSO", "LAVADORA E PANELA", "LAVADORA E ROUPEIRO", "LAVADORA E SECADOR", "LAVADORA E TANQUINHO", "LAVADORA E VARAL", "LAVADORA E VENTILADOR", "LAVADORA LED 14", "LAVADORA LED 17", "LAVADORA LED14", "LAVADORA OFERTA", "LAVADORA OFERTA 120DIAS", "LAVADORA ROUPA", "LAVADORA ROUPAS", "LAVADORA TANQUINHO/CENTRIFUGA", "LAVADORA VAP", "LAVADORA WAP", "LAVADORA e cozinha", "LAVADORA+ CENTRI", "LAVADORA+ PANELA", "LAVADORA+CENTRIFUGA", "LAVADORA+CENTRIFUGA BLACK", "LAVADORA+MICROONDAS", "LAVADORA+MULTIUSO", "LAVADORA+ROUPEIRO", "LAVADORA, CENTRIFUGA", "LAVADORA, CENTRIFUGA E FRITADEIRA", "LAVADORA, COLCHAO, CAMAS", "LAVADORA, FOGAO E SANDUICHEIRA", "LAVADORA, TV", "LAVADORA,CENTRIFUGA,FORNO ELETRICO", "LAVADORA,FORNO", "LAVADORA,LIQUIDIFICADOR", "LAVADORA/MULTIUSO", "LAVADORA\\", "LAVADOURA", "LAVADOURA 14 KG", "LAVADOURA 17KG", "LAVADOURA 20 KG", "LAVADOURA E TV", "LAVARORA", "LAVODORA", "LAZER", "LIMPEZA DE PELE E PEELING", "LIMPEZA DE PELE, PEELING E MICROAGULHAMENTO", "LIPO DE PAPADA E BOTOX", "LIPO DE PAPADA, PREENCHIMENTO E BOTOX", "LIPO ENZIM\u00c1TICA, BIOESTIMULADOR", "LIQ , SANDUICHEIRA", "LIQ+BATEDEIRA", "LIQUIDICADOR E FORNO", "LIQUIDIFCADOR", "LIQUIDIFICADOR", "LIQUIDIFICADOR  E PANELA DE PRESSAO", "LIQUIDIFICADOR + BATEDEIRA + TANQUINHO", "LIQUIDIFICADOR + FRITADEIRA", "LIQUIDIFICADOR ARNO", "LIQUIDIFICADOR E AIR FRYER", "LIQUIDIFICADOR E AIRFRYER", "LIQUIDIFICADOR E BATEDEIRA", "LIQUIDIFICADOR E BICICLETA", "LIQUIDIFICADOR E CADEIRA", "LIQUIDIFICADOR E CENTRIFUGA", "LIQUIDIFICADOR E CHALEIRA", "LIQUIDIFICADOR E JOGO DE JANTAR", "LIQUIDIFICADOR E PISCINAS", "LIQUIDIFICADOR E PRANCHA", "LIQUIDIFICADOR E SANDUICHEIRA", "LIQUIDIFICADOR E SECADOR", "LIQUIDIFICADOR E VENTILADOR CADENCE", "LIQUIDIFICADOR OFERTA", "LIQUIDIFICADOR OSTER", "LIQUIDIFICADOR PHILCO", "LIQUIDIFICADOR+ESPREMEDOR+SANDUICHEIRA", "LIQUIDIFICADOR+SECADOR", "LIQUIDIFICADOR, BANQUETA, PANELA", "LIQUIDIFICADOR, CAIXA DE SOM", "LIQUIDIFICADOR, SANDUICHEIRA ETC", "LIQUIDIFICADOR,PANELA DE PRESSAO ELETRICA", "LIQUIDIFICADOR/VENTILADOR", "LIQUIDIFICDOR", "LIQUIDIFICOR", "LIQUIDIIFCADOR", "LIQUIFICADOR", "LIQUITIFICADOR E PANELA DE PRESSAO", "LIT COZINHA", "LIUQUIDIFICADOR E BATEDEIRA", "LOQUIFIFICADOR", "LVADORA+FORNI", "Laser", "Laser e faciais", "Lavadora", "Lavadoura", "Limpeza de pele, skinbooster e peeling", "Liquidificador/ CAIXA TERMICA", "MADEIRA E FIBRA", "MAQ DE LAVAR", "MAQUINA", "MAQUINA 11KG", "MAQUINA 17 KG", "MAQUINA 18 kg", "MAQUINA 18KG", "MAQUINA CONSUL E FOGAO", "MAQUINA COSTURA E CELULAR", "MAQUINA D ELAVAR", "MAQUINA D LAVA", "MAQUINA DE LAVA", "MAQUINA DE LAVA 12K", "MAQUINA DE LAVA ROUPA", "MAQUINA DE LAVAAR", "MAQUINA DE LAVAR", "MAQUINA DE LAVAR  17 KG", "MAQUINA DE LAVAR 11KG ELETRULUX", "MAQUINA DE LAVAR E COMODA", "MAQUINA DE LAVAR E ROUPEIRO", "MAQUINA DE LAVAR E SOFA", "MAQUINA DE LAVAR ROPEIRO", "MAQUINA DE LAVAR ROUPA", "MAQUINA DE LAVAR ROUPAS", "MAQUINA DE LAVAR ferro", "MAQUINA DE LAVAR+GUARDA ROUPA", "MAQUINA DE LAVAR/ SECADORA", "MAQUINA DE LAVAR/CENTRIFUGA", "MAQUINA DE VIDRO", "MAQUINA DE VIDRO , BORR PORTA PALIO", "MAQUINA E BICICLETA", "MAQUINA E FOGAO", "MAQUINA LAVA E SECA", "MAQUINA LAVADORA", "MAQUINA LAVADORA E CENTRIFUGA", "MAQUINA LAVAR", "MAQUINA MADEIRA +  CENTRIFUGA", "MAQUINA, BASE, ARMARIO", "MAQUINA/CENTRIFUGA", "MAQUINA20KL M", "MAQUINARIO", "MAQUITA", "MARTERIA DE CONSTRUCAO", "MASTERIAL DE CONSTRUCAO\u00b4", "MATERAIL DE CONSTRUCAO", "MATEREIAS DE CONSTRUCAO", "MATERIAIS", "MATERIAIS CONSTRUCAO", "MATERIAIS DE CONNSTRUCAO", "MATERIAIS DE CONSTRCAO", "MATERIAIS DE CONSTRUCA", "MATERIAIS DE CONSTRUCAO", "MATERIAIS DE CONSTRUCAO TELHAS", "MATERIAIS DE CONSTRUCASO", "MATERIAIS DE CONSTRUCOES", "MATERIAIS DE CONSTUCAO", "MATERIAIS DE CONTRUCAO", "MATERIAIS DE COSNSTRUCAO", "MATERIAIS PARA CONSTRUCAO", "MATERIAL", "MATERIAL BRUTO", "MATERIAL CONSTRUCAO", "MATERIAL DE CINSTRUCOA", "MATERIAL DE CIONSTRUCAO", "MATERIAL DE CONSTRACAO", "MATERIAL DE CONSTRAO", "MATERIAL DE CONSTRCUAO", "MATERIAL DE CONSTRUCAO", "MATERIAL DE CONTRUCAO", "MATERIAL DE COSTRUCAO", "MATERIAL DE OCNSTRUCAO", "MATERIAL ESCOLAR E CELULAR", "MATERIAL PARA CONSTRUCAO", "MATERIAL PARA COSNTRUCAO", "MATERIALDE CONSTRUCAO", "MATERIAS DE CONSTRTUCAO", "MATERIAS DE CONSTRUCAO", "MATERIAS PARA CONSTRUCAO", "MATERIL DE CONSTRUCAO", "MATERILA DE CONSTRUCAO", "MATRIAIS DE CONSTRUCAO", "MAtERIAL DE CONTRUCAO", "MEA + ASPIRADOR", "MERSA", "MESA", "MESA  6 CADEIRAS", "MESA + 4 CADEIRAS", "MESA + CADEIRA", "MESA + GUARDA ROUPA", "MESA + PAINEL", "MESA ,ROUPEIRO", "MESA /FOGAO", "MESA /MAQUINA E BALCAO", "MESA 04 CADEIRAS", "MESA 1,20", "MESA 4 CADEIRA", "MESA 4 CADEIRA e VENTILADOR", "MESA 4 CADEIRAS", "MESA 4C", "MESA 6 CADEIRAS", "MESA ARMARIO E GELADEIRA", "MESA C 06 CADEIRAS", "MESA C/ 6 CAD", "MESA C/ CADEIRAS, POLTRONA", "MESA CADEIRAS FORNO E LIQUIDIFICADOR", "MESA COM 100 DE ENT", "MESA COM 4 CAD", "MESA COM 4 CADEIRAS", "MESA COM 4 CADEIRAS,PISCINA", "MESA COM 4CADEIRAS", "MESA COM 6 CADEIRAS", "MESA COM 6 CADERIA", "MESA COM 8 CADEIRAS", "MESA COM CADEIRAS/ FOGAO", "MESA DE COMPUTADOR,CADEIRA", "MESA E  COMODA", "MESA E 6 CADEIRAS", "MESA E ARMACAO", "MESA E ASPIRADOR", "MESA E BALCAO", "MESA E CADEIRA", "MESA E CADEIRA DE PLASTICO", "MESA E CADEIRA PLASTICA", "MESA E CADEIRAS", "MESA E CAMA", "MESA E CELULAR", "MESA E COLCHAO", "MESA E COZINHA", "MESA E CUBA", "MESA E FOGAO", "MESA E GUARDA ROUPA", "MESA E KIT DE COZINHA", "MESA E PAINEL", "MESA E ROUPEIRO", "MESA E SAPATEIRA", "MESA E SECADORA", "MESA E TORRE DE COZINHA", "MESA E UM COZINHA COMPLETA", "MESA PARAFUSADEIRA", "MESA+ TV", "MESA+CADEIRA", "MESA+CADEIRAS", "MESA+CAMA", "MESA+COZINA+FOGAO+COOKTOP", "MESA, BALCAO E PEDRA PIA, GUARDA ROUPA", "MESA, BUFE E UM SOM", "MESA, CADEIRA, CHALEIRA ELETRICA", "MESA, CAIXA DE SOM", "MESA, COMODA E ARMARIO DE COZINHA", "MESA, KIT DE COZINHA , ROUPEIRO", "MESA,CONJUNTO DE ESTOFADO", "MESA,COZINHA,FOGAO", "MESA/ BALCAO", "MESA/ CADEIRAS", "MESA/ ESTOFADO", "MESA/ARMARIO", "MESA/ARMARIO DE COZINHA", "MICOONDAS", "MICRIOMDAS", "MICRO", "MICRO ONDAS", "MICRO ONDAS 20 litros", "MICRO ONDAS 44 LITROS", "MICRO ONDAS E FORNO ELETRICO", "MICRO+CELULAR", "MICRO/PEELING/LIMPEZA", "MICROAG / PEELING", "MICROAGULHAMENTO", "MICROAGULHAMENTO + PEELING + PREENCHIMENTO", "MICROAGULHAMENTO , PEELING, CARBOX , ENZIMA", "MICROAGULHAMENTO+ PEELING", "MICROONDAS", "MICROONDAS + BALCAO", "MICROONDAS + FORNO", "MICROONDAS +VENTILADOR", "MICROONDAS - BALCAO", "MICROONDAS 27", "MICROONDAS 27 LITROS", "MICROONDAS 31", "MICROONDAS 34LTS 127V", "MICROONDAS E ARMARIO", "MICROONDAS E CELULAR", "MICROONDAS E CENTRIFUGA", "MICROONDAS E FORNO", "MICROONDAS E VENTILADOR", "MICROONDAS TV E PAINEL", "MICROONDAS+LAVADORA+BALCAO", "MICROONDAS, FORNO ELETRICO", "MICROONDAS, TV, APARADOR DE GRAMA", "MICROONDAS, armario de pia", "MICROONDAS, batedeira", "MMOVEIS", "MODULADO CAMA BOX COLCHAO E CABECEIRA", "MOTO E 13", "MOTO E 22", "MOTO E 40", "MOTO E20", "MOTO E22", "MOTO E7 plus", "MOTO G14", "MOTO G22", "MOTO G23", "MOTO G32", "MOTO G41 PECA DA VITRINE", "MOTO G53", "MOTO G53 PECA DE MOSTRUARIO", "MOTO SERRA", "MOTOR COMPLETO E KIT RELACAO MOTO", "MOTOR COMPLETO, PNEU , SUPENSAO DIANT E TRAS MOTO", "MOTOROLA E 13", "MOTOROLA E20", "MOTOROLA E22", "MOTOROLA G22", "MOTOROLA G22 NOVO 128GB MEMORIA", "MOTOROLA G23", "MOTOROLA G53", "MOTOROLA G53 128 GB", "MOTOROLA G53 128GB", "MOTOROLA G73", "MOTOROLA MOTO G 52", "MOTOSERRA", "MOTOSERRA E ROCADEIRA", "MOTOSERRA E ROCADEIRA VULCAN", "MOTOSERRA STHILL E CAPACETE", "MOTOSSERA", "MOTOSSERRA", "MOTOSSERRA 260", "MOTPSERRA E CELULAR", "MOVEIS", "MOVEIS E CELULAR", "MOVEIS E ELETRO", "MOVIS", "MULTIUSO +VENTILADOR", "MULTIUSO E BALCAO", "MULTIUSO E PANELA", "MULTIUSO+FOGAO", "MULTIUSO+MESA+FRUTEIRA", "MULTIUSO, BELICHE", "MULTIUSO, GUARDA ROUPA, CAM E COLCHAO", "MULTIUSO, SANDUICHEIRA", "MULTIUSO/CONJUNTO BOX CASAL", "Material de construcao", "Mesa + Liquidificador", "Mesa 4 cadeiras", "Mesa 4 lugares", "Mesa e kit banheiro", "Microagulhamento", "Microagulhamento + peeling", "Microondas", "Moveis", "NOT BOOK", "NOTBOOCK", "NOTBOOK", "NOTE BOOK", "NOTEBOOCK", "NOTEBOOK", "NOTEBOOK + ROCADEIRA", "NOTEBOOK E IMPRESSORA", "NOTEBOOK+cozinha", "OCULOS", "ODONTOLOGICO", "OLHEIRA E BOTOX", "OZINHA E GUARDA ROUPA", "PACOTE BIOESTIMULADOR", "PACOTE MICROAGULHAMENTO", "PAINEL", "PAINEL  E RELACAO", "PAINEL + TANQUINHO", "PAINEL + TV + BALCAO", "PAINEL ,COMODA ,LIQUIDIFICADOR", "PAINEL E BALCAO", "PAINEL E CENTRIFUGA", "PAINEL E COMODA", "PAINEL E FAROL MOTO", "PAINEL E MESA", "PAINEL E RACK", "PAINEL E RACK  BALCAO", "PAINEL E SOFA", "PAINEL E SUPORTE", "PAINEL E SUPORTE PARA TV", "PAINEL E SUPORTE TV", "PAINEL E TV", "PAINEL RACK E GUARDA ROUPA", "PAINEL TV", "PAINEL+SOFA", "PAINEL, BALCAO", "PANELA", "PANELA + FRITADEIRA", "PANELA ,ROCADEIRA E FURADEIRA", "PANELA BATEDERIA E FERRO", "PANELA DE ARROZ", "PANELA DE ARROZ E CADEIRAS DE AREA", "PANELA DE ARROZ ELETRICA,PANELA DE PRESSAO ELETRIC", "PANELA DE PRECAO", "PANELA DE PRESSAO", "PANELA E CHALEIRA ELETRICA", "PANELA E FRITADEIRA", "PANELA E LIQUIDIFICADOR", "PANELA E SANDUICHEIRA", "PANELA LIQUIDIFICADOR", "PANELA PRESSAO", "PANELA+AIR", "PANELAO PRESSAO", "PANELAS", "PANELAS ,RADIO.FRITADEIRA ELETRICA", "PARAFUSADEIRA", "PARAFUSADEIRA BOSCH", "PARAFUSADEIRA DWT", "PARAFUSADEIRA e ventilador", "PARAFUSADEIRA/APARADOR DE PELOS", "PARAFUZADEIRA", "PASSADEIRA", "PECAS", "PECAS E SERVICO", "PECAS E SERVICO MOTO", "PECAS E SERVICO MOTOSERRA", "PECAS E SERVICO MOTOSSERRA", "PECAS MOTO E PNEU", "PECAS MOTO E ROCADEIRA", "PEDALEIRA , PNEU E CAMARA AR", "PEDALEIRA E PISCA", "PEDRA DE PIA + CAPA P/ MAQUINA DE LAVAR", "PEELING", "PEELING + MICROAGULHAMENTO", "PEELING, CARBOX", "PEELLING E MICROAGULHAMENTO", "PEENCHIMENTO", "PEIM + BOTOX 3 REGI\u00d5ES", "PELING, CARBOX", "PENEU", "PENTEADEIRA", "PENTEADEIRA + ROUPEIRO", "PENTEADEIRA DUDA", "PENTEADEIRA E PANELA DE PRESSAO", "PERFECT GLUTEO", "PERFECT GLUTEO E BIOESTIMULADOR", "PERFECT GLUTEO E PREENCHIMENTO", "PERFECT GLUTEO, BIOCRYSTAL, BOTOX", "PERFECT GLUTEOP", "PERFECT GLUTEOS", "PERFECT GL\u00daTEOS", "PERFERT GLUETEO", "PIA", "PIA + BALCAO", "PIA + FOGAO", "PIA / BALCAO", "PIA COMPLETA E FOGAO", "PIA E BALCAO", "PIA E CUBA", "PIA E FOGAO", "PIA E TAMPO", "PIA E TV", "PIA+ BALCAO", "PIA, ARMARIO, G. ROUPA E COMODA", "PIA, FOGAO, COLCHAO", "PIA, TANQUINHO, CENTRIFUGA", "PIA,BALCAO,ROUPEIRO", "PIA-BALCAO", "PIJAMA E PANELA", "PISCINA", "PISCINA + VENTILADOR", "PISCINA 1000 LITROS", "PISCINA 2.490LTS", "PISCINA 2.700 LITROS", "PISCINA 25000L", "PISCINA 5000", "PISCINA DE 1000 LITROS", "PISCINA E BARBEADOR", "PISCINA E CADEIRA", "PISCINA E CADEIRA DE PRAIA", "PISCINA E CLIMATIZADOR", "PISCINA E UMIDIFICADOR", "PISCINA E VENTILADOR", "PISCINA+AIR", "PISCINA+SANDUICHEIRA+CELULAR", "PISCINA, LAVADORA E CENTRIFUGA", "PISCINA,ASPIRADOR,LIQUIDIFICADOR,SECADOR DE CABELO", "PISCINA,FORNO E CAFETEIRA", "PLANO PRATA - BOTOX", "PNEU", "PNEU + FOGAO", "PNEU , BENGALA , CAIXA DIRECAO MOTO", "PNEU 14", "PNEU E CAIXA DIRECAO", "PNEU E CAMARA AR", "PNEU E CAMARA AR BIZ", "PNEU E CAMARA AR BIZ 100", "PNEU E CAMARA AR BIZ 125", "PNEU E CAMARA AR BROS", "PNEU E CAMARA AR MOTO", "PNEU E CAMARA AR MOTO E CAPA BANCO", "PNEU E CAPA CHUVA", "PNEU E EMBUCHAMENTO MOTO", "PNEU E ROCADEIRA", "PNEU E SECADOR DE CABELO", "PNEU TORNADO E CAMARA AR , CAPACETE", "PNEU TRASEIRO BROS E KIT RELACAO", "PNEU+PANELA", "PNEU,CENTRIFUGA", "PNEU,JOGO DE PANELA", "PNEUS", "PNEUS\u00b4", "POLTRONA", "POLTRONA ,MESA DE CENTRO", "POLTRONA E PAINEL DE TV", "POLTRONA E SECADOR", "POLTRONA E SOFA", "PORCEDIMENTOS ESTETICOS", "PRACHA E CACHEADOR", "PRANCHA", "PRANCHA E ESCOVA AGRATTO", "PRANCHA P/ CABELO", "PREECHIMENTO LABIAL", "PREENCHEDOR E BOTOX", "PREENCHEDOR LABIAL", "PREENCHIMENTO", "PREENCHIMENTO + BIOCRYSTAL", "PREENCHIMENTO + BOTOX", "PREENCHIMENTO + FIOS", "PREENCHIMENTO BIGODE , FIOS DE SUSTENTA\u00c7\u00c3O, PREENC", "PREENCHIMENTO E BIOESTIMULADOR", "PREENCHIMENTO E BOTOX", "PREENCHIMENTO E BOTOX 4 REGI\u00d5ES", "PREENCHIMENTO E FIOS", "PREENCHIMENTO E FIOS DE SUSTENTA\u00c7\u00c3O", "PREENCHIMENTO LABIAL", "PREENCHIMENTO LABIAL E MARIONETE", "PREENCHIMENTO LABIAL, BOTOX", "PREENCHIMENTO MALAR", "PREENCHIMENTO MALAR 2ML", "PREENCHIMENTO e BOTOX", "PREENCHIMENTO+BIOESTIMULADOR+BOTOX", "PREENCHIMENTO+BOTOX", "PREENCHIMENTO, BOTOX", "PREENCHIMENTO, BOTOX E FIOS", "PREENCHIMENTO, BOTOX, FIOS", "PREENCHIMENTO, BOTOX, PREENCHIMENTO", "PREENCHIMENTO, FIOS", "PREENCHIMENTO, FIOS E BOTOX", "PREENCHIMENTO, FIOS, BIOESTIMULADOR", "PREENCHIMENTO, SKINBOOSTER", "PREENCHIMENTO, botox", "PREENCHIMENTO, malar queixo malar", "PREENCHIMENTO/ FIOS COM GARRA/ JATO DE PLASMA", "PREENCHIMENTOE FIOS", "PREENCHIMENTOS", "PREENCHIMENTOS , BOTOX 3 REGIOES , LIPO DE PAPADA", "PREENCHIMENTOS E PEELINGS", "PREENCHIMNETO LABIAL", "PREENHCIMENTO LABIAL", "PRENCHIMENTO", "PRENCHIMENTO LABIAL E CLUBE DO BOTOX PRATA", "PRENCHIMENTO LABIAL/ OLHEIRA", "PRENCHIMENTOS LABIOS 1ML E BIGDE CHINES 1 ML", "PRENNCHINTOS", "PROCEDIEMENTO EST\u00c9TICO", "PROCEDIEMENTOS ESTETICOS", "PROCEDIEMNTOS ESTETICOS", "PROCEDIMENTO", "PROCEDIMENTO 4 A 24X", "PROCEDIMENTO DOS SONHOS", "PROCEDIMENTO ESTETICA", "PROCEDIMENTO ESTETICAj", "PROCEDIMENTO ESTETICO", "PROCEDIMENTO ESTETICO FACIAL", "PROCEDIMENTO ESTETICOS", "PROCEDIMENTO EST\u00c8TICO", "PROCEDIMENTO EST\u00c9TICO", "PROCEDIMENTO EST\u00c9TICO- BOTOX", "PROCEDIMENTO EST\u00c9TICO- SIMULA\u00c7\u00c3O", "PROCEDIMENTO ES\u00c9TICO", "PROCEDIMENTOS", "PROCEDIMENTOS  EST\u00c9TICOS", "PROCEDIMENTOS CLINICOS", "PROCEDIMENTOS ESTETICO", "PROCEDIMENTOS ESTETICOS", "PROCEDIMENTOS EST\u00c9TICOS", "PROCENDIMENTOS ESTETICOS", "PRODUTO ESTETICO", "PRODUTOS ESTETICOS", "PRODUTOS EST\u00c9TICOS", "PURIFICADOR, LIQUIDIFICADOR, ESPREMEDOR E PROCESSA", "Painel", "Panela de pressao", "Penteadeira e celular", "Perefect Gluteo", "Perfect Gluteo", "Perfect Gluteos", "Perfect Gl\u00fateo", "Pracha", "Prancha", "Preenchimento", "Preenchimento + botox 35 uni", "Preenchimento 1190,00", "Preenchimento Labial", "Preenchimento Labial e preenchimento Marionete", "Preenchimento de olheira e Botox", "Preenchimento e Botox", "Preenchimento e botox", "Preenchimento e botox light", "Preenchimento, Botox e Jet sikn", "Preenchimentos", "Prenchimento Malar / Biogluteo", "Procedimento", "Procedimento Estetico", "Procedimento Est\u00e9tico", "Procedimento estetico", "Procedimento est\u00e9tico", "Procedimento/BOTOX", "Procedimento/botox", "Procedimentos Esteticos", "Procedimentos Est\u00e9ticos", "Procedimentos esteticos", "Procedimentos est\u00e9ticos", "Proecedimento estetico", "QUARDA ROUPAS", "RACK", "RACK  E APARADOR", "RACK + PAINEL", "RACK E FORNO", "RACK E GUARDA ROUPA", "RACK E MESA", "RACK E PAINEL", "RACK E PAINEL E CABECEIRA", "RACK+CAMA", "RACK+FORNO OFERTA", "RACK+PAINEL", "RACK, BOX SOLTEIRO E GUARDA ROUPA", "RADIESSE E PREENCHIMENTO", "RADIIO", "RADIO", "RADIO E CAFETEIRA", "RADIO E LIQUIDIFICAR", "RADIO E SECADOR", "RECEPTOR", "RECEPTOR + ANTENA", "RECEPTOR E ANTENA", "RECPTOR E ANTENA", "REDI MI 12", "REDMI  12 PECA DE DESMOTRACAO", "REDMI 10 A", "REDMI 10A", "REDMI 10A 128GB", "REDMI 10C", "REDMI 10C GRAFITE", "REDMI 10C GRAPHITE", "REDMI 12", "REDMI 12 POLAR", "REDMI 128 GB E COLCHAO HELLEN 0,88", "REDMI 12C", "REDMI 12C  128GB", "REDMI 12C E  TV 43", "REDMI 13C", "REDMI 9A", "REDMI A 2", "REDMI A01", "REDMI A1", "REDMI A2", "REDRIGERADOR", "REFRIEGRADOR/LIQUIDIFICADOR E BATEDEIR", "REFRIGERADIR", "REFRIGERADO", "REFRIGERADOR", "REFRIGERADOR + FOGAO", "REFRIGERADOR + FRETE", "REFRIGERADOR +FOGAO", "REFRIGERADOR , BALCAO E PIA", "REFRIGERADOR 1 PORTA  DEGELO PRATICO", "REFRIGERADOR 310 LITROS", "REFRIGERADOR 340 LITROS CONSUL INOX", "REFRIGERADOR COM 1000 DE ENTRADA", "REFRIGERADOR COM 400 DE ENTRADA", "REFRIGERADOR COM 500 DE ENT", "REFRIGERADOR COM 900,00 DE ENTRADA", "REFRIGERADOR E AEREO", "REFRIGERADOR E LAVDORA", "REFRIGERADOR E MESA", "REFRIGERADOR ROC31", "REFRIGERADOR+CADEIRA", "REFRIGERADOR, FOGAO", "REFRIGERADOR, FOGAO, BALCAO", "REFRIGERADOR,FOGAO,SOFA,CUBA INOX,MESA,COZINHA", "REFRIGERADOr", "REFRIGERDOR", "REFRIGRADOR", "REGRIGEERADOR", "REGRIGERADOR", "RELACAO MOTO", "RERIGERADOR", "RIUPEIRO", "ROCADEIRA", "ROCADEIRA + FRETE", "ROCADEIRA + TV", "ROCADEIRA com 100,00 de entrada", "ROCADEIRA+CELULAR", "ROCADEIRA+PIA", "ROCADERA", "RODA MONTADA BROS E KIT RELACAO", "RODA MONTADA E BATERIA", "ROPEIRO", "ROPEIRO, cama box, cabeceira.", "ROSADEIRA", "ROSADEIRA E BARBEADOR", "ROUEPEIRO", "ROUEPIRO", "ROUP", "ROUP 6P 2G CAST   PENTEADEIRA CAMARIM", "ROUP 6P CASTANHO", "ROUP E ARMARIO DE COZ", "ROUP E COMODA", "ROUP+ COMODA + BASE", "ROUPA 6P 2G BS01-130 C/PE CASTANHO HP", "ROUPCEIRO", "ROUPEIORO", "ROUPEIRA", "ROUPEIRO", "ROUPEIRO  3 portas", "ROUPEIRO  E CONJUNTO BOX", "ROUPEIRO  e comoda", "ROUPEIRO + APARADOR", "ROUPEIRO + ARMARIO", "ROUPEIRO + BERCO + CONJ BOX + COLCHAO", "ROUPEIRO + BIBICLETA", "ROUPEIRO + BOX + MESA", "ROUPEIRO + BOX + SOFA", "ROUPEIRO + CAMA", "ROUPEIRO + CELULAR", "ROUPEIRO + CELULLAR", "ROUPEIRO + CLCHAO", "ROUPEIRO + COLCHAO", "ROUPEIRO + COLCHAO D28 CASAL", "ROUPEIRO + COMODA", "ROUPEIRO + FRETE", "ROUPEIRO + KIT COZINHA", "ROUPEIRO + LAVADORA", "ROUPEIRO + MESA", "ROUPEIRO + MICRO + FRETE", "ROUPEIRO + MULTIUSO", "ROUPEIRO + PAINEL + MULTIUSO", "ROUPEIRO + RACK", "ROUPEIRO + SECADOR + BABY LIS", "ROUPEIRO + TV", "ROUPEIRO , CABECEIRA", "ROUPEIRO , CONJ BOX", "ROUPEIRO , MESA , COZINHA ,BALCAO", "ROUPEIRO , PAINEL", "ROUPEIRO /CAMA/ CABECEIRA/LAVADORA / CAIXA DE SOM", "ROUPEIRO /PIA", "ROUPEIRO 02", "ROUPEIRO 06 PTS", "ROUPEIRO 2 P DESLIZANTES", "ROUPEIRO 4 PORTAS", "ROUPEIRO 4 PORTAS E 2 GAVETAS", "ROUPEIRO 4P E 2GAVETAS", "ROUPEIRO 6 P", "ROUPEIRO 6 PORTAS", "ROUPEIRO 6 PORTAS / TV 32 POLEGADAS", "ROUPEIRO 6 PORTAS E MULTIUSO", "ROUPEIRO 6P 2G", "ROUPEIRO 8 P 4GAV", "ROUPEIRO DE 6PTS COM 2GVS", "ROUPEIRO E AQUECEDOR", "ROUPEIRO E AR CONDICIONADO", "ROUPEIRO E ARMARIO DE COZINHA", "ROUPEIRO E BALCAO", "ROUPEIRO E BALCAO P/ FORNO", "ROUPEIRO E BAU", "ROUPEIRO E CABECEIRA", "ROUPEIRO E CAMA", "ROUPEIRO E CAMA BOX", "ROUPEIRO E CENTRIFUGA", "ROUPEIRO E COLCHAO", "ROUPEIRO E COMODA", "ROUPEIRO E CONJ,BOX", "ROUPEIRO E COZINHA", "ROUPEIRO E COZINHA COMPACTA", "ROUPEIRO E HOME", "ROUPEIRO E LAVADORA", "ROUPEIRO E MAQUINA", "ROUPEIRO E MESA", "ROUPEIRO E MICROONDAS", "ROUPEIRO E MODELADORA", "ROUPEIRO E MULTIUSO", "ROUPEIRO E PAINEL", "ROUPEIRO E PANELAS", "ROUPEIRO E POLTRONAS", "ROUPEIRO E SOFA", "ROUPEIRO E SOMMIER", "ROUPEIRO E UMA CHALEIRA ELETRICA", "ROUPEIRO E VENTILADOR", "ROUPEIRO EE CENTRIFUGA", "ROUPEIRO EM L", "ROUPEIRO PIA E COLCHA", "ROUPEIRO e MESA", "ROUPEIRO e cozinha", "ROUPEIRO e sofa", "ROUPEIRO+ COLCHAO", "ROUPEIRO+ COMODA", "ROUPEIRO+ FRITAD", "ROUPEIRO+ PIPOQUEIRA+ LIQUIDIFICADOR+ESTOFADO", "ROUPEIRO+BALCAO+CENTRIFUGA", "ROUPEIRO+BICICLETA", "ROUPEIRO+BOX", "ROUPEIRO+CABECEIRA", "ROUPEIRO+CAMA", "ROUPEIRO+CELULAR", "ROUPEIRO+COLCHAO", "ROUPEIRO+COMODA", "ROUPEIRO+COMODA+MICRO ONDAS", "ROUPEIRO+CORTADOR GRAMA", "ROUPEIRO+COZINHA", "ROUPEIRO+LAVADORA", "ROUPEIRO+MESA COMPUTADOR", "ROUPEIRO+MULTIUSO", "ROUPEIRO+TV+MESA COMPUTADOR", "ROUPEIRO, AIR FRYER", "ROUPEIRO, BALCAO", "ROUPEIRO, BALCAO, COZINHA, MESA", "ROUPEIRO, BERCO E COLCHAO", "ROUPEIRO, BOX CASAL E CABECEIRA", "ROUPEIRO, CABECEIRA", "ROUPEIRO, CAMA E ESCRIVANINHA", "ROUPEIRO, CAMA E VENTILADOR", "ROUPEIRO, COMODA E ELETRICOS", "ROUPEIRO, COMODA E SANDUICHEIRA", "ROUPEIRO, COMODA, GELADEIRA", "ROUPEIRO, CONJUNTO BOX E BALCAO", "ROUPEIRO, COOKTOP", "ROUPEIRO, PAINEL", "ROUPEIRO, PEDRA PIA", "ROUPEIRO, TRAVESEIRO, MESA DE CENTRO, CABECEIRA", "ROUPEIRO,COLHAO", "ROUPEIRO,SECADOR,ESCOVASECADORA,PRANCHA", "ROUPEIRO,VENTILADOR, PAINEL", "ROUPEIRO- PAINEL", "ROUPEIRO/ COLCHAO E PAINEL", "ROUPEIRO/ FOGAO E LIQUITIFICADOR", "ROUPEIRO/ MESA", "ROUPEIRO// MOTOCA", "ROUPEIRO/COMODA E CABECEIRA", "ROUPEIRO/FORNO", "ROUPEIROS", "ROUPEIROS 4PTS 2GVS", "ROUPEIRP", "ROUPEIRPO", "ROUPEIRTO 8PTS CASAL", "ROUPERO", "ROUPERO E PAINEL", "ROUPIRO", "Redmi 10A 128GB", "Redmi 10c", "Redmi 12", "Redmi 12 mostruario da loja", "Roupeiro", "Roupeiro 8 portas", "Roupeiro e cozinha", "Roupeiro+painel", "Roupeiro, balcao", "Roupeiro, multiuso", "SAMARTPHONE", "SAMRT TV 32", "SAMRTPHONE", "SAMSUMG A54", "SAMSUNG  A54 5G", "SAMSUNG A 03", "SAMSUNG A 14", "SAMSUNG A03", "SAMSUNG A03 64GB", "SAMSUNG A03 CORE", "SAMSUNG A04E", "SAMSUNG A04E 6GB", "SAMSUNG A13", "SAMSUNG A13 128GB", "SAMSUNG A13 128GB/samsung A03", "SAMSUNG A14", "SAMSUNG A14 128 GB", "SAMSUNG A14 5G", "SAMSUNG A14 5G 128 GIGAS", "SAMSUNG A22", "SAMSUNG A23", "SAMSUNG A33", "SAMSUNG A54", "SAMSUNG A54 256GB", "SAMSUNG S20 FE SEMINOVO", "SANDUCHEIRA E VENTILADOR", "SANDUICHEIRA", "SANDUICHEIRA E CAIXA DE SOM", "SANDUICHEIRA E CHALEIRA", "SANDUICHEIRA E CORTADOR DE CABELO", "SANDUICHEIRA E GARAFA DE CAFE", "SANDUICHEIRA E PANELA DE ARROZ", "SANDUICHEIRA E VARAL", "SANDUICHEIRA/AIRFRYER", "SANDUICHERA", "SAPATEIRA+ASPIRADOR DE PO", "SAPATEIRAS E BALCAO", "SECADO/FIRGIDEIRA", "SECADOER", "SECADOR", "SECADOR + ASPIRADOR", "SECADOR + GRILL", "SECADOR CABELO", "SECADOR DE CABELO", "SECADOR DE CABELO + PRANCHA", "SECADOR DE CABELO , BATEDEIRA", "SECADOR DE CABELOS", "SECADOR DE CABELOS TAIFF", "SECADOR E CHAPINHA", "SECADOR E ESCOVA", "SECADOR E FERRO DE PASSAR", "SECADOR E FRITADEIRA", "SECADOR E MICRO", "SECADOR E MICROONDAS", "SECADOR E PRANCHA", "SECADOR+APARADOR", "SECADOR+BATEDEIRA+PROCESSADOR", "SECADOR+CHALEIRA", "SECADOR+PANELA", "SECADOR,", "SECADOR-ESCOVA", "SECADORA", "SECADORA 10KG", "SECADORA COM 1000,00 REAIS DE ENTRADA", "SECADORA DE ROUPA", "SECADORA DE ROUPAS", "SECADORA E FRITADEIRA", "SECADORA OFERTA", "SECADORA/CADEIRINHA DE BB", "SERRA ELETRICA", "SISTEMA ELETRICO YBR E CAPACETE", "SMART FONE", "SMART TV", "SMART TV + ROUPEIRO", "SMART TV 24 POLEGADA", "SMART TV 32", "SMART TV 43 POLEGADA PHILCO", "SMART TV 50", "SMART TV LED 32", "SMARTFONE", "SMARTHONE", "SMARTPHONE", "SMARTPHONE 10A", "SMARTPHONE 32 GB", "SMARTPHONE 9A", "SMARTPHONE A14", "SMARTPHONE A23", "SMARTPHONE E22 MOTOROLA", "SMARTPHONE G22", "SMATPHONE", "SOFA", "SOFA  E GUARDA ROUPA", "SOFA  E UM HOME", "SOFA + COZINHA COMPACTA", "SOFA + ROUPEIRO", "SOFA +BALCAO DE PIA", "SOFA +PAINEL", "SOFA 2 LUGARES", "SOFA 2,30", "SOFA 2,30M", "SOFA 2,60X2,10 CANTO", "SOFA 2,90", "SOFA CARRARA E CONJ MESA 4 C MDF", "SOFA E  MESA ..OFERTA", "SOFA E BICAMA", "SOFA E CAMA", "SOFA E COLCHAO", "SOFA E COMODA", "SOFA E COZINHA", "SOFA E FOGAO", "SOFA E GELADEIRA COM 2,500 DE ENTRADA", "SOFA E GUARDA ROUPA", "SOFA E MESA", "SOFA E MOTO ELETRICA", "SOFA E PAINEL", "SOFA E PIA", "SOFA E POLTRONA", "SOFA E ROUPEIRO", "SOFA E TV", "SOFA SOB MEDIDA E MESA", "SOFA+FOGAO+BALCAO", "SOFA+PAINEL", "SOFA,", "SOFA, CAMA", "SOFA, CAMA, E FORNINHO", "SOFA, COLCHAO", "SOFA, MULTIUSO E BALCAO DE PIA", "SOFA, ROUPERO FOGAO E PAINEL", "SOFA, lavadora", "SOFA/ GUARDA ROUPAS", "SOFA/BELICHE E COLCHAO", "SOFA/CADEIRAS", "SOFA/GRILL", "SOFA/PAINEL", "SOFAE CARRINHO DE BEBE", "SOM", "SOM 300WS", "SOM+BATEDEIRA E LIQUIDIFICADOR", "SOM+FRITADEIRA+PANELA+MICROONDAS+2 VENTILADORES+CO", "SON E FORNO", "SOPRADOR", "SUPORTE - PAINEL", "Samsung A14", "Samsung A32 128gb", "Samsung A53", "Samsung A73", "Secador Cabelos, Ventilador, Comoda e Formas.", "Secadora", "Sofa", "Sofa e rack", "Som", "TABLET", "TABLET E GUARDA ROUPA", "TABLET E LAVADORA", "TABLET E VENTILADOR", "TABUA DE PASSAR E MICROONDAS", "TAMPO", "TAMPO DE COZINHA", "TAMPO E BALCAO", "TAMPO E PANELA", "TAMPO+JOGO DE PANELA", "TAMQUINHO", "TANQUINHA", "TANQUINHO", "TANQUINHO + CENTRIFUGA", "TANQUINHO + CENTRIFUGA E FOGAO", "TANQUINHO +PANELA +BATEDEIRA", "TANQUINHO ,CENTRIFUGA", "TANQUINHO ,MULTIUSO", "TANQUINHO / MICROONDAS", "TANQUINHO 10KG", "TANQUINHO 10KG + FRETE", "TANQUINHO 10KG WANKE", "TANQUINHO 20 KG WANKE", "TANQUINHO 20kg", "TANQUINHO 4 KG WANKE", "TANQUINHO 4 KILOS", "TANQUINHO 5KG", "TANQUINHO 6K", "TANQUINHO DE 12,5 KILOS", "TANQUINHO E BEBEDOURO", "TANQUINHO E BELICHE", "TANQUINHO E CENTRIFUGA", "TANQUINHO E CENTRIFUGA COM 200 DE ENT", "TANQUINHO E KIT BANHEIRO", "TANQUINHO E PAINEL", "TANQUINHO E UMA CENTRIFUGA", "TANQUINHO+CENTRIFUGA", "TANQUINHO, CENTRIFUGA", "TANQUINHO, TV 40, FOGAO", "TANQUINHO, VENTILADOR", "TANQUINHO,CENTRIFUGA", "TANQUINHO,COMPACTA", "TANQUINHO,MULLUR", "TANQUYIUNHO", "TAPETE/LIQUIDIFICADOR", "TAQNUINHO 4,5KG", "TAQUINHO", "TAQUINHO E CENTRIFUGA", "TELEVISAO", "TELEVISAO 32 P", "TELEVISAO E COOQUETOPE", "TELEVISAO, MAQUINA DE CORTAR CABELO E LIQUID", "TELEVISOR", "TELEVISOR 32 POLEGADAS", "TELEVISOR 43**", "TRATAMENTO", "TRATAMENTO ESTETICO", "TRATAMENTO EST\u00c9TICO", "TRATAMENTO P/MELASMA", "TRATAMENTOE", "TRAVESSEIROS / CABECEIRA", "TRELICHE E COLCHAO", "TROCA PISCA E PNEU", "TUPI MATERIAIS DE CONSTRUCAO", "TV + ANTENA", "TV + BALCAO", "TV + CAMA BOX + ROUPEIRO", "TV + CELULAR", "TV + COZINHA + MESA", "TV + MAQUINA", "TV + PAINEL", "TV + PAINEL + VENTILADOR", "TV + ROUPEIRO", "TV + SECADOR+prancha", "TV + ventilador /sanduicheira", "TV , COOKTOP", "TV - PAINEL", "TV / COZINHA", "TV / LAVADORA", "TV ANTENA", "TV COMODA", "TV E ANTENA", "TV E BALCAO", "TV E CADEIRINHA", "TV E CAMA", "TV E CAMA BOX", "TV E CELULAR", "TV E CENTRIFUGA", "TV E COLCHAO", "TV E COOKTOP", "TV E FOGAO", "TV E FORNO ELETRICO", "TV E GUARDA ROUPA", "TV E LAVADORA WAP", "TV E MESA", "TV E PAINEL", "TV E PISCINA", "TV E RACK", "TV E TANQUINHO", "TV E VENTILADOR", "TV ER ANTENA", "TV OFERTA", "TV OFERTA 15X", "TV ROUPEIRO", "TV chaleira", "TV+ AQUECEDOR", "TV+ BELICHE", "TV+ CELULAR", "TV+ANTENA", "TV+ARMARIO DE COZINHA", "TV+CELULAR", "TV+COMODA", "TV+MICRO", "TV+RACK", "TV+SOFA", "TV+TANQUINHO", "TV+balcao", "TV, LIQUI E BATEDEIRA", "TV, MESA", "TV, SOFA E COLCHAO", "TV, VENTILADOR E JOGO DE PANELAS", "TV,painel", "TV//GELADEIRA//CAMA BOX", "TV/CELULAR", "TV/COOKTOP", "TV/VENTILADOR", "Tablet", "Tanquinho", "Tanquinho 14kg", "Televisor", "Toxina Botul\u00ednica e Preenchimento Labial", "Tratamento", "Tratamento Est\u00e9tico", "Tv e armario", "Tv oferta", "UM ARMARIO 1,20 E UM FOGAO 4BC", "UM REFRIGERADOR DE 2PTS", "UM TANQUINHO", "UMA CAIXA DE SOM E UMA PRANCHA", "UMA GELADEIRA 260 LITROS", "UMIDIFICADOR", "VAP+CELULAR", "VARAL DE ROUPA", "VARAL DE ROUPAS", "VARAL E ROUPEIRO", "VELOCITA, PISCINA", "VENDA DE APARELHO", "VENILADOR", "VENTIALDOR", "VENTILADFOR", "VENTILADO", "VENTILADOE E BEBEDOURO", "VENTILADOR", "VENTILADOR + COLCHAO", "VENTILADOR +CHALEIRA", "VENTILADOR +cadeira praia", "VENTILADOR , LIQUIDIFICADOR", "VENTILADOR , PANELA DE PRESSAO", "VENTILADOR ,BICICLETA", "VENTILADOR 40 CM E FERRO DE PASSAR", "VENTILADOR 50CM VENTISOL", "VENTILADOR ARNO", "VENTILADOR E CAIXA DE SOM", "VENTILADOR E CAIXA TERMICA", "VENTILADOR E CELULAR", "VENTILADOR E CENTRIFUGA E CELULAR", "VENTILADOR E CHAPINHA", "VENTILADOR E COLCHAO", "VENTILADOR E DUAS CADEIRAS", "VENTILADOR E ESCOVA", "VENTILADOR E ESCOVA SECADORA", "VENTILADOR E GARRAFA", "VENTILADOR E LIQUIDIFICADOR", "VENTILADOR E PISCINA", "VENTILADOR E SAPATEIRA", "VENTILADOR E UM TAPETE", "VENTILADOR E UMA CAFETEIRA", "VENTILADOR E UMA LAVADORA ALTA PRESAO", "VENTILADOR e liquidificador", "VENTILADOR+ LIQUIDIFCADOR", "VENTILADOR, ESCOVA E CHAPINHA DE CABELO", "VENTILADOR, JARRA ELETRICA", "VENTILADOR, LIQUIDIFICADOR", "VENTILADOR, SOM E MICRONDAS", "VENTILADORES", "VENTILADPR", "VENTILADR", "VENTILAODR", "VENTILAOR", "VENTILSDOR", "VETILADOR", "VIOLAO", "Ventilador", "Ventilador arno", "WAP", "WAP E ASPIRADOR", "WAP E ASPIRADOR DE PO E AGUA", "WAP E LIQUIDIFICADOR", "WAP LAVADOURA", "WAP+ASPIRADOR", "WAP+SEC+SANDUICHEI", "WAP/ASPIRADOR", "XONJUNTO BOX", "aarelho celular", "air fraier", "air fry", "air fry e liquidificador", "air fryer", "air fryer e microondas", "anbtena", "antena", "antena + tv +mesa", "antena / receptor", "antena e fogao", "antena e receptor", "antena e recptor", "antena oi", "antena tv", "antena+esmerilhadeira", "antyena", "ap cel", "ap cel + chaleira eletrica", "ap cel + secadora piso", "aparador", "aparador + antena", "aparador de pelos", "aparador e bide", "aparelho celular", "aparellho celular", "aquecedor", "aquecedor e panela", "ar condicinado", "ar condicionado", "ar condicionado 9mil btus", "ar condicionado e piscina", "armario", "armario 0,70 cm aereo geladeira", "armario cozinha", "armario de cozinha", "armario de cozinha e banquetas", "armario de cozinha e beliche", "armario de cozinha kit", "armario, fogao e sofa", "armario,fogao", "aspirado", "aspirador", "aspirador + fritadeita + bike", "aspirador + wap", "aspirador de po", "aspirdor", "bICICLETA", "baike", "balca de pia", "balca+secador", "balcao", "balcao + cooktop", "balcao /cook top", "balcao 1,58 + tampo", "balcao de pia", "balcao de pia + pedra", "balcao de pia / tampo", "balcao de pia e cuba ixox", "balcao de pia e inox", "balcao de pia e liquidificador", "balcao de pia e pia", "balcao de pia e pia e ferro de passar", "balcao de pia+ pedra", "balcao e armario", "balcao e cook top", "balcao e cooktop", "balcao e inox", "balcao e multiuso", "balcao e pedra", "balcao e pia", "balcao e pia , fogao", "balcao e tampo", "balcao e tampo de marmore", "balcao e tanquinho", "balcao e ventilador", "balcao p pia", "balcao pia", "balcao pia + tampo + maquina", "balcao pia e cuba", "balcao+ pia", "balcao+batedeira", "balcao+celular", "balcao+cooktop", "balcao+tampo", "balcao, caixa de som e centriguga", "balcao, cozinha e painel", "balcao, fogao cooktop, liquidificador e fritadeira", "balcao, pia e liquidificador", "balcaos", "bancada e cadeiras", "barraca e celular", "base", "base / cadeira", "base bau/ roupeiro", "base box", "base box e lavadora", "base de box", "base e colchao", "base+colchao", "batedeira", "batedeira e liqui", "batedeira e liquidificador", "batedeira e mesinha", "batedeira e sanduicheira", "batedeira e uma alisadora de cabelo 6x1", "batedeira, caixa de som", "batedeira, ventilador", "batedeira/ liquidificador", "batedira", "bateria", "bateria + multiuso + frete", "bateria e centrifuga", "bateriaq", "batria", "bebedoruro", "bebedouro", "bebedouro e forno", "beliche", "beliche / 2 colchoes", "beliche,  colchao", "beliche, colchao, celular", "berco", "berco + colchao + bebe conforto", "berco e colchao", "berco e colchao Roupeiro", "berco e comoda", "berco/ roupeiro", "biccicleta", "bici + panlea", "bicicleta", "bicicleta com 200 de entrada", "bicicleta e cabeceira", "bicicleta e centrifuga", "bicicleta varal", "bicicleta+ piscina", "bicicletas", "biciclleta", "bicleta", "bike", "biocrystal e botox", "bioestimulador", "bioestimulador + skinbooster", "bioestimulador e botox", "bioestimulador e preenchiemnto", "bioestimulador, botox", "bioestimulador, preenchimento", "botox", "botox + fios", "botox + lipo de papada", "botox + microagulhamento + colageno", "botox + preenchimento", "botox + preenchimento + fios", "botox / preenchimento", "botox 3 regioes", "botox 3 regioes 1090,00", "botox 3 regi\u00f5es", "botox 4 regioes", "botox e bioestimulador", "botox e fios", "botox e lipo de papada", "botox e microagulhamento", "botox e preenchimento", "botox+ fios de sustenta\u00e7\u00e3o", "botox+preenchimento+fios filler", "botox, bioestimulador", "botox, bioestimulador, microagulhamento,fios", "botox, fio fillher e bioestimulador", "botox, fio parafuso e bigode chines", "botox, preenchimento", "botox/ preenchimento", "box", "box + cabeceira", "box casal", "box casal + cabeceira", "box e aspirador", "box e celular", "box e colchao", "box e geladeira", "box e mesa", "box e roupeiro", "box e tanquinho", "box e ventilador", "box+lavadora ofertas", "box, lavadora jogo de lencol e travesseiro", "cCELULAR", "cabeceira", "cabeceira + liquidificador", "cabeceira e base", "cabeceira e colchao casal", "cabeceira e conj box", "cabeceira e criado mudo", "cabeceira/sansuicheira", "cadeira", "cadeira de  praia e banqueta", "cadeira de are", "cadeira de area", "cadeira de praia", "cadeiras", "cadeiras + balcao pia", "cadeiras de area", "cadeirinha", "cafeteira", "cafeteira , caixa de som", "caixa amplificada", "caixa de som", "caixa de som amvox 1900", "caixa de som e escova modeladora", "caixa de som/ liquidificador", "caixa som", "cama", "cama + carrinho", "cama + colchao", "cama + roupeiro", "cama BOX", "cama box", "cama box + pia", "cama box , air fryer", "cama box , cabeceira, bau e buet", "cama box e cabeceira", "cama box e colchao", "cama box+cabeceira", "cama e armario", "cama e centrifuga", "cama e colchao", "cama e cozinha", "cama e guarda roupa", "cama e pia", "cama e roupeiro", "cama e roupero", "cama e sofa", "cama e tanquinho", "cama guarda roupa", "cama lavadora e roupeiro", "cama solteiro + balcao pia", "cama solteiro/ comoda", "cama+ cabeceira", "cama+base", "cama, cabeira", "cama/ sofa", "cama/colchao", "cama/comoda", "cama/guarda roupas", "cama/roupeiro", "caminhao e celular", "camka box", "caoxa de som", "capacete", "capacete e pneu moto", "carrinho bebe", "carrinho de bb", "carrinho de bebe", "carrinho de bebe e mesa c/ cadeiras", "carrinho e secador", "ccelular", "cel", "celadeira", "celindro", "cellar", "celu", "celualr", "celukar", "celul", "celula", "celular", "celular + forno", "celular + secador", "celular + tablet", "celular + utensilios domesticos", "celular A14", "celular COM 400,00 DE ENTRADA", "celular COM 550,00 DE ENTRADA", "celular COM 800,000 DE ENTRDA", "celular E TV", "celular a 2", "celular a14", "celular a14 5g", "celular a23 5g", "celular com 100 de entrada", "celular com 200,000 de entrda", "celular com 300 de entarda", "celular com 500 de ent", "celular com 500,00 de entrada", "celular e bebedouro", "celular e bicicleta", "celular e brinquedo", "celular e caixa de lenha", "celular e conj. box", "celular e estante", "celular e fogao", "celular e maquita", "celular e microondas", "celular e panela", "celular e radio", "celular e rocadeira", "celular e roupeiro", "celular e tanquinho", "celular e22", "celular e22 128gb", "celular oferta", "celular redmii 12", "celular xaomi", "celular+ roupeirp", "celular+ violao", "celular+ferro", "celular+fogao", "celular+lavadora", "celular+mesa", "celular+tv oferta", "celulares", "centifuga", "centifuga e piscina", "centrifuga", "centrifuga 6kg", "centrifuga e antena elsys", "centrifuga e caixa de som", "centrifuga e forno", "centrifuga e mesa", "centrifuga e tanquinho", "centrifuga+lavadora", "centrufuga", "ceular", "chaleira", "chaleira e panela", "chaleira eletrica", "chapinha", "chapinha,toalha de banho,toalha de rosto", "churrasqueira eletrica", "cilindro", "cinj box e mesa", "cj mesa 6 cad", "cj mesa e smartphone", "climatizador", "climatizador e ventilador", "cntrifuga", "coj mesa 6 cadeiras", "colcao + base", "colcao, ventilador", "colchao", "colchao + Base box", "colchao + aspirador", "colchao + bASE", "colchao + base", "colchao + cama", "colchao + guarda roupa", "colchao +ventilador", "colchao 158x", "colchao e LIQUIDIFICADOR", "colchao e base", "colchao e box cama", "colchao e cabeceira", "colchao e cama", "colchao e fogao", "colchao e rack com painel", "colchao e roupeiro", "colchao e tampo de pia", "colchao e ventilador", "colchao+armarinho", "colchao+tv", "colchao, cozinha e tampo", "comoda", "comoda + colchao", "comoda e mesa", "comoda e mesa de centro", "comoda e ventilador", "comoda/ventilador", "con box", "conj box", "conj box + balcao de pia", "conj box + conj de mesa", "conj box + frete", "conj box com 500,00 de entrada", "conj box com 700 de entrada", "conj box com 800 de entrada", "conj box e cabeceira", "conj box e roupeiro", "conj box+cabaceira", "conj de mesa", "conj mesa", "conj mesa com 6 cadeiras", "conj mesa e balcao", "conj mesa e fritadeira eletrica", "conj mesa e penteadeira", "conj mesa e roupeiro", "conj mesa e tv", "conj mesa/ fogao", "conj. box e colchao", "conj. box, roupeiro e secador", "conj.box", "conj.box+cabeceira", "conjunto box", "conjunto box e comoda", "conjunto box e moveis", "conjunto cama box", "conjunto de mesa", "conjunto de mesa/ aparador/ home", "conjunto mesa", "conjunto mesa / box casal", "conjunto mesa e cadeira", "conjunto mesa/ painel", "cook top", "cook top balcao e balcao de pia", "cooktop", "cooktop + balcao", "cooktop + fogao lenha + frete", "cooktop 4b", "cooktop e depurador", "cooktop,bicicleta e tanquinho", "coonj. box, cabeceira, comoda liquidificador", "cootop e multi uso", "cortador de cabelo", "cozinh", "cozinha", "cozinha + bici + conj box + cabeceira + inox", "cozinha + cuba + tampo", "cozinha + frete", "cozinha + roupeiro e mesa", "cozinha 3 pecas", "cozinha completa", "cozinha e FOGAO", "cozinha e fogao", "cozinha e guarda roupa", "cozinha e mesa + tv", "cozinha e pia", "cozinha e roupeiro", "cozinha e tampo", "cozinha e uma fritadeira", "cozinha+box", "cozinha,estante,ferro", "cozinha/bicicleta", "cx de som", "eMAGRECIEMNTO FLEX 11 SEMANAS", "emagrecimento", "emagrecimento 12 semanas", "emagrecimento 8 semanas", "emagrecimento flex de 12 semanas", "enzima", "enzimas", "escova", "escova e liquidificador", "escova e radio", "escova modeladora", "escova secadora", "escrevainha", "escrivaninha", "estof + refrigerador  + cooktop", "estofadi", "estofado", "estofado + depurador + forno", "estofado + lavadora + grill", "estofado + tv", "estofado e painel", "estofado e roupeiro", "estofado of +celular", "fero", "ferro", "ferro de passar", "ferro+ventilador", "filler e botox", "fios", "fios + preenchimento", "fios de sustenta\u00e7\u00e3o", "fios, botox e preenchedores", "foeno eletrico", "fofao", "fogao", "fogao  a lenha", "fogao + celular", "fogao + forno eletrico", "fogao + freezer", "fogao + mesa", "fogao +tv", "fogao 4 bcs", "fogao 4 bocas", "fogao 4B", "fogao 4b", "fogao 5 bocas", "fogao a gas e a lenha", "fogao a lenha", "fogao de mesa e cooktopo", "fogao e base cama", "fogao e celular", "fogao e chaleira", "fogao e colchao", "fogao e estofado", "fogao e forno", "fogao e lavadora", "fogao e liquidificador", "fogao e multiuso", "fogao e pia", "fogao e roupeiro", "fogao e sofa", "fogao gas", "fogao lenha", "fogao+ pia + geladeira", "fogao+antena+mesa centro", "fogao+chamine", "fogao+comoda", "fogao+ferro", "fogao+fritadeira eletrica", "fogao+pia", "fogao+regulador", "fogao+tv", "fogao, TANQUINHO", "fogao, caixa de som", "fogao, cozinha , balcao e pia", "fogao, geladeira, armario, balcao e pia", "fogao, microondas, fogao", "fogao, ventilador", "fogao,fritadeira", "fogao,guarda roupa,balcao,painel,box", "fogoa + chaleira", "formno + centrifuga", "forno", "forno + aspirador", "forno e celular", "forno e liquidificador", "forno eleletrico", "forno elet.", "forno eletrcio", "forno eletrico", "forno eletrico + 4 cadeiras + liqui", "forno eletrico -+panela", "forno+micro+tanquinho", "forno+microndas", "forno+secador", "forno, armario", "forno, liquidificador e mesa", "fpgao", "freezer", "freezer + roupeiro", "freezer+balcao", "freezzer", "frezzer", "fritadeira", "fritadeira e cilindro massa", "fritadeira e multiuso", "fritadeira e panela", "fritadeira eletgrica", "fritadeira eletrica", "fritadeira+umidificador", "frizer", "frreser", "furadeira", "furradeira", "g roupa", "g. roupas", "geladaeira", "geladeira", "geladeira e cozinha", "geladeira e tanquinho", "geladeira tv", "geladeira+maq lavar", "geladeria", "geldeira", "guarda roupa", "guarda roupa e poltrona", "guarda roupa, mesa, balcao pia", "guarda roupa,churrasqueira eletrica", "guarda roupas", "guarda roupra", "guarda-roupa", "home e pia", "iPhone 11", "iPhone 11 64GB", "iPhone 12", "iPhone 13", "iPhone XR", "inox", "inox e mesa", "iphne 8 plus", "iphone", "iphone 11", "iphone 11 128gb", "iphone 11 64gb", "iphone 11 64gb (seminovo)", "iphone 11 pro", "iphone 11 pro 256gb", "iphone 12", "iphone 12 128gb", "iphone 12 pro", "iphone 12 pro max", "iphone 13", "iphone 13 pro max", "iphone 14", "iphone 8", "iphone 8 plus", "iphone 8 plus vermelho", "iphone x", "iphone xr", "janela", "jg cozinha", "jg cozinha/ beliche", "jodo de mesa", "jogo cozinha + sofa", "jogo de cozinha", "jogo de cozinha /fogao/ sugar", "jogo de cozinha+sofa", "jogo de mesa", "jogo de mesa e armarios de cozinha", "jogo de mesa, box casal e cabeceira", "jogo de panela", "jogo de panela + jogo de chicara", "jogo de panelas", "jogo de panelas e microondas", "jogo de sofa", "jogo mesa", "jogo panela", "jogo panelas", "kit cozinha", "kit cozinha + conj box", "kit cozinha + tgampo", "kit cozinha e pia", "kit cozinha e tampo de pia", "kit cozinha, balcao, mesa", "kit de cozinha", "kit e balcao de pia", "kit e lavadora", "kit relacao , caixa direcao moto", "kit relacao today", "laser", "lava jatto + celular", "lavadorA", "lavadora", "lavadora + panelas + liquidificador + batedeira", "lavadora - CAICXA DE SOM", "lavadora 10 kl", "lavadora 11kg", "lavadora 12kg", "lavadora 14 kg", "lavadora 14 kg electrolux", "lavadora 17 + frete", "lavadora 17 127v", "lavadora 17kg", "lavadora de 11kg", "lavadora de roupa 12 kg", "lavadora de roupas", "lavadora e balcao", "lavadora e centrifuga", "lavadora e fogao", "lavadora e forno", "lavadora e geladeira", "lavadora e roupeiro", "lavadora e tanquinho", "lavadora e tv", "lavadora e tv e celular", "lavadora e ventilador", "lavadora oferta", "lavadora wap", "lavadora+ microondas", "lavadora+cel", "lavadora+centrifuga", "lavadora+chaleira+ventilador", "lavadora+piscina", "lavadora, centrifuga e fogao", "lavadora9", "lavadoura", "lavadoura 10 kg", "lavadoura 15 kg e batedeira", "lavadoura de roupas", "lavajato e aspirador", "lavodora", "liq chaleira", "liqidifuicado", "liqui + chaleira", "liquidifcador", "liquidifiacdor", "liquidificado e faqueiro", "liquidificador", "liquidificador E Batedeira", "liquidificador E SANDUICHEIRA", "liquidificador TV E CELULAR", "liquidificador arno", "liquidificador e batedeira", "liquidificador e brinco", "liquidificador e caixa termica", "liquidificador e jogo talheres", "liquidificador e panela", "liquidificador e ventilador", "liquidificador, chaleira e garrafa termica", "liquidificador,batedeira maquiuna de cabelo", "liquidificadort e sanduicheira", "liquidiificador", "liquificador", "lliquidificador", "luiqui+batedeira", "luiquidiificador", "mMOVEIS", "maqina", "maquina", "maquina de lavar", "maquina lavar", "maquina, kit", "maquina\u00b4", "maquita", "maquita e aparador", "maquita/parafusadeira", "materia de contrucao", "materiais", "materiais  de construcao", "materiais de cnstrucao", "materiais de cointrsucao", "materiais de constrcucao", "materiais de constriucao", "materiais de constrrucao", "materiais de construcao", "materiais de construcaoi", "materiais de construcaso", "materiais de contrucao", "materiais de copnstrucao", "materiais para construcao", "material", "material bruto", "material de construcao", "materias", "mesa", "mesa +pia+painel", "mesa , painel", "mesa 4 cadeiras", "mesa 4 cadeiras, tanquinho", "mesa 4 lugares", "mesa 6 cad + rack painel + chaleira + frete", "mesa 6 cadeiras", "mesa c / 4 cadeiras", "mesa c 4 cad", "mesa c 4 cadeiras", "mesa c/ 6 cadeiras", "mesa com 4 cad", "mesa com 4 cadeiras", "mesa com 6 cad", "mesa com 6 cadeiras", "mesa comp e aspirador", "mesa e 6 cadeiras", "mesa e cadeira", "mesa e cadeira de praia", "mesa e cadeiras", "mesa e cadeiras balcao cuba de pia", "mesa e cozinha", "mesa e cuba de pia", "mesa e estofado", "mesa e fogao", "mesa e micro- ondas", "mesa e sofa", "mesa e tablet", "mesa e tanquinho", "mesa+ armario", "mesa+ cadeiras + COOKTOP", "mesa+balcao", "mesa+cadeiras", "mesa+cozinha", "mesa+lavadora", "mesa, armario e roupeiro", "mesa, cadeiras e celular", "micoondas", "micoondas, forno", "micro", "micro ondas", "micro+ferrro", "micro-ondas", "microomdas", "microondas", "microondas e forno", "microondas e paneleiro", "microondas e piscina", "microondas e suporte para micro ondas", "microondas e tv", "microondas+ caixa de som", "moto", "moto e 20", "moto e 22", "moto e20", "moto g 22", "motorola E22", "motorola e 22 ,  samsung a04", "motorola e22", "motorola g 22", "motorola g20", "motorola g22", "motorola g23", "motorola g30", "motorola g32 e alexa", "motorola g53", "motorola g62 5g", "motoserra", "moveis", "moveis e sofa", "moveis em geral", "multiuso + cooktop", "multiuso + mesinha + cabeceira", "multiuso e balcao", "multiuso e cabeceira", "multiuso e piscina", "multiuso e pisina", "multiuso e sanduicheira", "neu + multiuso", "notboock", "notbook", "notebbok", "notebook", "notebook + cel", "notebook + ferro", "notebook e celular", "pacote procedimentos est\u00e9tico", "painel", "painel + mesa", "painel / colchao", "painel / cristaleira", "painel e travesseiro", "painel e tv", "painel tv", "painel+ tv", "painel+micro-ondas", "painel, penteadeira, cabeceira", "painel/ multi uso", "panelA", "panela", "panela + sanduicheira", "panela de arroz", "panela de presao", "panela de pressao", "panela e armario banheiro", "panela e celular", "panela e ventilador", "panela pressao", "panela pressao + leiteira + chaleira", "panelas", "paneleiro e liquidificador", "paneliro e armario", "parafusadeira", "parafusadeira e panela", "passadeira", "peneu", "penteadeira", "perfect + botox", "perfect gluteo", "perfect gluteos", "peu", "pia", "pia + balcao", "pia e balcao", "pia e inox", "pia+cama+roupeiro+balcao", "pia/balcao", "picina", "piscina", "piscina e chaleira", "piscina e cooller", "pneu", "pneu (04)", "pneu 2 pcs", "pneu e balcao", "pneu e capacete", "pneu e roda carriola", "pneu+ ventilador", "pneus", "pneus de carro e bateria", "poltrona", "prancha", "preemchimento", "preenchimento", "preenchimento  de queixo , enzimas", "preenchimento de olheira e botox", "preenchimento e botox", "preenchimento e fios", "preenchimento labial", "preenchimento malar", "preenchimentos", "preenchimentos + botox + fios", "prenchimento labial", "procediementos esteticos", "procedimente estetico", "procedimento", "procedimento estetico", "procedimento est\u00e9tico", "procedimento est\u00e9ticos", "procedimentos", "procedimentos estetico", "procedimentos esteticos", "procedimentos est\u00e9ticos", "produtos esteticos", "proedimentos esteticos", "psina", "rack", "rack + panela", "rack e balcao", "rack e painel", "rack painel + estofado + roupeiro", "rack+painel", "radinho", "radio", "radio+fritadeira+ventilador", "raiamento , capa banco , bengala", "receptor", "receptor elsys + painel + suporte", "receptor+TV", "redmi 10a", "redmi a1", "refrigerador", "refrigerador  COM 1500 DE ENTRADA", "refrigerador + tv", "refrigerador COM 2,700 DE ENTRDADA", "refrigerador COM 500,00 D ENTRADA", "refrigerador COM 800,00 DE ENTRADA", "refrigerador E SOFA", "refrigerador MIDEA", "refrigerador com 1000 de entrada", "refrigerador com 2000,00 de entrada", "refrigerador com 500 de entrada", "refrigerador e antena", "refrigerdaor", "relacao moto", "rfrigerador", "rocadeia", "rocadeira", "rocadeira 42,cc", "rocadeira 500entrada", "rocadeira 51,cc", "ropeiro", "ropeiro ,balcao....", "rouepeiro", "roup", "roupei", "roupeiro", "roupeiro  e rack", "roupeiro + base", "roupeiro + frete", "roupeiro + kit cozinha", "roupeiro / mesa", "roupeiro 6 portas", "roupeiro cama e sofa", "roupeiro e base", "roupeiro e box", "roupeiro e cabeceira", "roupeiro e cadeira25", "roupeiro e cama", "roupeiro e cama box", "roupeiro e colchao", "roupeiro e comoda", "roupeiro e conj box", "roupeiro e forno", "roupeiro e multiuso", "roupeiro e pia", "roupeiro e secador", "roupeiro+mesa", "roupeiro+piscina", "roupeiro, cozinha e fogao", "roupeiro, liquidificador , centrijuga", "roupeiro, painel,balcao", "roupeiro/ conj box", "roupeiro/ conj box / cabeceira", "roupeiro/ conj box/cabeceira", "roupeiro/ painel / comoda", "roupeiro/comoda", "roupeiros", "roupeirp", "rouperio", "roupero", "roupero e balcao de pia", "samsung A04e", "samsung a 04 e", "samsung a03 core", "samsung a03core", "samsung a04e", "samsung a13", "samsung a14", "samsung a23", "samsung a33", "samsung a54", "samsung s21", "sanduicheira", "sanduicheira + liquidificador", "sanduicheira e frigideira", "sanduicheira e liquidificador", "sanduicheira,grill", "sansung a23", "secador", "secador cabelo", "secador de cabelo", "secador de cabelos", "secador e chaleira", "secador e panela", "secador, balcao, poltrona", "secador, escova, ventilador, panela", "secadorA", "secadora", "secadora  oferta", "secadora de roupas", "serra marmore +panela+ ventilador", "smart phone", "smart tv 32 samsung", "smartphone", "soa", "sofa", "sofa + tv + KIT COZINHA + FRETE", "sofa 2,30", "sofa 2,50M", "sofa e balcao", "sofa e roupeiro", "sofa+refrigerador", "sofa, panela", "som", "tablet", "tablet e ventilador", "tablete", "tampo", "tamquinho", "tankinho", "tanquinhio", "tanquinho", "tanquinho + base", "tanquinho + centrifuga", "tanquinho ,centrifuga", "tanquinho com 600,00 de entrada", "tanquinho e caixa som", "tanquinho e centrifuga", "tanquinho e colchao", "tanquinho e lavadora", "tanquinho e liquidificador", "tanquinho e ventilador", "tanquinho, celular", "tanqyuinho", "taquinho, microondas", "televisao", "televisao+ antena", "televisor", "tratamento", "tratamento est\u00e9tico", "tv + suporte + ferro", "tv , ar condicionado", "tv /fogao", "tv e antena", "tv e balcao", "tv e celular", "tv e estofado", "tv e fogao", "tv e guarda roupa", "tv e microondas", "tv e painel", "tv e refrigerador", "tv e roupeiro", "tv e ventilador", "tv lavadora", "tv oferta", "tv oferta+fogao", "tv ofertas", "tv painel", "tv piscina", "tv sofa e geladeira", "tv+ piscina", "tv+antena", "tv+comoda", "tv+fogao", "tv, painel", "tv, receptor e antena", "tyampo", "um roupeiro 6 portas", "uma televisao 32 polegada", "umidifica, panela de arroz", "vendilador", "vent, balcao pia, cuba, cj mesa 4cd", "ventilado", "ventilador", "ventilador + celular", "ventilador + ferro + liqui", "ventilador + secador", "ventilador , arfryer", "ventilador , fritadeira", "ventilador / garrafa termica", "ventilador e caixa de som", "ventilador e celular", "ventilador e liquidificador", "ventilador e piscina", "ventilador+caixa som", "ventilador, secador, escova secadora", "ventilador,balcao", "ventiladores", "violao", "wap"], ["Feminino", "Masculino", "Outro"], ["Alugada", "Propria"], ["Casado", "Divorciado", "Separado", "Solteiro", "Viuvo"], ["APOSENTADO", "ASSALARIADO", "AUTONOMO  ", "EMPRESARIO", "FUNCIONARIO PUBLICO ", "MILITAR   ", "OUTRAS    ", "PENSIONISTA", "PROFISSIONAL LIBERAL", "RURAL     "], ["-", "11 Anos", "15 Anos", "2 Sargento Pm", "2 Tenente", "3 Vigio", "3Osargento", "A", "A De Mandioco", "A Producao", "Aas Comunicacao", "Abate", "Abatedor", "Ac De Producao", "Acabador De Emb", "Acabamento", "Acabamento De P", "Acabamentos", "Acabemntisto", "Ace", "Acessor", "Acessor Palamen", "Acessora Juridi", "Acessora Parlam", "Acessora Prefei", "Acessoria De Go", "Acessorio", "Acessoristo", "Acessoro", "Acogueiro", "Acompanhante", "Acompanhante Id", "Acompanhate", "Acoqueiro", "Acougeuiro", "Acougue", "Acougueiro", "Acp De Sistemo", "Acs", "Acuputuristo", "Ad", "Adbogado", "Adesivador", "Adestrador", "Adestradoro", "Adiador", "Adiministracao", "Adiministrador", "Adiministradoro", "Adiministrativo", "Adimisitradoro", "Adivogado", "Adm", "Adm  Fat Fiscal", "Adm De Condomin", "Adm De Empresas", "Adm Diretoro", "Adm Financeiro", "Adm-Rh", "Adm/Dono", "Adm/Prop", "Admi", "Adminiatrativo", "Adminisrativo", "Administracao", "Administradoo", "Administrador", "Administradoro", "Administratico", "Administrativo", "Administro", "Administrtico", "Adminitrador", "Adminitradoro", "Adminsitrativo", "Adminstracao", "Adminstradoro", "Adminstrativo", "Admisnistrativo", "Admistrador", "Admistradoro", "Admistrativo", "Admnistracao", "Admnistrador", "Admnistradoro", "Admnistrativo", "Adrm", "Advocacia Geral", "Advogada Propri", "Advogado", "Advogado Orient", "Advogdo", "Aeromoco", "Aeronalto", "Aeroportuario", "Afastada Do Tro", "Afiador", "Afilhadoro", "Afinador", "Afinador De Met", "Afretador", "Africultoro", "Afro Incubatori", "Ag Adm Educacio", "Ag Aeroporto", "Ag Ambiental", "Ag Apoio", "Ag Comunitario", "Ag De Aeroporto", "Ag De Passagen", "Ag De S Seg Edu", "Ag De Saude", "Ag De Seguranc", "Ag De Viagem", "Ag Edu I", "Ag Educacional", "Ag Gestao Publi", "Ag Higienizacao", "Ag Leitura Sane", "Ag Operacional", "Ag Peninteciari", "Ag Penitenciari", "Ag Portario", "Ag Relacionamen", "Ag Seg Penit", "Ag Turismo", "AgComunitario", "Agde Saniamento", "Agenda Da Saude", "Agenda De Saude", "Agende De Apoio", "Agende De Endem", "Agende De Saude", "Agende De Segur", "Agende Endemias", "Agende Funerari", "Agent Comercial", "Agente", "Agente 1", "Agente Adm", "Agente Admi", "Agente Administ", "Agente Aero", "Agente Aeroport", "Agente Apoio", "Agente C Saude", "Agente Combate", "Agente Comercio", "Agente Comuniro", "Agente Comunito", "Agente Da Infan", "Agente De Aerop", "Agente De Alime", "Agente De Apoio", "Agente De Cadas", "Agente De Call", "Agente De Combo", "Agente De Endem", "Agente De Higen", "Agente De Limpe", "Agente De Locac", "Agente De Meren", "Agente De Necro", "Agente De Negoc", "Agente De Opero", "Agente De Orgaz", "Agente De Pedag", "Agente De Pesqu", "Agente De Porto", "Agente De Produ", "Agente De Prote", "Agente De Proto", "Agente De Saude", "Agente De Segur", "Agente De Servi", "Agente De Telem", "Agente De Vendo", "Agente De Vetor", "Agente De Viage", "Agente Defeso", "Agente Dos Corr", "Agente Edenias", "Agente Educacao", "Agente Educaci", "Agente Educacio", "Agente Endemias", "Agente Escolar", "Agente Fazendar", "Agente Funerari", "Agente Operacio", "Agente Organizo", "Agente Peniteci", "Agente Penitenc", "Agente Pesquiso", "Agente Policial", "Agente Portario", "Agente Saude", "Agente Se Servi", "Agente Seguranc", "Agente Segurco", "Agente Social", "Agente Tecnico", "Agente Teleaten", "Agentedeproteco", "Agentes Funerar", "Aget Da Dengue", "Agri", "Agri E Aposento", "Agricolo", "Agricul", "Agricul,Pedreir", "Agriculo", "Agriculruto", "Agricultar", "Agricultor", "Agricultora E V", "Agricultora Rur", "Agricultora/ Au", "Agricultoraeloi", "Agricultoro", "Agricultu Diari", "Agricultuo", "Agricultura Em", "Agricultura Fam", "Agricultura0", "Agriculturo", "Agriculuro", "Agricutor", "Agricutoro", "Agricuturo", "Agrilcultoro", "Agrilcutor", "Agrioculturo", "Agronomo", "Agropecuar", "Agropecuario", "Agropecuaristo", "Agropecurio", "Agt Comunitario", "Aguicultor", "Aipim", "Aiux De Limpezo", "Aixiliar De Pro", "Aj Acogueiro", "Aj Agropecuari", "Aj De Carga E D", "Aj De Confeccao", "Aj De Entrego", "Aj De Guinchame", "Aj De Marce", "Aj De Motorist", "Aj De Motoristo", "Aj Geral", "Aj Industrial", "Aj Motoristo", "Aj Pedreiro", "Aj Producao", "AjDe Servicos", "Aju De Cozinho", "Aju Industrial", "Aju Motoristo", "Aju Producao", "Ajud  Cozinho", "Ajud Cozinho", "Ajud De Armazem", "Ajud De Infrae", "Ajud De Mot", "Ajud De Operad", "Ajud E Mot", "Ajud Florestal", "Ajud Geral", "Ajud Motoristo", "Ajud Producao", "Ajud Producao 3", "AjudSer Gerais", "Ajuda Motoristo", "Ajudande De Mot", "Ajudant De Obro", "Ajudant Motoris", "Ajudante", "Ajudante Caminh", "Ajudante Coz", "Ajudante Cozinh", "Ajudante De Arm", "Ajudante De Cam", "Ajudante De Car", "Ajudante De Coz", "Ajudante De Enf", "Ajudante De Ent", "Ajudante De Lim", "Ajudante De Man", "Ajudante De Maq", "Ajudante De Mot", "Ajudante De Ped", "Ajudante De Pro", "Ajudante De Ser", "Ajudante Escolo", "Ajudante Flores", "Ajudante Geral", "Ajudante Motori", "Ajudante Pedrei", "Ajudante Placo", "Ajudante Produc", "Ajudante Producao", "Ajudante Ser Ge", "Ajudo", "Ajustador 4", "Al Imoveis + A", "Alfaiate", "Alfaiatye", "Ali De Produco", "Alim De Produco", "Aliment De Linh", "Alimentacao", "Alimentador", "Alimentador De", "Alimentadora De", "Alimentadoro", "Alimenticio", "Almocharifado", "Almocharife", "Almocherifado", "Almoxarifado", "Almoxarife", "Almoxerifado", "Almoxerife", "Almoxerifo", "Alpinista Predi", "Alug E Costurei", "Aluga Casas", "Aluga Caso", "Alugeis", "Alugueis", "Aluguel", "Aluguel Casas", "Aluguel Caso", "Aluguel De Caso", "Aluguel De Imov", "Aluguel Imoveis", "Alx Gerais Limp", "Ambulante", "Aministrativo", "Amocherifado", "Amoxerifado", "Amparo", "Amparo+Autonomo", "An Comercial", "An De Marketin", "An Dep Pessoal", "Ana De Complian", "Anal De Credito", "Anal De Sistem", "Anal Judiciari", "Anal Licitacoes", "Anal Producao", "Anal Superior 1", "AnalComercio", "Anala Projetos", "Analis De Estoq", "Analis Rh", "Analise De Sist", "Analist Contabi", "Analist Finance", "Analist Froto", "Analist Op Seni", "Analist Qualido", "Analist Sistemo", "Analista 2", "Analista Ad", "Analista Adm", "Analista Admini", "Analista Ambien", "Analista Autono", "Analista Com", "Analista Comerc", "Analista Compro", "Analista Contab", "Analista Conte", "Analista Conto", "Analista D Jun", "Analista De Adm", "Analista De Aqu", "Analista De Arm", "Analista De Cob", "Analista De Com", "Analista De Con", "Analista De Cre", "Analista De Dad", "Analista De Dep", "Analista De Est", "Analista De Fat", "Analista De Geral", "Analista De Imp", "Analista De Inf", "Analista De Lab", "Analista De Log", "Analista De Neg", "Analista De Ope", "Analista De Pcd", "Analista De Pcp", "Analista De Pro", "Analista De Quo", "Analista De Rg", "Analista De Rh", "Analista De Ris", "Analista De Seg", "Analista De Sis", "Analista De Sup", "Analista De Vendas", "Analista Depart", "Analista Design", "Analista Dp", "Analista E Cobr", "Analista Export", "Analista Finace", "Analista Financ", "Analista Fiscal", "Analista G Q", "Analista Judici", "Analista Log", "Analista Logist", "Analista M Soci", "Analista Mark", "Analista Operac", "Analista P", "Analista Pleno", "Analista Projet", "Analista Qualid", "Analista Recebi", "Analista Recurs", "Analista Rh", "Analista Senior", "Analista Sistem", "Analista Solftw", "Analista Tec", "Analista Tecnic", "Analista Ti", "Analista Transp", "Analista Tribut", "Analista Vpr", "Analisto", "Analsta Qualido", "Anaslista De Rh", "Anaslista Fisco", "Anaslista Rh", "Anaslisto", "Anestesisto", "Anl De Comunico", "Anlista Dep Pes", "Aosentado", "Ap", "Ap De Grampeade", "Ap De Producao", "Ap Producao", "Aplicadoro", "Apo", "Apo/Pens", "Apoentado", "Apoesentada/Pen", "Apoio", "Apoio Adm", "Apoio Desosso", "Apoio Escolar", "Apoio Operacion", "Apoio Pedagogic", "Apokan", "Apon- De Produc", "Aponsentado", "Aponsetado", "Apont De Producao", "Apontador", "Apontador De Pr", "Apoosentado", "Apos + Pensioni", "Apos /Agricult", "Apos /Agricultu", "Apos /Pens", "Apos /Pensio", "Apos /Serrador", "Apos /Vendedoro", "Apos E Pens", "Apos E Pensao", "Apos E Prop", "Apos Rural", "Apos+ Oper Maqu", "Apos+Viuves", "Apos/Auxiliar Acab", "Apos/Pens", "Apos/Pensao", "Apos/Servicos Gerai", "Aposaentado", "Aposantado", "Apose", "Apose+Cuidadoro", "Apose+Diarsito", "Apose/Diaristo", "Aposebtado", "Aposen", "Aposen E Alugue", "Aposen E Pensio", "Aposen+ Prof", "Aposenatado", "Aposenatdo", "Aposendurio", "Aposenntado", "Aposent", "Aposent + Caixo", "Aposent E Costu", "Aposent E Pensi", "Aposent+ Pens", "Aposent-Pension", "Aposenta/Vended", "Aposentad", "Aposentad0", "Aposentada  Emp", "Aposentada Ae", "Aposentada Agri", "Aposentada E Di", "Aposentada E Fo", "Aposentada E Pe", "Aposentada E Ve", "Aposentada Inss", "Aposentada Penc", "Aposentada/Dome", "Aposentada/Lojo", "Aposentada/Pens", "Aposentadac", "Aposentadacarlo", "Aposentadaerico", "Aposentadao", "Aposentadi", "Aposentado", "Aposentado - 42", "Aposentado Invo", "Aposentado/Carp", "Aposentado/Lavo", "Aposentado/Moto", "Aposentadob", "Aposentadoin", "Aposentadoo", "Aposentadorio", "Aposentadorua D", "Aposentados", "Aposentadp", "Aposentadpo", "Aposentadurio", "Aposentando", "Aposentario", "Aposentasdo", "Aposentdo", "Aposentrado", "Aposenyado", "Aposetado", "Aposetando", "Aposnetado", "Aposntado", "Apossentado", "Apsentado", "Apsetad", "Apsoentado", "Ap\u00b4", "Area Da Limpezo", "Area Da Saude", "Area Rual", "Argamasso", "Armador", "Armador De Estr", "Armador De Ferr", "Armador Ferrage", "Armazenagem", "Armazenisto", "Arquiteto", "Arquivisto", "Arr Mandioco", "Arranca Mandioc", "Arrematadeiro", "Arrendamento", "Arrendatario", "Arrumadeiro", "Arrumador", "Arrumadoro", "Arte Finalisto", "Artefatos", "Artefinalisto", "Artesa/ SerGeral", "Artesan", "Artesanato", "Artesanato Croc", "Artesanatos", "Artesao", "Arteso", "Artezanato", "Artezo", "Artista Plastic", "As Administrat", "As Faturamento", "As Parlamentar", "AsFaturam Adm", "Asb", "Asfalteiro", "Asg", "Asgfrancisco", "Asist Adm", "Asistente Adm", "Asistente Admt", "Asistente Finan", "Asministrativo", "Ass", "AssAdm", "AssComDevendo", "AssFinanceiro", "Assalariado", "Assalisto", "Assalriado", "Assesor", "Assesora Parlam", "Assesoro", "Assesseora De D", "Assessor", "Assessor Adm", "Assessor De Ati", "Assessor Palame", "Assessor V", "Assessora Admin", "Assessora De In", "Assessora Jurid", "Assessora Parti", "Assessora Pedag", "Assessora Vereo", "Assessoria Juri", "Assessoro", "Assis", "Assis Adm", "Assis Administ", "Assis Admistro", "Assis Admnistro", "Assis Atendimen", "Assis Cobranco", "Assis Comercial", "Assis Comunitar", "Assis De Logist", "Assis De Meio A", "Assis De Producao", "Assis Dp Pessoo", "Assis Expedico", "Assis Finance", "Assis Financeir", "Assis Fotografo", "Assis Froto", "Assis Qual", "Assis Qualidade", "Assis Rh", "Assis Social", "AssisComercial", "AssisSocial", "Assist Adm", "Assist Administ", "Assist Adminit", "Assist Comerc", "Assist Comerci", "Assist Compras", "Assist De Compr", "Assist De Esti", "Assist De Estoq", "Assist De Manuf", "Assist De Manut", "Assist De Pintu", "Assist De Proj", "Assist Depart", "Assist Desenvol", "Assist Estilo", "Assist Financ", "Assist Financei", "Assist Logistic", "Assist Op", "Assist Peniten", "Assist Producao", "Assist Social", "Assist Sociali", "Assist Tecnico", "Assist Televen", "AssistSocial", "Assiste De Proc", "Assiste Social", "Assisten Social", "AssistenSocial", "Assistencio", "Assistent Adm", "Assistente", "Assistente  Fis", "Assistente  Producao", "Assistente Adim", "Assistente Adm", "Assistente Admi", "Assistente Admin", "Assistente Administrat", "Assistente Administro", "Assistente Admn", "Assistente Aud Contas", "Assistente Cad", "Assistente Clas", "Assistente Com", "Assistente Come", "Assistente Comercial", "Assistente Comunicaco", "Assistente Cont", "Assistente Cont/ Fisco", "Assistente Controle Qu", "Assistente Cultural Ii", "Assistente D Rh", "Assistente De A", "Assistente De Alm,Oxar", "Assistente De Cobranco", "Assistente De Ecommerc", "Assistente De G", "Assistente De L", "Assistente De N", "Assistente De O", "Assistente De Operacao", "Assistente De Q", "Assistente De R", "Assistente De Rh", "Assistente De S", "Assistente De Sala De", "Assistente De V", "Assistente De Vendas", "Assistente Ecom", "Assistente Eng", "Assistente Escr", "Assistente Expedicao", "Assistente Fatu", "Assistente Finan", "Assistente Financeiro", "Assistente Fino", "Assistente Fiscal", "Assistente Gero", "Assistente Hosp", "Assistente Iii", "Assistente Juri", "Assistente Juridico", "Assistente Labo", "Assistente Leg", "Assistente Legislativ", "Assistente Limpezo", "Assistente Log", "Assistente Logistico", "Assistente Lojo", "Assistente Marketing", "Assistente Operacao", "Assistente Operaciono", "Assistente Pedo", "Assistente Petr", "Assistente Planejamen", "Assistente Producao", "Assistente Qualidade", "Assistente Recu", "Assistente Relo", "Assistente Rh", "Assistente S/ C", "Assistente Soci", "Assistente Social", "Assistente Tec", "Assistente TecAdm", "Assistente Tecn", "Assistente Ti 2", "Assistente Velorio", "Assistente Vendas", "Assistentecrm", "Assistentre Adm", "Assistnte Come", "Assit Adm", "Assit Comercial", "Assit Social", "Assitencia Mili", "Assitencia Pess", "Assitente", "Assitente Adm", "Assitente Admi", "Assitente Admin", "Assitente De Co", "Assitente De Pl", "Assitente De Ve", "Assitente Educo", "Assitente Finan", "Assitente Logis", "Assitente Socio", "Assoria Juridic", "Asssistente De", "Asst Producao", "Astrologa E Car", "Asulejisto", "At Agriculturo", "At Balcao", "At De Lanchonet", "At De Padario", "At Farmacio", "At Padario", "At Restaurante", "Ate Farmacio", "Atedente", "Atelie", "Aten Educativo", "Aten Farmacio", "Aten Professoro", "Atend", "Atend De Farmac", "Atend De Serv", "Atend Sinistro", "Atenden Consult", "Atendende", "Atendendente", "Atendendte", "Atendent Lojo", "Atendente", "Atendente 190", "Atendente Aluno", "Atendente Balco", "Atendente Cobro", "Atendente Com", "Atendente Comer", "Atendente De", "Atendente De As", "Atendente De Ch", "Atendente De Co", "Atendente De Cr", "Atendente De Fo", "Atendente De Id", "Atendente De Lo", "Atendente Deliv", "Atendente Educo", "Atendente Exper", "Atendente Farm", "Atendente Farmo", "Atendente Geral", "Atendente Lanch", "Atendente Lojo", "Atendente Medic", "Atendente Nutri", "Atendente Servi", "Atendente Telem", "Atendente/Propr", "Atendentedivo", "Atendentte", "Atendimento", "Atente Portario", "Atentente", "Atleta - Canoag", "Atleto", "Atonomo", "Ator", "Atriz", "Atriz E Modelo", "Att Administrat", "Atv Da Agricult", "Au", "Au Cozinho", "Au De Producao", "Au Dentisto", "Au Producao", "Au Servicos Gerais", "Au Servicos Geral", "Aucr De Limpezo", "Aucx Producao", "Aud Adm", "Auditor Fiscal", "Auditora Intern", "Auditoria De Co", "Auditorio", "Auditoro", "Auiliar De Limp", "Auliliar", "Aumocherifado", "Aumoxarifado", "Aunx De Cobranc", "Aut Salg", "Autnomo", "Auto", "Auto Atendiment", "Auto Center", "Auto Nomo", "Auto Pecas", "Automo", "Automomo", "Automono", "Auton", "Autonamo", "Autonmo", "Autonoma Tambem", "Autonoma/Cabele", "Autonoma0", "Autonomalindi", "Autonomo", "Autonomp", "Autonono", "Aux", "Aux, De Eventos", "Aux, De Produco", "Aux, SerGerais", "Aux,De Servicos", "Aux,Producao", "Aux/Limpezo", "AuxAdm", "AuxAdministrat", "AuxCozinho", "AuxDe Admistro", "AuxDe Escritor", "AuxDe Processo", "AuxDe Producao", "AuxEnfermagem", "AuxEscritorio", "AuxFinanceiro", "AuxIdoso/ Prof", "AuxLaboratorio", "AuxLimpezo", "AuxOpr Logisti", "AuxProducao", "AuxSerGerais", "AuxServicos Gerais", "Auxde Producao", "Auxde Servicos Gero", "Auxi", "Auxi De Enferm", "Auxi De Limpezo", "Auxi Financeiro", "Auxi Limpezo", "Auxi Pedreiro", "Auxi Producao", "AuxiDe Dentist", "AuxiFinanceiro", "AuxiVendas", "Auxialiar De Po", "Auxiar", "Auxiiar", "Auxiiar De Gero", "Auxiiar De Producao", "Auxil Cozinho", "Auxilair De Exp", "Auxilar", "Auxilar Cartori", "Auxilar De Empo", "Auxilar De Escr", "Auxilar De Producao", "Auxilar Geral", "Auxili Flores", "Auxili Gerais", "Auxilia De Conz", "Auxilia De Producao", "Auxiliadoro", "Auxiliae Admini", "Auxiliae De Pro", "Auxiliar", "Auxiliar  Acidente", "Auxiliar  Admin", "Auxiliar  Costuro", "Auxiliar  Cozinho", "Auxiliar  De Envase", "Auxiliar  De Li", "Auxiliar  De Se", "Auxiliar  De Servico", "Auxiliar  Escritorio", "Auxiliar  Geral", "Auxiliar  Limpezo", "Auxiliar  Padario", "Auxiliar  Producao", "Auxiliar /Estagiario", "Auxiliar Abastecimen", "Auxiliar Abate", "Auxiliar Acabamento", "Auxiliar Academico8", "Auxiliar Acid", "Auxiliar Acogue", "Auxiliar Acougueiro", "Auxiliar Ad", "Auxiliar Adim", "Auxiliar Adimin", "Auxiliar Adiministr", "Auxiliar Adiministro", "Auxiliar Adm", "Auxiliar Admi", "Auxiliar Admin", "Auxiliar Admini", "Auxiliar Adminis", "Auxiliar Administ", "Auxiliar Administrat", "Auxiliar Administrati", "Auxiliar Administriv", "Auxiliar Administro", "Auxiliar Administrti", "Auxiliar Adminitrati", "Auxiliar Adminitstro", "Auxiliar Adminstrati", "Auxiliar Admint", "Auxiliar Adminv", "Auxiliar Admisn", "Auxiliar Admisnistro", "Auxiliar Admist", "Auxiliar Admistrati", "Auxiliar Admistrativ", "Auxiliar Admistrativo", "Auxiliar Admnis", "Auxiliar Aeroporto", "Auxiliar Agricolo", "Auxiliar Almox", "Auxiliar Almoxarif", "Auxiliar Almoxarifad", "Auxiliar Almoxarife", "Auxiliar Almoxerifo", "Auxiliar Amarracao", "Auxiliar Amd", "Auxiliar Autopsio", "Auxiliar Avicolo", "Auxiliar Barmam", "Auxiliar Biblioteco", "Auxiliar Brasil", "Auxiliar Bucal", "Auxiliar Cabele", "Auxiliar Campo De Cr", "Auxiliar Carga E Des", "Auxiliar Cargas", "Auxiliar Cargo", "Auxiliar Cartorio", "Auxiliar Cco", "Auxiliar Classe", "Auxiliar Cobranco", "Auxiliar Comer", "Auxiliar Comerc", "Auxiliar Comercio", "Auxiliar Confei", "Auxiliar Confeitario", "Auxiliar Confeiteiro", "Auxiliar Contab", "Auxiliar Contabeis", "Auxiliar Contabil", "Auxiliar Contabilid", "Auxiliar Contabilido", "Auxiliar Contadoro", "Auxiliar Cordenacao", "Auxiliar Corte", "Auxiliar Costuro", "Auxiliar Coz", "Auxiliar Cozinh", "Auxiliar Cozinheiro", "Auxiliar Cozinho", "Auxiliar Cpd", "Auxiliar Creche", "Auxiliar Crecre", "Auxiliar Creden", "Auxiliar D Eproducao", "Auxiliar D Processos", "Auxiliar D Producao", "Auxiliar D Servi Geral", "Auxiliar De", "Auxiliar De  Es", "Auxiliar De Aco", "Auxiliar De Acougue", "Auxiliar De Acouguei", "Auxiliar De Adm", "Auxiliar De Ali", "Auxiliar De Aliment", "Auxiliar De Almox", "Auxiliar De Arm", "Auxiliar De Armazen", "Auxiliar De Armazenag", "Auxiliar De Atend", "Auxiliar De C", "Auxiliar De Cabeleir", "Auxiliar De Cabelere", "Auxiliar De Cadastro", "Auxiliar De Caixo", "Auxiliar De Cam", "Auxiliar De Car", "Auxiliar De Cargo", "Auxiliar De Cartorio", "Auxiliar De Cd", "Auxiliar De Classe", "Auxiliar De Clo", "Auxiliar De Compras", "Auxiliar De Con", "Auxiliar De Confe", "Auxiliar De Confeit", "Auxiliar De Confeite", "Auxiliar De Confeito", "Auxiliar De Contab", "Auxiliar De Contabi", "Auxiliar De Controle", "Auxiliar De Cop", "Auxiliar De Corte", "Auxiliar De Cos", "Auxiliar De Cosinho", "Auxiliar De Costurei", "Auxiliar De Costuro", "Auxiliar De Coz", "Auxiliar De Cozi", "Auxiliar De Cozinho", "Auxiliar De Cre", "Auxiliar De Creche", "Auxiliar De Cuidador", "Auxiliar De De", "Auxiliar De Dentisto", "Auxiliar De Dep", "Auxiliar De Deposito", "Auxiliar De Des", "Auxiliar De Edu", "Auxiliar De Edu Info", "Auxiliar De Educaco", "Auxiliar De Eletreci", "Auxiliar De Emb", "Auxiliar De Endemias", "Auxiliar De Enf", "Auxiliar De Enfermag", "Auxiliar De Enfermo", "Auxiliar De Engenhar", "Auxiliar De Ensaque", "Auxiliar De Ensino", "Auxiliar De Ent", "Auxiliar De Entrego", "Auxiliar De Esc", "Auxiliar De Escolo", "Auxiliar De Escr", "Auxiliar De Escrit", "Auxiliar De Escrito", "Auxiliar De Escritor", "Auxiliar De Escritori", "Auxiliar De Est", "Auxiliar De Estoque", "Auxiliar De Exp", "Auxiliar De Exped", "Auxiliar De Expedico", "Auxiliar De Exportac", "Auxiliar De Fab", "Auxiliar De Far", "Auxiliar De Farmacio", "Auxiliar De Finger", "Auxiliar De Folh Pag", "Auxiliar De Gab", "Auxiliar De Gerente", "Auxiliar De Hig", "Auxiliar De Higieniz", "Auxiliar De Inf", "Auxiliar De Informat", "Auxiliar De Inspecao", "Auxiliar De Inspeco", "Auxiliar De Jardinag", "Auxiliar De Juiz", "Auxiliar De Lab", "Auxiliar De Laborat", "Auxiliar De Laborato", "Auxiliar De Lavander", "Auxiliar De Lavanderi", "Auxiliar De Lim", "Auxiliar De Limp", "Auxiliar De Limpezo", "Auxiliar De Lip", "Auxiliar De Log", "Auxiliar De Logistic", "Auxiliar De Loj", "Auxiliar De Lojo", "Auxiliar De Man", "Auxiliar De Manutenc", "Auxiliar De Maq", "Auxiliar De Maquinas", "Auxiliar De Mar", "Auxiliar De Mec", "Auxiliar De Mecanico", "Auxiliar De Meio Amb", "Auxiliar De Miudos", "Auxiliar De Mkt", "Auxiliar De Mon", "Auxiliar De Montagem", "Auxiliar De Mot", "Auxiliar De Odontolo", "Auxiliar De Op", "Auxiliar De Ope", "Auxiliar De Operaco", "Auxiliar De P", "Auxiliar De Pad", "Auxiliar De Padario", "Auxiliar De Ped", "Auxiliar De Pes", "Auxiliar De Pessoo", "Auxiliar De Pintor", "Auxiliar De Pizzaiol", "Auxiliar De Poo", "Auxiliar De Prc", "Auxiliar De Prep De", "Auxiliar De Prepa De", "Auxiliar De Pro", "Auxiliar De Prod 2", "Auxiliar De Prod De", "Auxiliar De Produ", "Auxiliar De Produc", "Auxiliar De Producai", "Auxiliar De Producao", "Auxiliar De Produco", "Auxiliar De Professo", "Auxiliar De Pruducao", "Auxiliar De Qualido", "Auxiliar De Rampo", "Auxiliar De Recebim", "Auxiliar De Recepcao", "Auxiliar De Red", "Auxiliar De Ref", "Auxiliar De Rh", "Auxiliar De S", "Auxiliar De Sal", "Auxiliar De Salgadei", "Auxiliar De Salo", "Auxiliar De Sau Buc", "Auxiliar De Saude", "Auxiliar De Saude Bu", "Auxiliar De Sec", "Auxiliar De Secret", "Auxiliar De Sei", "Auxiliar De Ser", "Auxiliar De Ser G", "Auxiliar De Ser Gero", "Auxiliar De Serrador", "Auxiliar De Serv", "Auxiliar De Servicao", "Auxiliar De Servico", "Auxiliar De Servicoge", "Auxiliar De Servicoi", "Auxiliar De Servicos", "Auxiliar De Servicos G", "Auxiliar De Servicos Ge", "Auxiliar De Servicos Geral", "Auxiliar De Sev", "Auxiliar De Sv", "Auxiliar De Tecelao", "Auxiliar De Telecomu", "Auxiliar De Ti", "Auxiliar De Topograf", "Auxiliar De Tro", "Auxiliar De Vendas", "Auxiliar De Veterino", "Auxiliar Decoracao", "Auxiliar Dentis", "Auxiliar Dentisto", "Auxiliar Depart", "Auxiliar Departament", "Auxiliar Departamment", "Auxiliar Deposito", "Auxiliar Dequalidade", "Auxiliar Desenvolvi", "Auxiliar Desevo", "Auxiliar Do Lar", "Auxiliar Doenco", "Auxiliar Dxe Servic", "Auxiliar E Fiscal", "Auxiliar Ect Fiscal", "Auxiliar Educ Inf", "Auxiliar Educac", "Auxiliar Educacio", "Auxiliar Educacional", "Auxiliar Eletricisto", "Auxiliar Eletronico", "Auxiliar Embalagem", "Auxiliar Encaixotame", "Auxiliar Enf", "Auxiliar Enferm", "Auxiliar Enfermagem", "Auxiliar Engarregado", "Auxiliar Escolar", "Auxiliar Escrit", "Auxiliar Escritorio", "Auxiliar Escriturar", "Auxiliar Escrtiorio", "Auxiliar Espedicao", "Auxiliar Expedi", "Auxiliar Expedicao", "Auxiliar Expedicoo", "Auxiliar Expencao", "Auxiliar Farmac", "Auxiliar Farmacio", "Auxiliar Faturamento", "Auxiliar Faturo", "Auxiliar Financ", "Auxiliar Financeiro", "Auxiliar Fiscal", "Auxiliar Flores", "Auxiliar Florestal", "Auxiliar Gerais", "Auxiliar Geral", "Auxiliar Governanci", "Auxiliar Higenizacao", "Auxiliar Higienizaco", "Auxiliar Hotelario", "Auxiliar Hotelo", "Auxiliar Implantacao", "Auxiliar Implatacao", "Auxiliar Incubatori", "Auxiliar Ind", "Auxiliar Insp Fede", "Auxiliar Inspe Feder", "Auxiliar Instal", "Auxiliar Judici", "Auxiliar Juridi", "Auxiliar Juridico", "Auxiliar Laboratori", "Auxiliar Laboratorio", "Auxiliar Laboro", "Auxiliar Lar", "Auxiliar Latoeiro", "Auxiliar Lavanderio", "Auxiliar Limp", "Auxiliar Limpez", "Auxiliar Limpezo", "Auxiliar Locacao", "Auxiliar Logist", "Auxiliar Logistico", "Auxiliar Logitico", "Auxiliar Lojo", "Auxiliar Lustracao", "Auxiliar M De Obro", "Auxiliar Magisterio", "Auxiliar Manut", "Auxiliar Manute", "Auxiliar Manutencao", "Auxiliar Marceneiro", "Auxiliar Marketing", "Auxiliar Mecani", "Auxiliar Mecanico", "Auxiliar Mecanico Industr", "Auxiliar Merendeiro", "Auxiliar Monitoramen", "Auxiliar Montag", "Auxiliar Montagem", "Auxiliar Motoristo", "Auxiliar Multifuncio", "Auxiliar Notarial", "Auxiliar Odonto", "Auxiliar Odontolo", "Auxiliar Odontologic", "Auxiliar Op Logistic", "Auxiliar Operac", "Auxiliar Operacaoes", "Auxiliar Operacional", "Auxiliar Operaciono", "Auxiliar Operacoes", "Auxiliar Operacoes A", "Auxiliar Opercional", "Auxiliar Padari", "Auxiliar Padario", "Auxiliar Panificado", "Auxiliar Pavimentacao", "Auxiliar Pcp", "Auxiliar Pedrei", "Auxiliar Pedreiro", "Auxiliar Pesquiso", "Auxiliar Podologia E", "Auxiliar Ponte", "Auxiliar Prdo", "Auxiliar Prducao", "Auxiliar Priducao", "Auxiliar Prifucao", "Auxiliar Pro", "Auxiliar Pro Avi", "Auxiliar Proces", "Auxiliar Prod Avic", "Auxiliar Prod Ii", "Auxiliar Produ", "Auxiliar Produ Avico", "Auxiliar Produ8", "Auxiliar Produc", "Auxiliar Producao", "Auxiliar Producao I", "Auxiliar Producao/Ag", "Auxiliar Professoro", "Auxiliar Promotorio", "Auxiliar Psqu", "Auxiliar Qualido", "Auxiliar Quimico", "Auxiliar Recapagem", "Auxiliar Refeitorio", "Auxiliar Refrig", "Auxiliar Refrigeracao", "Auxiliar Rh", "Auxiliar S Gerais", "Auxiliar SGerais", "Auxiliar Salao De Be", "Auxiliar Salo", "Auxiliar Saude", "Auxiliar Saude Bucal", "Auxiliar Ser Escolar", "Auxiliar Ser Ge", "Auxiliar Ser Gerais", "Auxiliar Ser Geral", "Auxiliar Serivcos Geral", "Auxiliar Serv", "Auxiliar Servic", "Auxiliar Servic Gero", "Auxiliar Servico", "Auxiliar Servicos", "Auxiliar Servicos Bas", "Auxiliar Servicos Educ", "Auxiliar Servicos G", "Auxiliar Servicos Ge", "Auxiliar Servicos Gerai", "Auxiliar Servicos Gerais", "Auxiliar Servicos Geral", "Auxiliar Servicos Gero", "Auxiliar Servio", "Auxiliar Sev Ge", "Auxiliar Supervisao", "Auxiliar Sv Geral", "Auxiliar Tabelionat", "Auxiliar Tec", "Auxiliar Tecnico", "Auxiliar Tecnico Ad", "Auxiliar Tecnico Enfermo", "Auxiliar Vendas", "Auxiliar Veterinario", "Auxiliar/ Adm", "Auxiliara De Pr", "Auxiliarde Producao", "Auxiliardecorte", "Auxilio", "Auxilio Benefic", "Auxilio Doenco", "Auxilioar Conto", "Auxilir Produco", "Auxli De Limpez", "Auxliar", "Auxliar Adm", "Auxliar Admnist", "Auxliar De Cozi", "Auxliar Expedic", "Auxliliar", "Auxuliar", "Auxx De Cozinho", "Av De Midio", "Avaliador", "Avaliador De Qu", "Avaliadoro", "Aviario", "Avicolo", "Avicultor", "Avicultoro", "Aviocutor", "Ax", "AxClimatisacao", "AxDe Producao", "AxProducao", "Axi De Gerencio", "Axi De Servicos Geral", "Axicilar Odonto", "Axiliar Escrito", "Axiliar Veterin", "Axl Enfermagem", "Axl Selecao", "Axu", "Axu De Coz Ii", "Axu Producao", "Axuliar De Limp", "Axulixar", "Ayux Producao", "Azulegisto", "Azuleijisto", "Azulejisto", "Baba + Benef", "Baba - Domestic", "Baba Diaristo", "Baba E Cabelere", "Baba E Cuidador", "Baba E Diaristo", "Baba E Domestic", "Baba E Vendedor", "Baba+Diaristo", "Baba, Diaristo", "Baba/ Diaristo", "Baba/Cuidadoro", "Baba/Diaristo", "Baba/Governanto", "Babo", "Baby Center", "Backoffice Seni", "Balanceiro", "Balanco", "Balcaonisto", "Balconista Acou", "Balconisto", "Balseiro", "Banca De Camelo", "Banca De Doces", "Banca De Peixe", "Bancario", "Banco", "Bandeira De Sin", "Banheiristo", "Banhisto", "Banho E Toso", "Bar", "Barbeiro", "Baristo", "Barman", "Barmen", "Barqueiro", "Barr", "Bartender", "Batedor", "Belezo", "Beneficiado", "Beneficiaria In", "Beneficiario", "Beneficio", "Beneficio Do Go", "Beneficio Inss", "Bercaristo", "Bi", "Bibliotecario", "Bicho Da Sedo", "Bicicletario", "Bike Boy", "Bioesteto", "Biologo", "Biomedica Estet", "Biomedico", "Bioquimico", "Bloquisto", "Bobinador", "Boddy Piercing", "Body Percing", "Body Piercer", "Body Piercing", "Boia Frio", "Boiadeiro", "Boleiro", "Bolo", "Bolos E Salgado", "Bolos E Sorvete", "Bolsista Doutor", "Bolso", "Bombeira Civil", "Bombeiro", "Bombeiro Cibil", "Bombeiro Civil", "Bombeiro Lider", "Bombeiro Milito", "Borda Toalho", "Bordadeiro", "Borrachario", "Borracheiro", "Borry Percy", "Boticario", "Bpc", "Bpc Loas", "Bpc+  Babo", "Bracal", "Brf", "Brigadisto", "Bronzeadoro", "C De Palhjo", "C De Palho", "Cabamentisto", "Cabe E Manicure", "Cabelareiro", "Cabeleileiro", "Cabeleira Implo", "Cabeleireira/Mo", "Cabeleireirio", "Cabeleireiro", "Cabeleireiros", "Cabeleirero", "Cabeleiro", "Cabeleit", "Cabeleleira/Pro", "Cabeleleireiro", "Cabeleleiro", "Cabelelireiro", "Cabelelleiro", "Cabelereiro", "Cabelo E Unho", "Cabereiro", "Cabo", "Cabo Do Exercit", "Cabo Doexercito", "Cabo Engajado", "Cabrador", "Cachorro Quente", "Cachorros", "Cadastrador", "Cadastradoro", "Cafeteiro", "Caixa + Autonom", "Caixa Banco", "Caixa Comercial", "Caixa Operadoro", "Caixa Tesourari", "Caixa/Bolsa Fam", "Caixario", "Caixo", "Calcamento", "Calcenter", "Calceteiro", "Calcetero", "Calculisto", "Caldeireiro", "Caldeiristo", "Caldereiro", "Calderero Iii", "Calderisto", "Caleristo", "Calhas", "Calheiro", "Call Center", "Cama De Hotel", "Camareiraluzio", "Camareiro", "Camarero", "Caminhao", "Caminheiro", "Caminhoeiro", "Caminhoneiro", "Camioneiro", "Campeiro", "Campo", "Canatopraxisto", "Canaviais", "Cantino", "Cantor", "Cantoro", "Capataz", "Capinteiro", "Capitadoro", "Capito", "Captadoro", "Carga Descargo", "Carga E Descarg", "Cargo Comission", "Cargo Tecnico", "Cargueiro", "Carimbo", "Carpa E Ramo", "Carpi Mandioco", "Carpintario", "Carpinteiro", "Carpinteiro N 2", "Carpintewiro", "Carpiteiro", "Carpointeiro", "Carrega Caminho", "Carregadeiro", "Carregador", "Carregador Merc", "Carregadoro", "Carregamento", "Carreteiro", "Carroceiro", "Cartorio", "Carvao", "Carvao Lavouro", "Carvoeiro", "Casa Alugado", "Casa Aluguel", "Casa De Aluguel", "Casa De Familio", "Casa De Festas", "Casa De Paisage", "Casan", "Casas Aluguel", "Casas D Aluguel", "Casas De Alugue", "Caseira Chcarro", "Caseiro", "Caseiro/Granjei", "Caso", "Catador", "Catador De Fran", "Catador De Reci", "Cavalaristo", "Caxario", "Cazeiro", "Cbeleireiro", "Ccolhedor", "Ceasa/Lavadeiro", "Ceaso", "Ceo", "Ceramisto", "Cerculeiro", "Cerralheiro", "Chacareiro", "Chacaro", "Chacreiro", "Chacrero", "Chapeador", "Chapeiro", "Chapisto", "Chaveiro", "Che De Gabinete", "Chef Cozinho", "Chef De Cozinho", "Chef De Setor", "Chef Dp Pessoal", "Chefe", "Chefe Beneficio", "Chefe Cabinete", "Chefe Cozinho", "Chefe D Adolesc", "Chefe De Acougu", "Chefe De Adm", "Chefe De Almoxo", "Chefe De Assist", "Chefe De Bar", "Chefe De Cabine", "Chefe De Cozinh", "Chefe De Diviso", "Chefe De Dp", "Chefe De Escrit", "Chefe De Gabine", "Chefe De Gabinn", "Chefe De Mecani", "Chefe De Obro", "Chefe De Ouvido", "Chefe De Pisto", "Chefe De Produc", "Chefe De Seg", "Chefe De Seguro", "Chefe De Setor", "Chefe De Ti", "Chefe De Vendas", "Chefe Dedivisao", "Chefe Equipe", "Chefe Gabinete", "Chefe Gabnete", "Chefe Setor", "Churras", "Churrasqueiro", "Cientisto", "Cif", "Cilios", "Cinegrafisto", "Circense", "Circuleiro", "Cirurgia Dentis", "Civil", "Classificacao", "Classificador", "Classificadoro", "Classisifcadoro", "Clt", "Cmeeis", "Cmestre Obro", "Cnpj", "Co", "Coatureiro", "Cobrador", "Cobrador Extern", "Cobradoro", "Cobranco", "Codernador", "Codernadoro", "Coetureiro", "Cogumelo", "Col Mandioco", "Coladeiro", "Coldeiro", "Coleito", "Coleta De Lixo", "Coleta De Reclg", "Coleta E Vendo", "Coleta Noturno", "Coleto", "Coletor", "Coletor De Lixo", "Coletor De Oleo", "Coletor De Resi", "Coletoro", "Colhe", "Colhe Verduro", "Colhedor Laranj", "Colhedor Mandio", "Colhedor Pesseg", "Colhedora De Ov", "Colhedoro", "Colheita De Uvo", "Colheita Man", "Colheito", "Colhendo", "Colheta E Plant", "Coloca Gesso", "Coloca Rotulo", "Coloristajunior", "Coloristo", "Columb", "Coluno", "Com De Roupas", "Com E Cost", "Comandante", "Combatente", "Comenciante", "Comercante", "Comercial", "Comercial Sps", "Comercial Vendo", "Comercianre", "Comerciante", "Comerciante Autonomo", "Comerciario", "Comercio", "Comercio Exteri", "Comerial", "Comissario", "Comissionado", "Comlurb", "Compra E Vendo", "Comprador", "Compradora Inte", "Compradorapleno", "Compradoro", "Compras", "Comunicacao", "Comunicacao Vis", "Con Acesso", "Con De Vendas", "Conbstrutor", "Concerto", "Concierge", "Concursado", "Concurso Public", "Condenadora Ped", "Conducao Escolo", "Condutoro", "Conf", "Conf + Prrop", "Conf De Bolos", "Conf De Camero", "Conf Deposito", "Conf Estoque", "Conf Mercadorio", "Conf/Cabeleire", "Confecao", "Confeccao", "Confeccao De Co", "Confeccionisto", "Confecoes", "Confeireiro", "Confeitario", "Confeiteiras", "Confeiteiro", "Confeitera Em G", "Confeiterio", "Confeitero", "Confeitrio", "Conferente", "Conferente B", "Conferente Est", "Conferente Exp", "Conferente Jr", "Conferente Plen", "Confeteiro", "Confianco", "Cons Academio", "Cons Civil", "Cons Comercial", "Cons De Negoci", "Cons De Vendas", "Cons Educacion", "Cons Negocios", "Cons Tutelar", "Cons Vendas", "ConsComercial", "Conselheira Tut", "Conselheiro", "Conselho Juridi", "Const Civil", "Constr/Pedreiro", "Construcao", "Construcao Civi", "Construcao De B", "Construtor", "Construtor Civi", "Consul Comerc", "Consul Cosmeti", "Consul De Atend", "Consul De Vendo", "Consul Vendas", "Consult Atendim", "Consult De Vendas", "Consult Vendas", "Consult Vendo", "Consultor", "Consultor Com", "Consultor De Tu", "Consultor De Ve", "Consultor Jurid", "Consultor Legis", "Consultor Modo", "Consultor Tec", "Consultor Vendo", "Consultor/Vendo", "Consultora Adm", "Consultora Come", "Consultora De C", "Consultora De S", "Consultora De V", "Consultora Exte", "Consultora Imag", "Consultora Inte", "Consultora Leg", "Consultora Pedo", "Consultora Prev", "Consultora Rh", "Consultora Tecn", "Consultora Trab", "Consultora Vend", "Consultoria Fin", "Consultorio", "Consultoro", "Consursado", "Consutora De Ve", "Cont De Acesso", "ContQualidade", "Contabil", "Contabilidade", "Contabilisto", "Contador", "Contadoraq", "Contadoro", "Continuo", "Contr De Acess", "ContrQualidade", "Contra Mestre", "Contramestre", "Contrato", "Control Acesso", "Controlador", "Controlador Ace", "Controlador De", "Controladora Ac", "Controladora De", "Controladoria L", "Controladorio", "Controladoro", "Controle De Pro", "Controle De Quo", "Controle Qualid", "Contrucao Civil", "Contrutor", "Conzinheiro", "Cood De Dp", "Cood De Jornali", "Cood, De Vendas", "Coodernadoro", "Coopeiro", "Cooper", "Cooperado", "Cooperador", "Coopero", "Coord Adm", "Coord Administ", "Coord Biofabric", "Coord Carga E", "Coord Cirurgio", "Coord Comercio", "Coord Compras", "Coord De Maquin", "Coord De Rh", "Coord Operacion", "Coord Operacoes", "Coord Pedagogi", "Coord Pedagogic", "Coord Peg", "Coord Rh", "Coord Vendas", "CoordBem Estar", "Coordenacao", "Coordenacao Pic", "Coordenado Rh", "Coordenador", "Coordenador Adm", "Coordenador Cr", "Coordenador De", "Coordenador Log", "Coordenador Obr", "Coordenadora Ad", "Coordenadora De", "Coordenadora Ed", "Coordenadora In", "Coordenadora Rh", "Coordenadoro", "Coordenfermeiro", "Copeira Hospito", "Copeira Senior", "Copeiro", "Copeiro De Hosp", "Coperadoro", "Cor Pedagico", "Coraticum", "Cord Adm", "Cord Administro", "Cord Manobras", "Cord Pedagogic", "Cord Societario", "Cord Vendas", "Cordenador", "Cordenador De C", "Cordenador Indu", "Cordenadora Adm", "Cordenadora De", "Cordenadora Rh", "Cordenadoro", "Cores Bancario", "Coringo", "Corr Imoveis", "CorrImoveis", "Correios", "Correotro", "Corresp Banc", "Corresp Bancari", "Correspondente", "Corret De Imov", "Corret De Segur", "Corretor", "Corretor De Imo", "Corretor De Seg", "Corretor De Vei", "Corretor Imovei", "Corretor Imovel", "Corretora De Im", "Corretora De Se", "Corretora Imo", "Corretora Imov", "Corretora Imove", "Corretoraimovel", "Corretoro", "Corrretoro", "Corta Pinus", "Cortado De Vidr", "Cortador", "Cortador D Cano", "Cortador De Euc", "Cortador De Len", "Cortador De Mad", "Cortador Textil", "Cortadoro", "Corte", "Corte Cano", "Corte De Cano", "Corte De Lenho", "Corte De Madeir", "Corte De Pinus", "Corte E Costuro", "Corte Madeiro", "Cortes", "Cortes De Madei", "Cosmeticos", "Cosmetologo", "Cosrureiro", "CostArtesanato", "Costumer", "Costumizadoro", "Costur Auton", "Costura/Croche", "Costurariro", "Costuras", "Costureio", "Costureira  / C", "Costureira De P", "Costureira Iv", "Costureiro", "Costureiro Na C", "Costuro", "Cosultor Credit", "Cosultora De Ve", "Cosultoro", "Cotrol Acesso", "Cotureiro", "Coveiro", "Coz/Diar", "Coz\\Inheiro", "Cozinehiro", "Cozinheira Chef", "Cozinheira Clt", "Cozinheira Gero", "Cozinheira Hosp", "Cozinheira Resp", "Cozinheira*Limp", "Cozinheira,Cong", "Cozinheiro", "Cozinhero", "Cozinhewiro", "Cozinhiro", "Cozinho", "Cpnsultoro", "Cracreiro", "Cranjo", "Cravadora Junio", "Creche Auxiliar", "Credialisto", "Criador Audio V", "Criadoro", "Criminal", "Croche", "Crocheteiro", "Cuid De Crianco", "Cuid De Idoso", "Cuid De Idosos", "Cuid Idoso", "Cuid Idoso82", "Cuid Idosos", "Cuida Da Mae", "Cuida Dos Netos", "Cuida Dos Pais\u00b4", "Cuida Idoso", "Cuida Mae", "Cuida Netos", "Cuidad De Idos", "Cuidad Idosos", "Cuidaddoro", "Cuidado De Avio", "Cuidadona De Id", "Cuidador", "Cuidador Aux", "Cuidador De Ani", "Cuidador De Ido", "Cuidador Idoso", "Cuidador Idosos", "Cuidador Social", "Cuidadora Autonomo", "Cuidadora Crian", "Cuidadora De Cr", "Cuidadora De Id", "Cuidadora De Io", "Cuidadora De Pe", "Cuidadora E Coz", "Cuidadora E Dom", "Cuidadora E Zel", "Cuidadora Escol", "Cuidadora Ido", "Cuidadora Idos", "Cuidadora Idoso", "Cuidadora Infan", "Cuidadora Parti", "Cuidadora Socio", "Cuidadora T Enf", "Cuidadora/Diari", "Cuidadoro", "Cuidaora De Ido", "Cuiidadoro", "Culdadora De Id", "Culinario", "Cult Cano", "Cultura Morango", "Cursos", "Customer", "Customizacao", "Custureiro", "Custureuro", "Cuzinheiro", "Cx", "Cxamarero", "Dairista E Babo", "Dancarino", "De Cano", "Decoracao", "Decoracao Festo", "Decoradora Fest", "Decoradoro", "Def Fisico", "Delegado", "Demestico", "Demostradora Me", "Dentista Cirurg", "Dentisto", "Dep Pessoal", "Depart Seguranc", "Departa Pessoal", "Departamento P", "Depiladoro", "Deposito", "Dermoconsultoro", "Desainer", "Descasca Mandio", "Descascadeiro", "Descascadoro", "Desconhecido", "Desempenador", "Desen Software", "Desenhista Indu", "Desenhisto", "Desentupidoro", "Desenv De Sotf", "Desenvolvedor", "Desgner", "Desgner De Sob", "Desi De Interio", "Desig Grafico", "Design", "Design Cilios", "Design De Inter", "Design De Joias", "Design De Unhas", "Design Grafico", "Design Unho", "Design/Dono", "Designer", "Designer D Caso", "Designer De Int", "Designer De Joi", "Designer De Mk", "Designer De Unh", "Designer Ghrafi", "Designer Grafic", "Designer Inter", "Designer Interi", "Designer Joias", "Designer Sobran", "Designer Sobro", "Designer Unho", "Desing", "Desing De Joias", "Desing De Unhas", "Desing Grafico", "Desinger Sobr", "Desingner E Est", "Desinsig De Art", "Desocador", "Desossador", "Desossador De C", "Desossadoro", "Desosso", "Desp De Tranpor", "Despachante", "Despachante Ad", "Dessosador De C", "Dessossador De", "Dessossar", "Destopador", "Diairsto", "Diaria Agricult", "Diaria Roco", "Diarias", "Diarias Roco", "Diario", "Diaris", "Diarist/Planto", "Diarista / Cost", "Diarista /Agric", "Diarista /Vende", "Diarista 2Xsem", "Diarista Cuidad", "Diarista Domest", "Diarista E Conf", "Diarista E Vend", "Diarista Fixo", "Diarista Roco", "Diarista Rural", "Diarista/Arteso", "Diarista/Babo", "Diarista/Estagi", "Diarista/Vended", "Diarista2508202", "Diaristajose", "Diaristo", "Diarosto", "Diarsita Agricu", "Diarsito", "Diastrito", "Diatisto", "Dietor De Servi", "Digitador", "Digitadoro", "Digital Influen", "Direcao", "Direito", "Diretfinanceiro", "Diretor", "Diretor Adminis", "Diretor Da Cade", "Diretor De Imag", "Diretor De Ti", "Diretor Executi", "Diretor Finance", "Diretor Saude B", "Diretor Senior", "Diretor Tur", "Diretora Adm", "Diretora De Art", "Diretora De Esc", "Diretora Dono", "Diretora Escolo", "Diretora Financ", "Diretora Presid", "Diretora Region", "Diretorio", "Diretoro", "Diretoto", "Diristo", "Disign Sobrance", "Disigner", "Disristo", "Distiato", "Distr Bebidas", "Distribuicao", "Distribuidor", "Distribuidora B", "Distribuidoro", "Diversos", "Divisao Suade", "Divulgacao", "Divulgadoro", "Dj", "Dm", "Dministradoro", "Do Lar", "Do Lar/Diaristo", "Doariosto", "Dobradoro", "Doceira/Vendedo", "Doceiro", "Docente/Prof", "Docerio", "Doces", "Doces E Salgado", "Doemstico", "Doenco", "Domador", "Domenstico", "Domest + Pens", "Domestco", "Domesti", "Domestica E Bab", "Domestica/", "Domestica/Cuido", "Domestica/Vende", "Domestico", "Domostico", "Dona Bar", "Dona Da Empreso", "Dona Da Lojo", "Dona Da Sojo", "Dona De Bar", "Dona De Bar E R", "Dona De Buffet", "Dona De Casa/Di", "Dona De Casas", "Dona De Caso", "Dona De Lojo", "Dona De Plantac", "Dona De Restaur", "Dona De Salao", "Dona De Salao D", "Dona De Sitio", "Dona Depilaroro", "Dona Do Lar", "Dona Do Salao", "Dona Empreso", "Dona Lojo", "Dona Restaurant", "Dona Salao", "Dona/ Faz Tudo", "Dona/ Salgadeir", "Dona/Vendedoro", "Dono", "Dono (Tecnico)", "Dono Academio", "Dono Da Empreso", "Dono De Bar", "Dono De Mecanic", "Dono Do Restaur", "Dono Pintor", "Dono Salaoblzo", "Dorcente", "Dosmetico", "Dp", "Dp Pesoal", "Dubladoro", "E Auto Diaristo", "E Pensionisto", "E80Nfermeiro", "Economisto", "Ed Fisico", "Ed Infantil", "Ed Social", "Editor", "Editor De Video", "Editoro", "Eduacadora Soci", "Eduacadoro", "Educ Infantil", "Educacao", "Educador", "Educador Fisico", "Educador Infant", "Educador Social", "Educadora Fisic", "Educadora Infan", "Educadora Socio", "Educadoro", "Efermeiro", "Egiene", "Elaboracao De P", "Eletr Distribui", "Eletrcisto", "Eletrecista Ind", "Eletrecisto", "Eletricicisto", "Eletricista Ind", "Eletricista Mec", "Eletricista Pro", "Eletricisto", "Eletricitario", "Eletrico", "Eletrisista89", "Eletrissisto", "Eletro", "Eletromecanico", "Eletrotecnico", "Eltricisto", "Embaladeiro", "Embalador", "Embaladoro", "Embalagem", "Embalagens", "Emcarregada Adm", "Emcarregado", "Emfermagem", "Emfermeiro", "Emp Domestico", "Empacotador", "Empacotadoro", "Empeendedoro", "Empegada Domest", "Empilhadeiro", "Empilhador", "Emppresario", "Empr De Produco", "Empr Domest", "Empr Domestico", "Empre Rural", "Empredoro", "Empreededoro", "Empreeendedoro", "Empreendedor", "Empreendedor133", "Empreendedoro", "Empreenteiro", "Empreg Domestic", "Emprega Domesti", "Empregada Dom", "Empregada Domes", "Empregado", "Empregado Domes", "Empregador", "Empreitas", "Empreiteiro", "Empreiterio", "Empreitero", "Empresa De Gess", "Empresaeio", "Empresaria Adm", "Empresaria Modo", "Empresaria/Prop", "Empresario", "Empresario Adm", "Empresatio", "Empreso", "Empressario", "Emprresario", "Emprstimo Consi", "Enbaladoro", "Enc De Manuten", "Enc De Obro", "Enc De Producao", "Enc Dept Financ", "Enc Eletrico", "Enc Fiambrerio", "Enc Oficino", "Enc Zeladoro", "Enca Adm", "Enca Caixo", "Encanador", "Encanador E Ped", "Encanador Ind", "Encanador Indus", "Encar Acogue", "Encar De Depart", "Encar De Obro", "Encarr De Caix", "Encarreegad", "Encarreg De Ele", "Encarreg Eletr", "Encarreg Filial", "Encarreg Setor", "Encarrega De Lj", "Encarregad Producao", "Encarregada De", "Encarregada Lim", "Encarregada Pro", "Encarregada Rh", "Encarregada Roc", "Encarregado", "Encarregado Aco", "Encarregado Adm", "Encarregado Alm", "Encarregado De", "Encarregado Ext", "Encarregado Geral", "Encarregado Jr", "Encarregado Pro", "Encarregado Rh", "Encarregado Set", "Encarregado Tro", "Enchertisto", "Encostado", "Enefermeira Par", "Enermeiro", "Enf Qualidade", "Enfer Do Samu", "Enfer Estetico", "Enfer Particul", "Enferemeiro", "Enfermagem", "Enfermagem E So", "Enfermeira Obst", "Enfermeira Part", "Enfermeira Tecn", "Enfermeiro", "Enfermeiro Part", "Enfermerio", "Enfermero", "Enfermiero", "Enfermmeiro", "Enferneiro", "Eng Agronomo", "Eng Ambiental", "Eng Civil", "Eng De Producao", "Eng De Produco", "Eng De Softwar", "Eng Quimico", "Engancheiraor", "Engen Civil", "Engenharia Civi", "Engenhario", "Engenheira Agri", "Engenheira Ambi", "Engenheira Civi", "Engenheira De P", "Engenheira Meco", "Engenheira Vivi", "Engenheiro", "Engenheiro Civi", "Engenheiro De M", "Engenheiro De S", "Engenheiro Flor", "Engenheiro Gero", "Engenheiro Soft", "Ensacador", "Enterprise", "Entrega Leite", "Entregador", "Entregadora Tec", "Entregadoro", "Entregas", "Enxoval", "Epedicao", "Epresario", "Ervas", "Ervas Medicinal", "Erveiro", "Ervicido", "Escaldagem Aux", "Escolo", "Escolta Armado", "Escrev Autorizo", "Escrevente", "Escrevente Subs", "Escrito", "Escritorio", "Escritorio Ax", "Escritoro", "Escrituario", "Escriturario", "Escrivao", "Escrivo", "Esducador Inter", "Esmaltador", "Esmalterio", "Esoterismo", "Esp De Qualido", "Esp De Qulidade", "Especao", "Especao Cif", "Especialista Co", "Especialista De", "Espedidoro", "Esperto De Qual", "Espertor", "Espertor De Quo", "Espetinho", "Espetor", "Espetor De Qual", "Espetora De Alu", "Espetora De Quo", "Espetora Final", "Espetoro", "Esponjo", "Espositor", "Espresario", "Est Automotivo", "Estagiaria Dir", "Estagiaria Rh", "Estagiario", "Estagiario Rh", "Estagiaro", "Estagio", "Estalador", "Estampadoro", "Estatuo", "Estec Animal", "Estecisto", "Estencionisto", "Estensao De Cil", "Esterelizadoro", "Estetecisto", "Esteti, E Recep", "Esteticista Can", "Esteticistas", "Esteticisto", "Estetico", "Estetico Automo", "Estetisto", "Esteto", "Estilisto", "Estimuladora In", "Estivador", "Estivadores", "Estofador", "Estofador De Mo", "Estofador Sofo", "Estoque", "Estoquisto", "Estoquistto", "Estregador", "Estrum Cicurgic", "Estrutor", "Estrutora De Tr", "Estudante", "Estudante Mestr", "Estudio Tatuage", "Estufa Tomate", "Euxiliar Adm", "Eventos", "Eventos/Manicur", "Evoluir", "Ex Pm", "Excpert Em Inte", "Exec Comercial", "Exec De Vendas", "Execuitv Contas", "Execultivo", "Executiva Conto", "Executiva De Ve", "Executivo", "Executivo Comer", "Executivo Vendo", "Exercito", "Exp E Imp", "Exp Qualidade", "Expedicao", "Expedidor", "Expedidor Iii", "Expedidoro", "Expessao", "Expetor", "Extencionisto", "Extr Madeiro", "Extrusor", "Extrutoro", "F", "Fabricante", "Fabricante / Ve", "Faccionisto", "Facilitador", "Fainira, Babo", "Faqueiro", "Farmaceltico", "Farmaceutico", "Farmacio", "Farmeceutico", "Fat Hospitalar", "Faturamento", "Faturista Hospi", "Faturisto", "Fax E Cuidador", "Faxieniro", "Faxineira/Manic", "Faxineiro", "Faxino", "Faz Bolo", "Faz Bolo E Doce", "Faz Ciilios", "Faz Doces", "Faz Drink", "Faz Eventos", "Faz Faxino", "Faz Obras Geral", "Faz Queijo", "Faz Salgado", "Faz Td", "Faz Tudo", "Fazendeiro", "Fazendo", "Feche De Cozinh", "Feirante", "Ferragem", "Ferramenteiro", "Ferrovio", "Figurante", "Figurinisto", "Filcal De", "Filiadoro", "Financas", "Financeiro", "Fis Sanitario", "Fisc Sanitario", "Fiscal", "Fiscal D E Caix", "Fiscal De Caixo", "Fiscal De Campo", "Fiscal De Lojo", "Fiscal De Obras", "Fiscal De Trasn", "Fiscal De Tribu", "Fiscal Municipo", "Fiscalizacao", "Fiscalizo", "Fiscial Vig San", "Fisioterapelto", "Fisioterapeurto", "Fisioterapeutao", "Fisioterapeuto", "Fisioteraupeuto", "Fisoterapeuto", "Florestal", "Floriculturo", "Floristo", "Folgisto", "Fonaldiologo", "Fono", "Fonoaudiologo", "Formadoro", "Formuladoro", "Fornecedor", "Forneiro", "Fotografo", "Frabricacao De", "Franciele", "Freentisto", "Freiro", "Fremtisto", "Frentista/Caixo", "Frentisto", "Frete", "Freteiro", "Frigorifico", "Fritador", "Frmaceutico", "Frut", "Frutc", "Fruticulturo", "Fruticutor", "Fulmicultor", "Fulmicultoro", "Fumicultor", "Fumicultora,Vendas", "Fumicultoro", "Fumiculturo", "Fumilcultor", "Fumilcultoro", "Fumilculturo", "Fumilcutor", "Fumo", "Fumo E Sojo", "Fumo E Uvo", "Fumucultoro", "Fun Publ Aposen", "Func Publica E", "Func Publico", "Funcao", "Funcionaria Pub", "Funcionario", "Funcionario Pub", "Fundadoro", "Fundidor", "Fundidor De Met", "Funeleiro", "Funeleiro Autom", "Funileiro", "Fuuncionario", "Gabinete Parlme", "Gado/ Lavouro", "Gancheira/Cromo", "Garagisto", "Garantisto", "Garcao", "Garcom", "Garcom1", "Garcon", "Garconete", "Gari", "Garimpeiro", "Garson", "Garsonete", "Gastronomo", "Ge", "Ger  Comercial", "Ger Adm", "Ger Cobranco", "Ger Comercial", "Ger Financeiro", "Ger Rec Human", "Gerais", "Geral", "Geral Horisto", "Geral Mensalist", "Geren Projetos", "Gerencia /Lider", "Gerencio", "Gerent D Suport", "Gerent Manuten", "Gerente", "Gerente  Comerc", "Gerente Ad", "Gerente Adm", "Gerente Adminis", "Gerente As", "Gerente Asm", "Gerente Assis", "Gerente Buffet", "Gerente Camarei", "Gerente Com", "Gerente Comerc", "Gerente Comerci", "Gerente Cred", "Gerente De  Coz", "Gerente De Adm", "Gerente De Cado", "Gerente De Caix", "Gerente De Cont", "Gerente De Conv", "Gerente De Dp", "Gerente De Exp", "Gerente De Fatu", "Gerente De Hote", "Gerente De Logi", "Gerente De Lojo", "Gerente De Nego", "Gerente De Ofic", "Gerente De Post", "Gerente De Proc", "Gerente De Producao", "Gerente De Rh", "Gerente De Ti", "Gerente De Tran", "Gerente De Vend", "Gerente De Vendas", "Gerente Do Inss", "Gerente Executi", "Gerente Farmaci", "Gerente Financ", "Gerente Finance", "Gerente Geral", "Gerente Industr", "Gerente Lojo", "Gerente Loteric", "Gerente Marketi", "Gerente Naciono", "Gerente Op", "Gerente Operac", "Gerente Operaci", "Gerente Ort", "Gerente Producao", "Gerente Produco", "Gerente Regiono", "Gerente Relacio", "Gerente Rh", "Gerente Riscos", "Gerente Senior", "Gerente Tec", "Gerente Traine", "Gerente Vendas", "Gerente/ Bancar", "Gerente/ Dono", "Gerente/Propiet", "Gerente/Proprie", "Geret Comercial", "Gernte", "Gesseiro", "Gesso", "Gest Qualidade", "Gestor", "Gestor Adm", "Gestor Admnistr", "Gestor Ambiento", "Gestor De Mkt", "Gestor Geral", "Gestor Hospital", "Gestor Midio", "Gestor Rh", "Gestora Adm", "Gestora Comerci", "Gestora De Lojo", "Gestora De Nego", "Gestora De Rede", "Gestora De Rh", "Gestora De Traf", "Gestora Finance", "Gestora Rh", "Gestorcomercial", "Gestoro", "Goomer", "Governanto", "Grafiteiro", "Granjeiro", "Granjo", "Green Angel", "Grommer", "Guarda Civil", "Guarda Floresto", "Guarda Municipo", "Guarda Patrim", "Guarda Patrimon", "Guardadoro", "Guardamunicipal", "Guardiao", "Guardiao Piscin", "Guardo", "Guia De Excurso", "Guia De Turismo", "Guia De Viagem", "Guia Turismo", "Guia Turistico", "Guilheiro", "Guilhotineiro", "Guinchero", "Gurada Municipo", "Hidraulico", "Hig De Piscino", "Higeinizacao", "Higiene", "Higiene Interno", "Higienie", "Higienisto", "Higienizacao", "Higienizador", "Higienizadoro", "Historiadoro", "Home Car", "Home Care", "Home Office", "Horisto", "Hospedagem", "Hospitalar", "Hotel", "Hotelario", "Idade", "Ider De Limpezo", "Imobiliario", "Imoveis Aluguel", "Imoveis De Alug", "Imovel  Alugado", "Impermializador", "Impla Rede 1", "Implantisto", "Impressao", "Impressor", "Impressor 3", "Impressor Flexo", "Impressor Ii", "In", "Indio", "Indupel", "Industriario", "Infermeiro", "Influencer", "Informatico", "Ingenizacao", "Injetor", "Inns", "Inquilino", "Insp De Qualido", "Insp De Soldo", "Insp Qualidade", "Inspecao", "Inspecao Visual", "Inspencao", "Inspetor", "Inspetor De Quo", "Inspetor Qualid", "Inspetora De Al", "Inspetora De Qu", "Inspetora Escol", "Inspetora Quali", "Inspetoro", "Inss", "Inss * Flo", "Inss E Cabeleri", "Inss+ Diarias", "Inss+Diaristo", "Insss", "Inssss", "Inst Cirurgico", "InstAntenas", "Instal Som", "Instalacao Pred", "Instalador", "Instalador De E", "Instalador Rep", "Instaladoro", "Instaladorr", "InstrCirurgico", "Instrumentador", "Instrumentadoro", "Instrut De Inf", "Instrutor", "Instrutor De Tr", "Instrutor Opero", "Instrutor Tec", "Instrutor Trans", "Instrutora De A", "Instrutora De B", "Instrutoro", "Interior", "Interp Libras", "Intimador", "Inv De Policio", "Invalidez", "Investidor", "Investidor Banc", "Investidoro", "Investigacao", "Investigador", "Investigadoro", "Irrigacao", "Isnp Federal", "Isolador Termic", "Isp Visual", "Jardinaeiro", "Jardinagem", "Jardineiro", "Jequiti", "Joias E Perfume", "Jornalisto", "Judiciario", "Juizo", "Juridico", "Kit Festas", "Kit Festo", "Laboratorio", "Laboratoristo", "Labrador", "Lach", "Lactaristo", "Lahs Desing", "Laminador", "Lanches", "Lanchonete", "Lanterneito", "Lapa Molas", "Lar", "Lasf Designer", "Lash", "Lash Design", "Lash Designer", "Lash Desing", "Lashe Design", "Latcinios", "Latoateiro", "Latoeiro", "Lauxiliar", "Lava Car", "Lavacao", "Lavacar", "Lavad Carros", "Lavadeiro", "Lavador", "Lavador D Carro", "Lavador De Cam", "Lavador De Carr", "Lavador De Veic", "Lavador Veiulos", "Lavadoro", "Lavagem A Seco", "Lavagem Automot", "Lavandeiro", "Lavanderio", "Lavauro", "Lavoouro", "Lavoro", "Lavoura Autonomo", "Lavoura/Aposent", "Lavouraq", "Lavouras", "Lavouro", "Lavrador", "Lavrador Rural", "Lavrador Sitio", "Lavradoro", "Lavradouro", "Lavrouro", "Leitario", "Leite", "Leiteiro", "Leiterio", "Leituristo", "Lenhador", "Lenheiro", "Licenciado", "Lider", "Lider Armazenag", "Lider Carregame", "Lider Comercial", "Lider De Atendi", "Lider De Bazar", "Lider De Caixo", "Lider De Engenh", "Lider De Equipe", "Lider De Fabric", "Lider De Limpez", "Lider De Logist", "Lider De Lojo", "Lider De Materi", "Lider De Montag", "Lider De Panifi", "Lider De Proces", "Lider De Produc", "Lider De Producao", "Lider De Secao", "Lider De Setor", "Lider Frigorico", "Lider OpeLogis", "Lider Producao", "Lideranco", "Limpeza Chacaro", "Limpeza Faxinei", "Limpeza Geral", "Limpezo", "Limpoezo", "Lingerie", "Linha De Produc", "Linha De Produi", "Linha Producao", "Litografo", "Lixador", "Loas", "Locacao Festas", "Locacao Imoveis", "Locador", "Locadora Imovel", "Locadoro", "Locatario", "Locatrio", "Locutor De Lojo", "Locutora E Oper", "Locutoro", "Logistica Aereo", "Logistica De Al", "Logistico", "Logisto", "Loja De Maquiag", "Loja De Roupas", "Loja Dono", "Loja Online/Vendas", "Lojisto", "Lojo", "Lombador", "Loucutoro", "Lubrificador", "Lubrificaor", "Lubruficador", "Luciano", "Lustracao", "Lustrador", "Lustrador De Mo", "M O Cozinho", "Ma D ObraAgri", "Madeireiro", "Madeiro", "Madereiro", "Magaref", "Magarefe", "Making T Shirts", "Man De Edi", "Mandioco", "Mandrilhador", "Manic E Vendas", "Manicule", "Manicure", "Manicure  E Des", "Manicure /Pedic", "Manicure Depilo", "Manicure E Cabe", "Manicure E Maqu", "Manicure Pedicu", "Manicure Vendas", "Manicure/Cabele", "Manicure/Confei", "Manicure/Maquio", "Manicure/Pedicu", "Manicure/Vendo", "Manicure860", "Manicure\\Domest", "Manicuri", "Manicuro", "Manipul Nutric", "Manipulador", "Manipulador Ali", "Manipuladoro", "Manobristo", "Manuntencao", "Manut De Esgoto", "Manut Em Gerais", "Manutecao", "Manuten Predial", "Manutencao", "Manutencao Elet", "Manutentor", "Mao De Ob Agric", "Maqueador/Socio", "Maqueadoro", "Maqueiro", "Maquiad E Visag", "Maquiadora/Micr", "Maquiadoro", "Maquinario", "Maquinisto", "Marcado", "Marcenario", "Marceneiro", "Marceneiro/Aposentado", "Marchante", "Marcineiro", "Marieiro", "Marinehiro", "Marinheiro", "Marinheiro De C", "Marinheiro Part", "Marisco", "Marisqueiro", "Markenting", "Marketing", "Marketing Digit", "Markitig", "Markting Digito", "Marmitario", "Marmiteiro", "Marmoaristo", "Marmore", "Marmoristo", "Masaterapeuto", "Massagem", "Massagisto", "Massaterapeuto", "Masseiro", "Masso", "Massoterapelto", "Massoterapeuto", "Massoterapio", "Massotterapeuto", "Matalurgico", "Material C", "Matern Boldrini", "Maternidade", "Mautecao", "Mecanico", "Mecanico Automovel", "Mecanico B", "Mecanico Carreto", "Mecanico Chapis", "Mecanico De Aer", "Mecanico De Maq", "Mecanico De Mot", "Mecanico De Ref", "Mecanico Eletri", "Mecanico I", "Mecanico Imdust", "Mecanico Indust", "Mecanico Lider", "Mecanico Manutencao", "Mecanico Maq Ag", "Mecanico Maquin", "Mecanico Maquinas", "Mecanico Montad", "Mecanico Pneumo", "Mecanico/Gerent", "Mecatronico", "Meche Com Cafe", "Med Vet", "Med Veterinario", "Mediadoro", "Medica Alternat", "Medica Vet", "Medica Veterino", "Medicino", "Medico", "Medico Veterino", "Medidor", "Medrendeiro", "Megahristo", "Mei", "Meio O De Marce", "Meio Ofic Manut", "Meio Oficial", "Meio Profission", "Melhorio", "Mensalisto", "Mentora De Nego", "Mercado", "Mercado Baru", "Meredeiro", "Merendeir", "Merendeiro", "Merendero", "Mertalurgico", "Mestre", "Mestre D Eobro", "Mestre De Obras", "Mestre De Obro", "Mestre De Setor", "Mestre Obras", "Metalizador", "Metalurgico", "Metalurgio", "Metarlugico", "Metrie", "Mexe Com Orto", "Micro Empresari", "Microempreended", "Microempresario", "Micropigmentado", "Midio", "Mili", "Militar", "Mineiro", "Mineracao", "Missionario", "Modelisto", "Modelo", "Modelosta De Ro", "Modisto", "Modo", "Moedeiro", "Mola De Faco", "Moldador De Plo", "Mon Escolar", "Monitor", "Monitor De Alun", "Monitor De Educ", "Monitor De Qual", "Monitor De Sist", "Monitor Qualido", "Monitora Autist", "Monitora Camer", "Monitora De Alo", "Monitora De Ele", "Monitora De Quo", "Monitora De Van", "Monitora Escolo", "Monitora Infant", "Monitora Trans", "Monitora Transp", "Monitoramento", "Monitoro", "Montad Est Meto", "Montador", "Montador 1", "Montador A Mao", "Montador De And", "Montador De Ext", "Montador De Maq", "Montador De Mov", "Montador De Tor", "Montador E Entr", "Montador Indust", "Montador Maqui", "Montador/Embalo", "Montadora 1", "Montadora De Ap", "Montadora De Mo", "Montadoro", "Montagem", "Mootoristo", "Morangos", "Mot De Onibus", "Mot De Transp", "Mot Rodotrem", "Moto", "Moto Boy", "Moto Caminhao", "Moto Careto", "Moto Girl", "Moto Serro", "Moto- Boy", "Moto/Agri", "Motoboy", "Motoqueiro", "Motori  Carret", "Motoriosto", "Motoris Escolar", "Motorista  App", "Motorista /Cami", "Motorista Aplic", "Motorista App", "Motorista Bitre", "Motorista Camin", "Motorista Caret", "Motorista Cargo", "Motorista Carre", "Motorista Combo", "Motorista De Ap", "Motorista De Bi", "Motorista De Co", "Motorista De En", "Motorista De Tr", "Motorista Escol", "Motorista Part", "Motorista Parti", "Motorista Propr", "Motorista Trans", "Motorista Truck", "Motorista Uber", "Motorista Van E", "Motorista(Vam)", "Motorista|", "Motoristo", "Motoristro", "Motorisyo", "Motorito", "Motorrista Carr", "Motorristo", "Motoserristo", "Motosits", "Mototaxi", "Motristo", "Mov De Merc", "Mov De Mercad", "Mov De Mercador", "Mov Mercadorias", "Mov Mercadorio", "Movim De Merc", "Movimentador De", "Multifuncional", "Multiplicadoro", "Musicisto", "Musico", "Musico E Pedrei", "Nail Design", "Nail Designer", "Nail Desing", "Nails Desgner", "Nails Designer", "Nao Exerce", "Nb 171 33758", "Nego D Cobranco", "Negociador", "Negociador Cob", "Negociadoro", "Negociante", "Neo Desiner", "Neuropsicopedag", "Nunca Trabalhou", "Nutri", "Nutricao", "Nutricionisto", "O De Serro", "O Maq", "O Telemarketing", "Obras", "Obras De Alveno", "Oeradoro", "Of De Cozinho", "Of De Eletrecis", "Of Eletrecisto", "Ofical De Limpe", "Oficial", "Oficial Adm", "Oficial Admin", "Oficial Adminis", "Oficial Adminit", "Oficial De Cozi", "Oficial De Just", "Oficial De Limp", "Oficial De Manu", "Oficial De Obro", "Oficial De Pint", "Oficial Manuten", "Oficial Promoto", "OficialAdminis", "Oficina De Moto", "Oficina Mecanic", "Oficino", "Oficno", "Olaria Ceramico", "Oleiro", "Onfeccao", "Onss", "Op", "Op  Maquino", "Op Agropecuario", "Op Ativo", "Op Caixo", "Op Caldeiro", "Op Call Center", "Op Carregadeiro", "Op Chicote", "Op Classificaco", "Op Cnc", "Op Colhedoro", "Op D Maquinas", "Op D Maquino", "Op D Motosserro", "Op De Agrop", "Op De Balanco", "Op De Betorneir", "Op De Bombo", "Op De Bordados", "Op De Caixo", "Op De Cal", "Op De Caldeiro", "Op De Celulo", "Op De Descargo", "Op De Empilhade", "Op De Empilho", "Op De Escavadei", "Op De Estampari", "Op De Expedicao", "Op De Filatorio", "Op De Forno", "Op De Granel", "Op De Gremalhei", "Op De Higienizo", "Op De Impressor", "Op De Injetoro", "Op De Lavaderi", "Op De Loja 2", "Op De Lojo", "Op De Man", "Op De Manufatur", "Op De Maq", "Op De Maq  E Eq", "Op De Maq 2", "Op De Maquinac", "Op De Maquinari", "Op De Maquinas", "Op De Maquino", "Op De Moinho", "Op De Moto Serr", "Op De Motoserro", "Op De Motosserr", "Op De Muck", "Op De Negocios", "Op De Passadoro", "Op De Perecivel", "Op De Po", "Op De Portico", "Op De Prenso", "Op De Prep De G", "Op De Producao", "Op De Serrario", "Op De Serro", "Op De Silos", "Op De Torno", "Op De Trator", "Op De Tv", "Op De Vincadeir", "Op De Zincagem", "Op Descascador", "Op Emp", "Op Empilhadeiro", "Op Equip 1", "Op Escavadeiro", "Op Estampo", "Op Ete", "Op Florestais", "Op Furadeiro", "Op Guardanapo", "Op Impilhadeiro", "Op Industrial", "Op Injetoro", "Op Inpilhadweir", "Op Laminadoro", "Op Lider", "Op Logistica 1", "Op Logistica I", "Op Logistico", "Op Lojo", "Op Maguino", "Op Maq", "Op Maq Agrico", "Op Maq E Equipo", "Op Maq Floresto", "Op Maquimo", "Op Maquina 1", "Op Maquinas", "Op Maquino", "Op Marquina 02", "Op Mineracao", "Op Monitoramen", "Op Moto Serro", "Op Motonivelado", "Op Otimizadoro", "Op Painel", "Op Painel Asfal", "Op Pedagio", "Op Pegagio", "Op Pistolo", "Op Ponte", "Op Proc Produco", "Op Processo De", "Op Processos", "Op Producao", "Op Rocadeiro", "Op Telecobranco", "Op Telemark", "Op Telemarketi", "Op Telemarketin", "Op Ter Loterico", "Op Textil", "Op Topofrafico", "Op Torno Lixo", "Op Trator", "Op Uv", "Op,Producao", "OpCaixo", "OpCarregadeiro", "OpDe Cardas", "OpDe Maq/Pedre", "OpDe Torno", "OpFiacao", "OpMaquino", "OpTelemarketin", "Opd D Caixo", "Ope", "Ope Caixo", "Ope De Caixo", "Ope Laboratori", "Oper", "Oper  Maquinas", "Oper Caixo", "Oper Cartaz", "Oper D Maquinas", "Oper De Caixo", "Oper De Ciaxo", "Oper De Escav", "Oper De Maq", "Oper De Maquin", "Oper De Monitor", "Oper De Pedagio", "Oper De Produc", "Oper Destopade", "Oper Maquinas", "Oper Proc Indus", "Oper Producao", "Opera De Caixo", "Opera De Lojo", "Opera Producao", "Operacao Qualid", "Operacionac", "Operacional", "Operad Comercio", "Operad De Caixo", "Operad De Empil", "Operado De Maqu", "Operadoer De Mo", "Operador", "Operador  Tear", "Operador 2", "Operador 3", "Operador Caixo", "Operador Caldei", "Operador Centri", "Operador Comerc", "Operador De Aco", "Operador De Cai", "Operador De Cal", "Operador De Cen", "Operador De Cx", "Operador De Emp", "Operador De Esc", "Operador De Exp", "Operador De Ext", "Operador De For", "Operador De Imp", "Operador De Jat", "Operador De Log", "Operador De Loj", "Operador De M", "Operador De Maq", "Operador De Min", "Operador De Mo", "Operador De Mot", "Operador De P", "Operador De Per", "Operador De Plo", "Operador De Po", "Operador De Pr", "Operador De Prc", "Operador De Pre", "Operador De Pro", "Operador De Roc", "Operador De Sac", "Operador De Ser", "Operador De Set", "Operador De Sub", "Operador De Tel", "Operador De Tor", "Operador De Tro", "Operador De Usi", "Operador Emilho", "Operador Equipo", "Operador Filtro", "Operador Gepon", "Operador Lamino", "Operador Log", "Operador Logist", "Operador Lojo", "Operador Maq", "Operador Maquin", "Operador Mquino", "Operador Munck", "Operador Nivel1", "Operador Painel", "Operador Pedagi", "Operador Produc", "Operador Producao", "Operador Rebubi", "Operador Rural", "Operador Secado", "Operador Tecnic", "Operador Trat C", "Operadora  De C", "Operadora 1", "Operadora Caixo", "Operadora Cx", "Operadora Da Mo", "Operadora De Bo", "Operadora De Co", "Operadora De Cx", "Operadora De Eq", "Operadora De Lo", "Operadora De Mo", "Operadora De Mq", "Operadora De Pr", "Operadora F", "Operadora Maq", "Operadora Maqui", "Operadora Multi", "Operadora Opn", "Operadoracaixo", "Operadoraproduc", "Operadorde Maqu", "Operadoro", "Operados Corte", "Operadpra De Mo", "Operaor De Trat", "Operardor", "Operario", "Operario Barcal", "Operaroo", "Operdaor De Cai", "Operdor", "Operdor Produco", "Operdora De Maq", "Opero", "Opr  2 Classifi", "Opr D Emaquino", "Opr Maquino", "Opr Producao", "Oprador Maq", "Optometristo", "Orcamentisto", "Ordenhador", "Org Eventos", "Organizacao Esc", "Organizador", "Organizador Obr", "Organizadoro", "Organizer", "Orientador", "Orientador Pati", "Orientadora Ed", "Orientadora Edu", "Orientadora Soc", "Orientadoro", "Ornamentadoro", "Ortalicas", "Ou", "Outras", "Outros", "Oxinagem", "P/Terceiros", "Padagogo", "Padario", "Padeira/Gerente", "Padeiro", "Padre", "Paisagismo", "Palconisto", "Palestrante", "Panificacao", "Panificadoro", "Papiloscopisto", "Parana Prev", "Paratleto", "Parrileiro", "Particular", "Pascificadoro", "Passadeiro", "Passador", "Passadorio", "Pastor", "Pastora E Artes", "Pastoro", "Pcd", "Pcp", "Pdreiro", "Pecadoro", "Pecuaristo", "Pedagocgio", "Pedagodo", "Pedagoga Multim", "Pedagoga Profes", "Pedagogio", "Pedagogo", "Pedicure", "Pedr", "Pedreiro", "Pedreiro + Aposentado", "Pedreiro E Uber", "Pedreiro Geral", "Pedreiro Oficio", "Pedreiro/Pintor", "Pedreiro/Vended", "Pedreito", "Pedrero", "Pedriro", "Peedreiro", "Pegagogo", "Peixaria Alugue", "Pelotisto", "Pemsionisto", "Pen/Agricultoro", "Penal", "Pencionisto", "Penionisto", "Penisonisto", "Penitenciario", "Pens", "Pens + Agric", "Pens + Vendas", "Pens / Vendedor", "Pens /Atendente", "Pens E Aposent", "Pens E Diaristo", "Pens E Hotel", "Pens Exercito", "Pens+ Babo", "Pens/ Autonomo", "Pens/Auto Pesco", "Pens/Camareiro", "Pensao", "Pensao Esposo F", "Pensao Marido", "Pensao Morte", "Pensao Por Mort", "Pensi", "Pensi/ Limpezo", "Pensinisto", "Pensio/Aposent", "Pensioisto", "Pensionista+Dio", "Pensionista/Apo", "Pensionista/Dio", "Pensionistao", "Pensionisto", "Pensionito", "Pensionnisto", "Pensionsito", "Pensionsto", "Pensionto", "Pensiosnito", "Pensonisto", "Penssionisto", "Peofessoro", "Pequaristo", "Perador De Maqu", "Percadoro", "Pereiro", "Perfumisto", "Perita Criminal", "Perito Criminal", "Pers Bronzer", "Pers Organize", "Personal", "Personal Bronze", "Personal Organi", "Personal Organo", "Personal Style", "Personal Traine", "Personal Treine", "Personalizacao", "Personisto", "Perueiro", "Pesacadoro", "Pesca Geral", "Pescador", "Pescador,Chapeo", "Pescador/Constr", "Pescadora Artes", "Pescadoro", "Pesco", "Pesionisto", "Pesqueiro", "Pesquisador", "Pesquisadora/Vd", "Pesquisadoro", "Pilotisto", "Piloto", "Piloto De Aviao", "Pintor", "Pintor Automoti", "Pintor De Altur", "Pintor De Movei", "Pintor De Obras", "Pintor E Pedrei", "Pintor Ind", "Pintor Industri", "Pintor Predial", "Pintora Industr", "Pintoro", "Pinturas Geral", "Pinturo", "Pinus", "Piscicologo", "Piscineiro", "Piscologo", "Pisicologo", "Pizaiolo", "Pizzaiola2", "Pizzaiolo", "Pizzaolo", "Pj", "Pj - Psicologo", "Planejamento", "Plano De Saude", "Planta E Colhe", "Planta Verduras", "Plantacao", "Plantacao De Pi", "Plantacao Rural", "Plantacao Tomat", "Plantil", "Planto", "Plataformo", "Plocial", "Pm/Soldado 1\u00b0 C", "Pnssionisto", "Po", "Pocos Artesiano", "Podologo", "Polial Penal", "Policia Civil", "Policia Militar", "Policia Penal", "Policial", "Policial Aposen", "Policial Cabo", "Policial Civil", "Policial Milito", "Policial Penal", "Policial75", "Policio", "Polidor", "Polidor De Meto", "Polivalente", "Ponto De Alugue", "Por Dio", "Por Serv", "Porcenteiro", "Porfessora De A", "Porfessora Part", "Porprietario", "Portaria Virtuo", "Portario", "Porteiro", "Porteiro Noturn", "Portiero", "Porto De Areio", "Pos Producao", "Posentado", "Possui Mei", "Postes", "Posto De Abaste", "Pprofessoro", "Praparador", "Pratico", "Preador Maquimo", "Precisao", "Predreiro", "Preferi", "Prefessoro", "Prencisto", "Prensisto", "Prep De Dados", "Prep De Maquino", "Prep Maquino", "Preparacao", "Preparadeiro", "Preparador", "Preparadoro", "Prepardora De T", "Presidente", "Prest D Servico", "Prest Servicos", "Presta Servioco", "Prestacao De Se", "Prestacao Servi", "Prestador", "Prestador Serv", "Prestadora De S", "Prestadoro", "Previdenciario", "Previdencio", "Prmotoro", "Pro Prietario", "Procuradoro", "Prod Arroz", "Prod Cana De Ac", "Prod Carvao", "Prod De Casting", "Prod De Corte", "Prod De Leite", "Prod E Editor", "Prod Eventos", "Prod Naturais", "Prod Rural", "Prod Salgado", "Producao", "Producao Alimen", "Producao Assist", "Producao De Ali", "Producao De Doc", "Producao E Tran", "Producao F", "Produtor", "Produtor De Lei", "Produtor Evento", "Produtor Morang", "Produtor Rural", "Produtora Audio", "Produtora De Ev", "Produtora Rural", "Produtoro", "Produtos Esteti", "Prof", "Prof Artes Marc", "Prof Belezo", "Prof De Artes", "Prof De Ed Fisi", "Prof Ed Fisic", "Prof Ed Fisico", "Prof Edu Basico", "Prof Educ Bas", "Prof Educ Fisic", "Prof Musico", "Prof Paticular", "Prof Sp", "Prof/Conc E Pss", "Profe", "Proferssoro", "Profes Aposent", "Profesoro", "Professo", "Professoaro", "Professor", "Professor De Ed", "Professor Docen", "Professor Efet", "Professor/Ator", "Professora Apon", "Professora Aposentado", "Professora Cei", "Professora De E", "Professora De P", "Professora Ed", "Professora Efet", "Professora Ingl", "Professora P1", "Professora Pss", "Professora Subs", "Professora/Coor", "Professoro", "Professosro", "Professouro", "Professsoro", "Proficional", "Profissional", "Prog Ferrament", "Programa Indust", "Programador", "Programadoro", "Projetista Dese", "Projetisto", "Prolabore", "Prom De Vendas", "Prom Eventos", "Prom Vendas", "Promo D/ Vendas", "Promo Vendas", "Promolter", "Promot De Vendo", "Promot Vendas", "Promotor", "Promotor De Vendas", "Promotor Vendas", "Promotora Comer", "Promotora De Ev", "Promotora De Mo", "Promotora De V", "Promotora De Ve", "Promotora Event", "Promotora Merco", "Promotora Vendo", "Promotorade Tri", "Promotoro", "Prooprietario", "Prop", "Prop + Diario", "Prop De Imovel", "Prop Sitio", "Prop Vendas", "Propagadisto", "Propagandista M", "Propagandisto", "Propetario", "Propietario", "Propio", "Propr", "Propreitario", "Propretariaso", "Propretario", "Propretariovend", "Propriatario", "Proprieario", "Proprientario", "Propriestario", "Proprietaio", "Proprietaria De", "Proprietario", "Proprietario Re", "Proprietaro", "Proprietatio", "Proprieterio", "Proprietrario", "Proprietrio", "Proprio", "Proprioetario", "Proprirtario", "Propritario", "Proproetario", "Proptario", "Prorietario", "Prorittario", "Protecao Dados", "Protese Dentari", "Protetico", "Protora De Vend", "Protora Vendas", "Prpfessoro", "Prprietario", "Prudutor", "Pscicanalisto", "Pscicologo", "Pscologo", "Psi E Prof", "Psicologa Do Mu", "Psicologan", "Psicologio", "Psicologo", "Psicopedagogo", "Psicoterapeuto", "Psiculturo", "Psquiatro", "Pss", "Publicidade", "Publicitario", "Qualidade", "Quebrador", "Queijos", "Queima De Cano", "Queimador", "Quimico", "Radialisto", "Radiologio", "Radiologisto", "Rama Mandioco", "Ramo Da Belezo", "Rasteleiro", "Recebe Alugueis", "Recebe Arrendan", "Recebe Benefici", "Recebe Pensao", "Recebe Rendo", "Recep E Empreso", "Recepcao", "Recepcao/Caixo", "Recepcionisto", "Recepcionito", "Recepcionsto", "Recepicionisto", "Recepisionisto", "Recepsionisto", "Reciclador", "Recicladoro", "Reciclagem", "Reciclagem+Auxi", "Reciclagen", "Reciclagme", "Reciclarem", "Recpcao", "Recpcionisto", "Recpecionisto", "Recpicionisto", "Recreacionisto", "Recreadoro", "Recursos Humano", "Redatoro", "Refeitorio", "Refilador", "Refiladoro", "Reflorestador", "Reflorestamento", "Reformas", "Refrigeracao", "Refrigerador", "Regente", "Regist Civil", "Registrado", "Registratto", "Reiki", "Reilheriro", "Rejuntadeiro", "Relacoes Public", "Rematadeiro", "Renda De Alugue", "Renda Esposo", "Rentisto", "Rep Comercial", "Rep Vendas", "Reparos", "Reperesentante", "Reporter", "Reposicao", "Repositor", "Repositor De Fr", "Repositor De Mc", "Repositora Frio", "Repositora Lojo", "Repositoro", "Repr Comercial", "Repre Com", "Repre Comercio", "Repres Com ,", "Repres Comercio", "Represcomercial", "Representan Com", "Representande C", "Representante", "Representante C", "Representante D", "Representante V", "Representente C", "Represetante", "Represetante Co", "Resinagem", "Resp Qualidade", "Resp Tecnico", "Responsavel Adm", "Responsavel Tec", "Restaurante", "Retificador", "Retireiro", "Rev De Toalho", "Revededoro", "Revend E Diaris", "Revenda E Diari", "Revendas", "Revende Avon", "Revendedo/Diari", "Revendedor", "Revendedora Avo", "Revendedoro", "Revendedroro", "Revendo", "Revisor", "Revisora Chefe", "Revisoro", "Rh", "Rocador", "Rocador Costal", "Rocador De Lote", "Roco", "Rondimentos", "Roupas", "Roupas Adultas", "Rual", "Rural", "Rural Agro", "Rural Autonomo", "Rural Leit", "Ruralisto", "S Publica Est", "S=Domestico", "Sacario", "Sacerdotiso", "Sacoleiro", "Safristo", "Sala Cofre", "Sala Cortes", "Sala De Cortes", "Saladeiro", "Salao", "Salao Belezo", "Salao De Belezo", "Salao Estetico", "Salgadeiro", "Salgador  De Al", "Salgados", "Salgados E Doce", "Salgo", "Salgueiro", "Samu", "Sangento", "Sapateiro", "Saqueiro", "Sargento", "Saude", "Saude Bocal", "Saude Bucal", "Saude Sao Jose", "Scr De Obras", "Sd Engajado", "Seaso", "Sec Da Educacao", "Sec Executivo", "Sec Gabinete", "Sec Judicial", "Sec Junta Serv", "Sec Parlamentar", "Sec Saude", "SecEsporte", "Secagem", "Secr Da Educaco", "Secr Da Educao", "Secr Do Lar", "Secr Esporte", "Secret Executiv", "Secret[Aria De", "Secretaria Acad", "Secretaria Adju", "Secretaria Adm", "Secretaria Admi", "Secretaria Do L", "Secretaria Educ", "Secretaria Esco", "Secretaria Exec", "Secretaria Lar", "Secretaria Saud", "Secretaria Tecn", "Secretaria/Diat", "Secretariado", "Secretario", "Secretario Parl", "Secretaruio", "Secretraia D Es", "Sect Domestico", "Securitario", "Sedex", "Seecretario", "Seg De Eventos", "Seg Do Trabalho", "Seg Patrimonial", "Segunraco", "Seguranca Do Tr", "Seguranca Publi", "Seguranca Trabo", "Seguranco", "Segurano", "Seguro", "Seletisto", "Semijoias", "Separador", "Ser", "Ser Gerais", "Ser Gerias", "SerGerais", "Serg Gerais", "Serg Gerais/Pen", "Serigrafisto", "Serrador", "Serraheiro", "Serralheiro", "Serralherio", "Serv", "Serv, Gerais", "ServGerais", "ServGerias", "Servcicos Gerai", "Servcos Gerais", "Servcoss Gerais", "Servemte", "Servent D Pedre", "Servent De Limp", "Servente", "Servente 2", "Servente 40H", "Servente De Lim", "Servente De Obr", "Servente De Ped", "Servente Geral", "Servente Limpez", "Servente Obras", "Servente Pedrei", "Servente Planto", "Servente Rural", "Servente/Vigio", "Servgerais", "Servi Gerais", "Servicis Gerais", "Servico", "Servicoes Gerai", "Servicogerais", "Servicoi Gerais", "Servicops Gerio", "Servicos", "Servicos  Gerais", "Servicos /Pensio", "Servicos De Geral", "Servicos De Limpezo", "Servicos De Obras", "Servicos De Pedreir", "Servicos Ge", "Servicos Geirai", "Servicos Gerai", "Servicos Gerail", "Servicos Geraio", "Servicos Gerais", "Servicos Gerais1", "Servicos Geral", "Servicos Geraos", "Servicos Geras", "Servicos Gerias", "Servicos Gr", "Servicos Limpe", "Servicos Limpezo", "Servicos Manutenco", "Servicos Obras", "Servicos Pedreiro", "Servicos Publica Cr", "Servicos Publico", "Servicos Rural", "Servicos Social", "Servidor", "Servidor De Seg", "Servidor Public", "Servidor Requis", "Servidora Publi", "Servidoro", "Servidos Gerais", "Servilcos Gerai", "Servilos Gerais", "Servinet Servic", "Servisos Gerais", "Servisos Geras", "Servocod Gerais", "Servocos Gerai", "Servocos Gerais", "Setor Compras", "Sev Gerais", "Sevicos Gerais", "Sewrvicos Gerai", "Sinaleira Rigge", "Sinaleiro", "Sindico", "Sistema Operaci", "Sistemo", "Sitiante", "Sitio", "Sobrancelhas", "Socia Adm", "Socia Administr", "Socia Diretoro", "Socia Do Marido", "Socia Operadoro", "Socia Proprieto", "Socia/Administr", "Socia/Proprieto", "Social", "Social Medio", "Social Midio", "Socio", "Socio Adm", "Socio Administr", "Socio Admistr", "Socio Gerente", "Socio Prop", "Socio Propietar", "Socio Proprieto", "Socio/Marceneir", "Socio/Proprieto", "Socioeducadoro", "Sociologo", "Socorristo", "Soja E Fumo", "Sojo", "Solcio Prop", "Soldado", "Soldado Engajad", "Soldador", "Soldador Iv", "Soldador Mecani", "Soldadoro", "Sombrancelho", "Sondador", "Sorriso", "Sorveteiro", "Sou Dadoro", "Srv Contrucao", "Srvicos Gerais", "Sub Encarregado", "Sub Gerente", "Sub Lider", "Sub Tenente", "Subgerente", "Subgerente Come", "Subtenente", "Sucateiro", "Sucatero", "Suinocultor", "Suinocultoro", "Suinoculturo", "Suinuculturo", "Sup Comercial", "Sup De Limezo", "Sup De Producao", "Sup De Segunran", "Sup De Vendas", "Sup Log", "Sup Tecnico", "Sup Vendas", "Super Hotelario", "Superv Comercio", "Superv De Fatur", "Superv De Setor", "Superv Marketin", "Superv Vendas", "Supervidor", "Supervis Vendo", "Supervisao", "Supervisor", "Supervisor Ambl", "Supervisor Come", "Supervisor De C", "Supervisor De L", "Supervisor De S", "Supervisor De T", "Supervisor Fino", "Supervisor Meco", "Supervisor Oper", "Supervisor Tecn", "Supervisor Vend", "Supervisora 1", "Supervisora Adm", "Supervisora Cai", "Supervisora Com", "Supervisora De", "Supervisora Esc", "Supervisora Far", "Supervisora Fin", "Supervisora Jur", "Supervisora Rel", "Supervisora Rh", "Supervisora Rh,", "Supervisorfatur", "Supervisoro", "Supervisoso", "Supervispro", "Supervosoro", "Suporte Tecnico", "Surpervisoro", "Surpevisoro", "Sushiman", "Suviculturo", "Sv Gerais", "T Seg Trabalho", "TI", "Tapeceiro", "Tapeteiro", "Tarefeiro Rural", "Tarologo", "Tatuador", "Tatuadoro", "Taxi", "Taxisto", "Tb Rural", "Tc Efermagenm", "Tc Enfermagem", "Te De Laborato", "Te Eletronico", "Tec", "TecEnfer", "TecEnfermagem", "TecMaquinas", "TecSeguranco", "Tecelam", "Tecelan", "Tecelao", "Tecelo", "Tecinco", "Tecn De Enf", "Tecn Enfermage", "Tecn Enfermagem", "Tecn Enfermo", "Tecn Nfermagem", "Tecn Seg Trab", "Tecna De Enferm", "Tecnico", "Tecnico Acabame", "Tecnico Adm", "Tecnico Adminis", "Tecnico Administrat", "Tecnico Agricol", "Tecnico Alimentos", "Tecnico Ambient", "Tecnico Assist", "Tecnico Atividades", "Tecnico Automot", "Tecnico Benfermagem", "Tecnico Contabilido", "Tecnico De Aguo", "Tecnico De Alim", "Tecnico De Analise", "Tecnico De Ar C", "Tecnico De Bpo", "Tecnico De Cabi", "Tecnico De Coleto", "Tecnico De Eenfermo", "Tecnico De Emfermag", "Tecnico De Enf", "Tecnico De Enfe", "Tecnico De Enfer", "Tecnico De Enferm", "Tecnico De Enfermag", "Tecnico De Enfermo", "Tecnico De Farmacio", "Tecnico De Fute", "Tecnico De Imfe", "Tecnico De Infe", "Tecnico De Infermag", "Tecnico De Info", "Tecnico De Informat", "Tecnico De Inovacao", "Tecnico De Instalac", "Tecnico De Instrume", "Tecnico De Labo", "Tecnico De Laborato", "Tecnico De Manut", "Tecnico De Mecanco", "Tecnico De Mecanico", "Tecnico De Nutricao", "Tecnico De Oper", "Tecnico De Patologi", "Tecnico De Procurad", "Tecnico De Producao", "Tecnico De Qualidad", "Tecnico De Radi", "Tecnico De Radiolog", "Tecnico De Saud", "Tecnico De Saude Bu", "Tecnico De Seg", "Tecnico De Segu", "Tecnico De Segurac", "Tecnico De Seguranc", "Tecnico De TI", "Tecnico De Teci", "Tecnico De Vigilanc", "Tecnico Designer D", "Tecnico Educadora F", "Tecnico Eletric", "Tecnico Eletrico", "Tecnico Eletronico", "Tecnico Em Analises", "Tecnico Em Dede", "Tecnico Em Eletron", "Tecnico Em Enf", "Tecnico Em Enfe", "Tecnico Em Enferm", "Tecnico Em Enfermag", "Tecnico Em Enfermo", "Tecnico Em Fibro", "Tecnico Em Laborato", "Tecnico Em Manu", "Tecnico Em Pain", "Tecnico Em Poli", "Tecnico Em Qual", "Tecnico Em Radi", "Tecnico Em Radiolog", "Tecnico Em Secr", "Tecnico Em Seguranc", "Tecnico Em Seguros", "Tecnico Emenfer", "Tecnico Emfermagem", "Tecnico Emfermo", "Tecnico Emissao", "Tecnico Enf", "Tecnico Enfemagem", "Tecnico Enfer", "Tecnico Enferm", "Tecnico Enfermag", "Tecnico Enfermagem", "Tecnico Enfermagen", "Tecnico Enfermargem", "Tecnico Enfermeiro", "Tecnico Enfermgem", "Tecnico Enfermo", "Tecnico Enferno", "Tecnico Farmaci", "Tecnico Farmacio", "Tecnico Florest", "Tecnico Fudiciario", "Tecnico Infanti", "Tecnico Infermagem", "Tecnico Infermagen", "Tecnico Infermaqgem", "Tecnico Infermo", "Tecnico Informo", "Tecnico Inss", "Tecnico Insta Eletr", "Tecnico Interne", "Tecnico Internet", "Tecnico Judiciario", "Tecnico Judicio", "Tecnico Juridico", "Tecnico Lab", "Tecnico Laborat", "Tecnico Laboratori", "Tecnico Laboratorio", "Tecnico Manutencao", "Tecnico Mecan", "Tecnico Mecanic", "Tecnico Mecanico", "Tecnico Multicanais", "Tecnico Nutrico", "Tecnico Operadoro", "Tecnico Planejo", "Tecnico Process", "Tecnico Processamen", "Tecnico Producao", "Tecnico Producao 3", "Tecnico Produco", "Tecnico Qualidade", "Tecnico Qualido", "Tecnico Radiolo", "Tecnico Radiologio", "Tecnico Raio X", "Tecnico Rede", "Tecnico Refrige", "Tecnico Saude", "Tecnico Sec Officer", "Tecnico Secretario", "Tecnico Seg Do Tr", "Tecnico Seg Do Trab", "Tecnico Seg Trab", "Tecnico Seg Trabalh", "Tecnico Seg Tro", "Tecnico Segu Trablh", "Tecnico Segu Trabo", "Tecnico Seguran", "Tecnico Seguranca T", "Tecnico Seguranco", "Tecnico Supervi", "Tecnico Sus", "Tecnico TI", "Tecnico Ti", "Tecnico Univers", "Tecnico Vendedorado", "Tecnicoseg Do T", "Tecnida De Enfe", "Tecnio De Nutri", "Tecno", "Tecnologa Jurid", "Tecnologa Radio", "Tecnologo", "Tecnologo Radio", "Tec\u00b4Enfermagem", "Teleatendente", "Teleatendimento", "Telefonisto", "Telemarket", "Telemarketing", "Telemarkt", "Televendas", "Tem Casa De Alu", "Tem Uma Pensao", "Tempero", "Tenente", "Tenente Preside", "Ter, Ocupaciono", "Terapeuro", "Terapeuta E Pod", "Terapeuta Energ", "Terapeuta Oc", "Terapeuta Ocupo", "Terapeutico", "Terapeuto", "Terapio", "Tesoreiro", "Tesoureiro", "Testador", "Ti", "Titular Cartori", "Tomateiro", "Topografo", "Torn Mecanico", "Torneiiro", "Torneiro", "Torneiro Cnc", "Torneiro Mecani", "Tosador", "Tosadora De Cao", "Tosadoro", "Tozadoro", "Tra Rural", "TrabVolante", "Traba Rural", "Trabalh Rural", "Trabalha Na Roc", "Trabalha P Pref", "Trabalhad Rural", "Trabalhad Ruro", "Trabalhador Ag", "Trabalhador Agr", "Trabalhador Bro", "Trabalhador Flo", "Trabalhador Pec", "Trabalhador Rur", "Trabalho Rural", "Trabalhor Rural", "Trablha Ru", "Tradutoro", "Tran Rural", "Tranferencio", "TransEscolar", "Transmissao Autonomo", "Transp Maritimo", "Transporte", "Transporte De C", "Transportes", "Trartoristo", "Trasresiduos", "Trat Agricolo", "Tratador De Ave", "Tratam De Esgo", "Tratamento De C", "Tratorista Agri", "Tratorista Seni", "Tratorista/Lavr", "Tratoristo", "Tratos Cultural", "Trbalha Em Caso", "Treinador", "Treinador Anim", "Tribunal Da Jus", "Tricologisto", "Trocador", "Tsb", "Tubulador Naval", "Turismo", "Turismo E Arqui", "Turismologo", "Tutor Interno", "Tutoro", "Ub", "Uber", "Uber - Motorist", "Uber E Encarreg", "Unha De Gel", "Unhas", "Usinagem", "Usino", "Uso Continuo", "Ux Deposito", "Ux,De Producao", "Van Escolar", "Vaqueiro", "Varejisto", "Varredor", "Varredoro", "Ved De Comercio", "Vedebdoro", "Vededoro", "Vedendeoro", "Vedendoro", "Veendedoro", "Vend Ambulante", "Vend Autonomo", "Vend Bolsas", "Vend Calcados", "Vend Carros", "Vend Cosmetico", "Vend De Roupas", "Vend De Roupo", "Vend Ext", "Vend Externo", "Vend Roup Fem", "Vend, Ambulante", "Vend/Auxiliar Limp", "Venda De Roupas", "Venda De Roupo", "Venda E Limpezo", "Venda E Roco", "Venda Em Geral", "Venda Online", "Vendador", "Vendas", "Vendas Adm", "Vendas Bolosa S", "Vendas De Avon", "Vendas De Confe", "Vendas De Roupo", "Vendas Digitais", "Vendas E Arteso", "Vendas E Roco", "Vendas Em Geral", "Vendas Lanches", "Vendas Online", "Vendas Pastel", "Vendas Roupas", "Vendas Seguro", "Vendas/Dono", "Venddoro", "Vende Bolo", "Vende Bolos", "Vende Croche", "Vende Doces", "Vende Joias", "Vende Langerie", "Vende Marmitas", "Vende Perfumes", "Vende Roupas", "Vende Roupo", "Vende Salgados", "Vende Verduras", "Vende Verduro", "Vende/ Atenden", "Vende/ Diaristo", "Vende/ Licencio", "Vendecoro", "Vended E Diaris", "Vended0Ro", "Vendeddoro", "Vendede Venduro", "Vendedeor", "Vendedoero", "Vendedor", "Vendedor Ambulo", "Vendedor De Gas", "Vendedor De Isc", "Vendedor De Rou", "Vendedor Execut", "Vendedor Ext", "Vendedor Extern", "Vendedor Intern", "Vendedor Lider", "Vendedor Pj", "Vendedor Praio", "Vendedor Roupas", "Vendedor Varejo", "Vendedor Veicul", "Vendedora Ambu", "Vendedora Ambul", "Vendedora Auton", "Vendedora Autonomo", "Vendedora Bolo", "Vendedora Comer", "Vendedora Comis", "Vendedora Cosme", "Vendedora De Al", "Vendedora De Co", "Vendedora De Im", "Vendedora De Pr", "Vendedora De Ro", "Vendedora De Se", "Vendedora De So", "Vendedora Doces", "Vendedora E Con", "Vendedora E Dio", "Vendedora Exter", "Vendedora Hinod", "Vendedora Joias", "Vendedora Natur", "Vendedora Onlin", "Vendedora Respo", "Vendedora Roupo", "Vendedora Tecni", "Vendedora Telem", "Vendedora+Agric", "Vendedora/ Dono", "Vendedora/Babo", "Vendedora/Balco", "Vendedora/Caixo", "Vendedora222222", "Vendedorac", "Vendedordo", "Vendedoro", "Vendedorro", "Vendedouro", "Vendedror", "Vendedroro", "Vendendor", "Vendendoro", "Vendeor", "Vendeoro", "Venderoo", "Venderoro", "Vendo", "Vendoro", "Verdedoro", "Verduras", "Verdureiro", "Verduro", "Vereador", "Vereadoro", "Vestuario", "Veterinario", "Vice Diretoro", "Video Maker", "Vidraceiro", "Vidrraceiro", "Vigia Noturno", "Vigia/ Pescador", "Vigilancia Ep", "Vigilancio", "Vigilante", "Vigilante De C", "Vigilante Lider", "Vigilantes", "Vigilante\u00b4", "Vigio", "Visitante Socio", "Vistoriador", "Vistoriadoro", "Vitrinisto", "Viuvo", "Vive De Rendo", "Viveiro", "Viverista Mudas", "Viveristo", "Vndedoro", "Vnedas", "Vogilante", "Volante", "Web Designer", "Zelador", "Zelador/Diarist", "Zeladora + Aposentado", "Zeladora E Babo", "Zeladora Op", "Zeladora/ Cozin", "Zeladorio", "Zeladoro", "Zeladouro", "Zootecnisto", "\u00b4Inss"], ["Abatia", "Acailandia", "Agudos Do Sul", "Al. Tamandare", "Alagoas", "Alto Piquiri", "Altonia", "Alvorada Do Sul", "Americana", "Ampere", "Ananindeua", "Anapolis", "Andira", "Angra Dos Reis", "Apucarana", "Aracaju", "Aracatuba", "Aracruz", "Araguari", "Arapongas", "Arapoti", "Araquari", "Ararangua", "Araraquara", "Araras", "Araucaria", "Araxa", "Ariquemes", "Aruja", "Assai", "Assis", "Assis Chateaubr", "Astorga", "Atibaia", "Balneario Cambo", "Balsas", "Barbacena", "Barbosa Ferraz", "Barra Do Garcas", "Barretos", "Barueri", "Batatais", "Bauru", "Bebedouro", "Bela Vista Do P", "Belo Horizonte", "Bento Goncalves", "Betim", "Biguacu", "Blumenau", "Borrazopolis", "Braco Do Norte", "Braganey", "Brasilia", "Brusque", "Caarapo", "Cabedelo", "Cacador", "Cacapava", "Cacoal", "Caldas Novas", "California", "Camacari", "Cambe", "Cambira", "Camboriu", "Campia Grande", "Campina G Do Sul", "Campina G. Do Sul", "Campinas", "Campo Bom", "Campo Do Tenent", "Campo Largo", "Campo Magro", "Campo Mourao", "Campos Novos", "Candido De Abre", "Candoi", "Canoas", "Canoinhas", "Capinzal", "Caraguatatuba", "Carambei", "Caratinga", "Cariacica", "Carlos Barbosa", "Castanhal", "Castro", "Cataguases", "Catalao", "Catanduva", "Caxias Do Sul", "Cel Fabriciano", "Centenario Do Sul", "Cerro Azul", "Chapeco", "Cianorte", "Cidade Gaucha", "Colatina", "Colombo", "Concordia", "Congonhinhas", "Contagem", "Corbelia", "Cornelio Procop", "Criciuma", "Cruz Alta", "Cruz Das Almas", "Cruz Machado", "Cruzeiro Do Oeste", "Cubatao", "Cuiaba", "Curitiba", "Curitibanos", "Curiuva", "Diadema", "Divinopolis", "Dois Irmaos", "Dourados", "Doutor Camargo", "Duque De Caxias", "Erechim", "Farroupilha", "Faxinal", "Fazenda Rio Gra", "Feira D Santana", "Fernandopolis", "Florestopoles", "Florianopolis", "Fortaleza", "Foz Do Iguacu", "Foz Do Jordao", "Franca", "Francisco Belt.", "Francisco Morat", "Fz Rio Grande", "Garuva", "Gaspar", "Goiania", "Goioere", "Gramado", "Gravatai", "Guaiba", "Guajara Mirim", "Guara", "Guarapuava", "Guaratingueta", "Guaratuba", "Guaruja", "Guarulhos", "Ibaiti", "Ibate", "Ibipora", "Icara", "Icaraima", "Ijui", "Imbau", "Imbituba", "Imbituva", "Imperatriz", "Indaial", "Indaiatuba", "Inhambupe", "Ipatinga", "Irara", "Itabira", "Itajai", "Itajuba", "Itanhaem", "Itapecerica", "Itapema", "Itaperucu", "Itapoa", "Itapulandia", "Itaquaquecetuba", "Itu", "Itumbiara", "Ituverava", "Ivaipora", "Ivinhema", "Jacarei", "Jacarezinho", "Jaguapita", "Jaguaquara", "Jaguariaiva", "Jandaia Do Sul", "Janiopolis", "Jaragua Do Sul", "Jaragu\u00e1 Do Sul", "Jardim Alegre", "Jatai", "Ji Parana", "Ji-Parana", "Ji-Paran\u00e1", "Joacaba", "Joao Pessoa", "Joinville", "Juazeiro Do Nor", "Juiz De Fora", "Jundiai", "Lages", "Lapa", "Lauro Freitas", "Lem", "Limeira", "Linhares", "Lins", "Loanda", "Londrina", "Louveira", "Lucas Do Rio V.", "Luiziana", "Macae", "Maceio", "Mafra", "Mambore", "Mandaguacu", "Mandaguari", "Mandirituba", "Manhuacu", "Manoel Ribas", "Maraba", "Maracanau", "Marialva", "Marilia", "Mariluz", "Maringa", "Matelandia", "Matinhos", "Maua", "Maua Da Serra", "Medianeira", "Mirasol", "Mococa", "Mogi Das Cruzes", "Mogi-Guacu", "Mongagua", "Montes Claros", "Moreira Sales", "Morro Agudo", "Mossoro", "Muriae", "Natal", "Navegantes", "Niteroi", "Nova Iguacu", "Nova Mutum", "Novo Hamburgo", "Olinda", "Ortigueira", "Osasco", "Osorio", "Paicandu", "Palhoca", "Palotina", "Panambi", "Paraiso Do Nort", "Paranacity", "Paranagua", "Paranavai", "Paripueira", "Parnaiba", "Passo Fundo", "Pato Branco", "Pato De Minas", "Paulinia", "Peabiru", "Pelotas", "Pien", "Pindamonhagaba", "Pinhais", "Piracicaba", "Pirai Do Sul", "Piraquara", "Pitanga", "Ponta Grossa", "Ponta Pora", "Pontal", "Pontal Do Paran", "Porecatu", "Porto Alegre", "Porto Uniao", "Porto Velho", "Pouso Alegre", "Primavera Oeste", "Primeiro De Mai", "Prudentopolis", "Querencia Do No", "Quitandinha", "Recife", "Renascenca", "Reserva", "Ribeirao Neves", "Ribeirao Preto", "Rio Azul", "Rio Branco Do Sul", "Rio Branco Ivai", "Rio De Janeiro", "Rio Do Sul", "Rio Negrinho", "Rio Verde", "Rolandia", "Roncador", "Rondon", "Rondonopolis", "Rosario Do S.", "S J Dos Pinhais", "Salvador", "Samambaia", "Santa Cruz Do Sul", "Santa Fe", "Santa Tereza Do", "Santos", "Sao Bento Do Su", "Sao Bernardo Ca", "Sao Caetano Do", "Sao J Da Serra", "Sao Jeronimo Da", "Sao Jor Do Ivai", "Sao Jose", "Sao Jose Do Rio", "Sao Jose Dos Ca", "Sao Leopoldo", "Sao Luis", "Sao Mateus Do Sul", "Sao Miguel", "Sao Paulo", "Sao Pe. Do Ivai", "Sapopema", "Senador Canedo", "Serra", "Sete Lagoas", "Sinop", "Sobral", "Sorocaba", "Sorriso", "Sta Amelia", "Sumare", "Suzano", "Taboao Da Serra", "Tangara Da Serr", "Taubate", "Telemaco Borba", "Teresina", "Teresopolis", "Terra Rica", "Tibagi", "Tijucas", "Tijucas Do Sul", "Timbo", "Timoteo", "Torres", "Tres Lagoas", "Tubarao", "Tuneiras Do Oeste", "Uba", "Uberaba", "Uberlandia", "Umuarama", "Uruguaiana", "Valinhos", "Valparaiso De G", "Varginha", "Viamao", "Videira", "Vila Velha", "Vilhena", "Vinhedo", "Vitoria", "Vitoria Da Conq", "Votla Redonda", "Votuporanga", "Xambre", "Xanxere"], ["CDC", "CP"], ["0", "GRUPO 1", "GRUPO 2", "GRUPO 3", "GRUPO 4"], ["NORMAL", "NOVO"], ["['celular', 'construcao', 'eletrodomestico']", "['celular', 'construcao', 'movel']", "['celular', 'construcao']", "['celular', 'eletrodomestico', 'movel']", "['celular', 'eletrodomestico']", "['celular', 'eletronico']", "['celular', 'item_cozinha']", "['celular', 'lazer_transporte']", "['celular', 'movel']", "['celular', 'outro']", "['celular']", "['construcao', 'eletrodomestico', 'item_cozinha']", "['construcao', 'eletrodomestico', 'lazer_transporte']", "['construcao', 'eletrodomestico', 'movel']", "['construcao', 'eletrodomestico']", "['construcao', 'eletronico']", "['construcao', 'estetica', 'movel']", "['construcao', 'estetica']", "['construcao', 'item_cozinha', 'lazer_transporte']", "['construcao', 'item_cozinha']", "['construcao', 'lazer_transporte']", "['construcao', 'movel', 'outro']", "['construcao', 'movel']", "['construcao', 'outro']", "['construcao']", "['eletrodomestico', 'eletronico', 'item_cozinha']", "['eletrodomestico', 'eletronico', 'movel']", "['eletrodomestico', 'eletronico']", "['eletrodomestico', 'estetica', 'item_cozinha']", "['eletrodomestico', 'estetica', 'movel']", "['eletrodomestico', 'estetica']", "['eletrodomestico', 'item_cozinha', 'lazer_transporte']", "['eletrodomestico', 'item_cozinha', 'movel']", "['eletrodomestico', 'item_cozinha', 'outro']", "['eletrodomestico', 'item_cozinha']", "['eletrodomestico', 'lazer_transporte']", "['eletrodomestico', 'movel', 'outro']", "['eletrodomestico', 'movel']", "['eletrodomestico', 'outro']", "['eletrodomestico']", "['eletronico', 'item_cozinha']", "['eletronico', 'movel']", "['eletronico', 'outro']", "['eletronico']", "['estetica', 'item_cozinha']", "['estetica', 'movel']", "['estetica', 'saude']", "['estetica']", "['financias']", "['item_cozinha', 'lazer_transporte']", "['item_cozinha', 'movel']", "['item_cozinha', 'outro']", "['item_cozinha']", "['lazer_transporte', 'movel']", "['lazer_transporte', 'outro']", "['lazer_transporte']", "['movel', 'outro']", "['movel']", "['outro']", "['saude']"], ["Agricula", "Agricultura", "Agriucultura", "Autonomo", "Beleza", "Beneficio", "Comercio", "Construcao", "Culinaria", "Educacao", "Gestao", "Juridico", "Outro", "Outros", "Producao", "Saude", "Servicos", "invalido"], ["Abati\u00e1", "Agudos Do Sul", "Alagoa", "Alto Piquiri", "Alt\u00f4nia", "Alvorada Do Sul", "Amambai", "Americana", "Amp\u00e9re", "Ananindeua", "Andir\u00e1", "Angra Dos Reis", "An\u00e1polis", "Apucarana", "Aracaju", "Aracruz", "Araguari", "Arapongas", "Arapoti", "Araquari", "Ararangu\u00e1", "Araraquara", "Araras", "Arauc\u00e1ria", "Arax\u00e1", "Ara\u00e7atuba", "Ariquemes", "Aruj\u00e1", "Assa\u00ed", "Assis", "Assis Chateaubriand", "Astorga", "Atibaia", "A\u00e7ail\u00e2ndia", "Balne\u00e1rio Cambori\u00fa", "Balsas", "Barbacena", "Barbosa Ferraz", "Barra Do Gar\u00e7as", "Barretos", "Barueri", "Batatais", "Bauru", "Bebedouro", "Bela Vista Do Piau\u00ed", "Belo Horizonte", "Bento Gon\u00e7alves", "Betim", "Bigua\u00e7u", "Blumenau", "Borraz\u00f3polis", "Braganey", "Bras\u00edlia", "Bra\u00e7o Do Norte", "Brusque", "Caarap\u00f3", "Cabedelo", "Cacoal", "Caldas Novas", "Calif\u00f3rnia", "Cama\u00e7ari", "Cambira", "Cambori\u00fa", "Camb\u00e9", "Campina Grande", "Campinas", "Campinas Do Sul", "Campo Bom", "Campo Do Tenente", "Campo Largo", "Campo Magro", "Campo Mour\u00e3o", "Campos Novos", "Cand\u00f3i", "Canoas", "Canoinhas", "Capinzal", "Caraguatatuba", "Carambe\u00ed", "Caratinga", "Cariacica", "Carlos Barbosa", "Castanhal", "Castro", "Cataguases", "Catal\u00e3o", "Catanduva", "Caxias Do Sul", "Ca\u00e7ador", "Ca\u00e7apava", "Centen\u00e1rio Do Sul", "Cerro Azul", "Chapec\u00f3", "Cianorte", "Cidade Ga\u00facha", "Colatina", "Colombo", "Conc\u00f3rdia", "Congonhinhas", "Contagem", "Corb\u00e9lia", "Corn\u00e9lio Proc\u00f3pio", "Coronel Fabriciano", "Crici\u00fama", "Cruz Alta", "Cruz Das Almas", "Cruz Machado", "Cruzeiro Do Oeste", "Cubat\u00e3o", "Cuiab\u00e1", "Curitiba", "Curitibanos", "Curi\u00fava", "C\u00e2ndido De Abreu", "Diadema", "Divin\u00f3polis", "Dois Irm\u00e3os", "Dourados", "Doutor Camargo", "Duque De Caxias", "Erechim", "Farroupilha", "Faxinal", "Fazenda Rio Grande", "Feira De Santana", "Fernand\u00f3polis", "Florest\u00f3polis", "Florian\u00f3polis", "Fortaleza", "Foz Do Igua\u00e7u", "Foz Do Jord\u00e3o", "Franca", "Francisco Beltr\u00e3o", "Francisco Morato", "Garuva", "Gaspar", "Goioer\u00ea", "Goi\u00e2nia", "Gramado", "Gravata\u00ed", "Guajar\u00e1-Mirim", "Guarapuava", "Guaratinguet\u00e1", "Guaratuba", "Guaruj\u00e1", "Guarulhos", "Guar\u00e1", "Gua\u00edba", "Ibaiti", "Ibat\u00e9", "Ibipor\u00e3", "Icara\u00edma", "Iju\u00ed", "Imba\u00fa", "Imbituba", "Imbituva", "Imperatriz", "Indaial", "Indaiatuba", "Inhambupe", "Ipatinga", "Irar\u00e1", "Itabira", "Itaipul\u00e2ndia", "Itaja\u00ed", "Itajub\u00e1", "Itanha\u00e9m", "Itapecerica", "Itapema", "Itaperu\u00e7u", "Itapo\u00e1", "Itaquaquecetuba", "Itu", "Itumbiara", "Ituverava", "Ivaipor\u00e3", "Ivinhema", "I\u00e7ara", "Jacarezinho", "Jacare\u00ed", "Jaguapit\u00e3", "Jaguaquara", "Jaguaria\u00edva", "Jandaia Do Sul", "Jani\u00f3polis", "Jaragu\u00e1 Do Sul", "Jardim Alegre", "Jata\u00ed", "Ji-Paran\u00e1", "Joa\u00e7aba", "Joinville", "Jo\u00e3o Pessoa", "Juazeiro Do Norte", "Juiz De Fora", "Jundia\u00ed", "Lages", "Lapa", "Lauro De Freitas", "Leme", "Limeira", "Linhares", "Lins", "Loanda", "Londrina", "Louveira", "Lucas Do Rio Verde", "Luiziana", "Maca\u00e9", "Macei\u00f3", "Mafra", "Mambor\u00ea", "Mandaguari", "Mandagua\u00e7u", "Mandirituba", "Manhua\u00e7u", "Manoel Ribas", "Marab\u00e1", "Maracana\u00fa", "Marialva", "Mariluz", "Maring\u00e1", "Mar\u00edlia", "Matel\u00e2ndia", "Matinhos", "Mau\u00e1", "Mau\u00e1 Da Serra", "Medianeira", "Mirassol", "Mococa", "Mogi Das Cruzes", "Mogi Gua\u00e7u", "Mongagu\u00e1", "Montes Claros", "Moreira Sales", "Morro Agudo", "Mossor\u00f3", "Muria\u00e9", "Natal", "Navegantes", "Niter\u00f3i", "Nova Igua\u00e7u", "Nova Mutum", "Novo Hamburgo", "Olinda", "Ortigueira", "Osasco", "Os\u00f3rio", "Pai\u00e7andu", "Palho\u00e7a", "Palotina", "Panambi", "Paranacity", "Paranagu\u00e1", "Paranava\u00ed", "Para\u00edso Do Norte", "Paripueira", "Parna\u00edba", "Passo Fundo", "Pato Branco", "Patos De Minas", "Paul\u00ednia", "Peabiru", "Pelotas", "Pindamonhangaba", "Pinhais", "Piracicaba", "Piraquara", "Pira\u00ed Do Sul", "Pitanga", "Pi\u00ean", "Ponta Grossa", "Ponta Por\u00e3", "Pontal", "Pontal Do Paran\u00e1", "Porecatu", "Porto Alegre", "Porto Uni\u00e3o", "Porto Velho", "Pouso Alegre", "Primavera Do Leste", "Primeiro De Maio", "Prudent\u00f3polis", "Quer\u00eancia Do Norte", "Quitandinha", "Recife", "Renascen\u00e7a", "Reserva", "Ribeir\u00e3o Das Neves", "Ribeir\u00e3o Preto", "Rio Azul", "Rio Branco Do Iva\u00ed", "Rio Branco Do Sul", "Rio De Janeiro", "Rio Do Sul", "Rio Grande", "Rio Negrinho", "Rio Verde", "Rol\u00e2ndia", "Roncador", "Rondon", "Rondon\u00f3polis", "Ros\u00e1rio Do Sul", "Salvador", "Santa Am\u00e9lia", "Santa Cruz Do Sul", "Santa F\u00e9", "Santa Tereza", "Santos", "Sapopema", "Senador Canedo", "Serra", "Sete Lagoas", "Sinop", "Sobral", "Sorocaba", "Sorriso", "Sumar\u00e9", "Suzano", "S\u00e3o Bento Do Sul", "S\u00e3o Bernardo", "S\u00e3o Caetano Do Sul", "S\u00e3o Jer\u00f4nimo", "S\u00e3o Jorge Do Iva\u00ed", "S\u00e3o Jos\u00e9", "S\u00e3o Jos\u00e9 Do Ouro", "S\u00e3o Jos\u00e9 Dos Campos", "S\u00e3o Jos\u00e9 Dos Pinhais", "S\u00e3o Jo\u00e3o Da Serra", "S\u00e3o Leopoldo", "S\u00e3o Lu\u00eds", "S\u00e3o Mateus Do Sul", "S\u00e3o Miguel", "S\u00e3o Paulo", "S\u00e3o Pedro Do Iva\u00ed", "Tabo\u00e3o Da Serra", "Tamandar\u00e9", "Tangar\u00e1 Da Serra", "Taubat\u00e9", "Tel\u00eamaco Borba", "Teresina", "Teres\u00f3polis", "Terra Rica", "Tibagi", "Tijucas", "Tijucas Do Sul", "Timb\u00f3", "Tim\u00f3teo", "Torres", "Tr\u00eas Lagoas", "Tubar\u00e3o", "Tuneiras Do Oeste", "Uberaba", "Uberl\u00e2ndia", "Ub\u00e1", "Umuarama", "Uruguaiana", "Valinhos", "Valpara\u00edso De Goi\u00e1s", "Varginha", "Viam\u00e3o", "Videira", "Vila Velha", "Vilhena", "Vinhedo", "Vit\u00f3ria", "Vit\u00f3ria Da Conquista", "Volta Redonda", "Votuporanga", "Xambr\u00ea", "Xanxer\u00ea"], ["AL", "BA", "CE", "DF", "ES", "GO", "MA", "MG", "MS", "MT", "PA", "PB", "PE", "PI", "PR", "RJ", "RN", "RO", "RS", "SC", "SE", "SP"], ["Alto", "Baixo", "Muito Alto", "M\u00e9dio"], ["celular", "construcao", "eletrodomestico", "eletronico", "estetica", "financias", "item_cozinha", "lazer_transporte", "movel", "outro", "saude"]]
