tree
version=v4
num_class=1
num_tree_per_iteration=1
label_index=0
max_feature_idx=72
objective=binary sigmoid:1
feature_names=Mercadoria idade genero tipo_residencia estado_civil Cargo descricao_da_Profissao Cidade_Loja Modalidade_da_Proposta valor_inicial_da_prestacao valor_financiado score_SPC Score_MC Grupo_MC renda_cliente plano_financiamento Tipo_Cliente salario_perc categorias categorias_da_Profissao IPCA ranking_nacional municipio uf idhm_2010 idhm_renda_2010 idhm_longevidade_2010 idhm_educacao_2010 categoria_idh populacao area densidade_pop preco_combustivel class_preco_combustivel valor_cestabasica preco_cb_perc data_mes data_ano data_dia categoria_limpa divida_sobre_renda embed_0 embed_1 embed_2 embed_3 embed_4 embed_5 embed_6 embed_7 embed_8 embed_9 embed_10 embed_11 embed_12 embed_13 embed_14 embed_15 embed_16 embed_17 embed_18 embed_19 embed_20 embed_21 embed_22 embed_23 embed_24 embed_25 embed_26 embed_27 embed_28 embed_29 embed_30 embed_31
feature_infos=-1:2163:687:1152:2291:2937:1830:1972:2002:1660:1270:1844:2683:1040:813:352:1476:1507:2496:886:2173:2174:2166:1155:2561:1857:139:2246:579:601:615:3113:404:1183:3504:3247:925:1796:759:1924:208:3616:996:949:1747:494:1390:1380:1407:2638:1423:2007:2078:1741:2489:2980:3318:2127:3564:120:3382:1311:2095:2933:190:315:2271:2762:3001:3066:3180:2449:229:383:1432:2825:3323:1998:2044:1838:1836:3481:169:2590:3440:3579:449:2729:158:2839:1251:1715:1785:3097:3286:1141:3460:1619:2551:2896:3187:3437:1559:3327:3167:3549:1025:2470:3019:1210:2891:3148:3305:147:306:1239:1594:2856:128:2886:1695:3306:545:1735:2811:3399:1604:2742:3363:193:1139:2115:2678:3025:553:1122:2219:2717:474:845:1543:2135:2160:2436:2765:3445:3604:2159:2663:2714:3154:362:564:641:673:1248:1294:2025:113:260:270:841:1150:1601:1648:2032:2037:2176:2539:2755:3202:295:979:992:1228:1700:2001:2065:2123:2169:2209:2233:2598:3325:3495:531:551:639:865:1839:2057:2117:2164:2453:3473:324:1060:1165:1243:1301:1464:2045:2172:138:144:416:570:575:667:1172:1229:1826:1969:2132:2576:2738:2749:3056:3085:3104:3162:3175:3276:3324:1147:1581:2198:2594:2746:2802:2877:2970:3194:3410:3468:291:440:805:856:1628:1995:2061:2158:2332:2426:2599:2664:2745:132:322:596:850:983:1012:1075:1151:1467:1607:1834:2633:2781:2989:3035:3558:3591:56:392:421:426:526:768:1022:1176:1447:2100:2481:2597:2890:3045:3090:3431:3459:84:336:379:671:774:1015:1157:1309:1570:1580:2022:2035:2151:2204:2816:2881:2885:2987:2996:3088:3105:3108:3171:3309:3447:3462:3546:3588:110:250:252:506:649:767:776:898:937:977:1118:1354:1526:1611:1612:1684:1694:1845:1888:2161:2197:2206:2222:2236:2335:2418:2858:3191:3235:3321:3358:3359:3395:3448:3533:3572:58:164:330:357:437:458:501:558:638:900:1088:1134:1296:1322:1417:1453:1558:1575:1672:1681:1780:1814:1840:1852:1866:1916:1956:1958:1962:1993:2105:2134:2170:2200:2214:2268:2283:2299:2321:2337:2517:2549:2620:2715:2727:2734:2759:2794:2832:2834:2851:2880:2884:2909:3086:3218:3222:3225:3330:3450:3454:3502:3541:3592:16:21:73:88:91:124:232:233:238:240:258:262:340:343:359:386:387:492:640:644:650:677:682:702:754:756:762:854:866:918:951:958:1001:1077:1079:1259:1274:1305:1340:1345:1348:1406:1524:1552:1564:1667:1669:1753:1759:1801:1820:1827:1846:1853:1864:1922:1947:1948:1992:2021:2028:2052:2070:2131:2156:2187:2190:2196:2199:2207:2224:2230:2238:2243:2277:2300:2404:2406:2413:2420:2428:2432:2454:2487:2492:2618:2628:2699:2713:2744:2776:2777:2821:2905:2948:2990:3095:3127:3166:3199:3204:3228:3293:3294:3392:3414:3428:3461:3464:3476:3519:3563:3571:3626 [20:82] -1:0:1:2 -1:1:0 -1:0:3:4:1:2 -1:1:2:0:3:4:7:6:9:8 -1:460:4376:1952:3628:3881:3577:3390:768:2991:3347:1847:2020:2133:1786:1798:700:182:2460:1190:2699:2183:4332:820:1036:187:3815:4296:192:2043:2782:4116:4431:63:845:1371:2616:1285:3759:1387:2852:1030:78:4405:1597:3205:3677:1292:1363:2338:3226:2700:3430:1369:3531:3851:2159:61:3143:1758:2396:377:2273:3651:3928:4002:3564:1116:600:2936:1140:2086:2735:3285:3486:4244:1561:1835:2001:3070:3616:3883:295:1000:2423:4063:1034:1720:2328:949:48:3097:2934:851:1220:2376:3827:904:1667:2409:3946:60:149:3344:1402:1625:1406:1657:2539:2702:596:3454:3714:33:2407:515:2818:3142:2654:3376:533:848:1724:3319:4041:2206:2359:4304:235:3417:3719:3726:998:1055:1304:1601:1842:1983:2845:3056:3096:58:1218:4060:3777:3977:253:2215:2470:3023:2890:3607:1037:1451:3406:129:1297:1467:1933:2120:2452:2813:2894:3109:3315:3420:26:1530:1557:2439:2963:3469:3746:498:655:1063:1346:2440:3684:3840:2115:2258:2362:2422:2657:3236:3541:344:947:1868:2462:4409:1487:2029:2081:2284:2351:2436:2898:3335:3609:3755:4120:4424:354:1426:2875:2949:3253:3446:1189:2806:2907:3271:3505:4197:514:1366:1466:2005:2095:3657:3675:119:1880:3275:3538:3751:3833:4184:4211:4224:788:1738:1898:2075:2453:2706:3838:967:1094:1098:1187:1288:2179:2424:2815:2840:3092:3605:4396:367:569:601:771:853:972:1062:1139:1313:1522:1710:1771:1864:2121:2653:2829:2895:3340:3360:3530:3727:4127:4434:226:469:1332:1753:1873:1918:2339:2420:2541:2711:2747:2823:2950:2977:3544:3708:3785:3905:71:194:314:319:347:511:1222:1236:1470:1623:1747:2023:2615:3156:3267:3464:3621:3750:4019:4414:277:450:549:589:1115:1322:1430:1461:1665:2310:2385:2488:2568:2675:2684:2754:2779:2880:2920:2975:3106:3411:3485:3587:3658:4059:4136:4391:25:75:168:285:355:492:656:900:988:1001:1057:1082:1215:1217:1221:1314:1344:1453:1462:1617:1633:1773:1828:1942:2638:3208:3213:3224:3854:3899:4033:4119:4168:4182:32:387:412:631:847:916:1143:1212:1219:1338:1413:1479:1579:1654:1830:1965:2094:2172:2274:2334:2364:2390:2438:2494:2548:2665:2678:2725:2727:2763:2862:3118:3545:3595:3602:3652:3769:3935:4085:4112:4209:4382:4415:95:123:165:198:321:339:443:524:632:852:894:960:1022:1097:1114:1137:1289:1393:1607:1622:1680:1955:2072:2233:2281:2349:2405:2406:2429:2626:2680:2738:2795:2801:2881:3013:3027:3217:3318:3396:3441:3472:3474:3589:3596:3662:3665:3734:3773:3809:3885:3917:3929:4259:4270:4386:4387:4399:27:74:121:200:401:419:473:780:842:892:1006:1060:1104:1159:1214:1242:1269:1399:1434:1463:1469:1513:1521:1563:1591:1636:1656:1663:1684:1768:1905:1960:2136:2145:2229:2290:2294:2366:2379:2389:2417:2485:2542:2554:2588:2643:2693:2707:2772:2884:2910:2911:3008:3011:3051:3075:3140:3152:3199:3272:3280:3412:3471:3506:3547:3641:3689:3774:3844:3866:3874:3944:3949:4013:4018:4025:4032:4064:4096:4163:4202:4273:4365:4388:4393:12:57:72:158:163:248:278:284:369:408:439:504:539:550:607:622:625:676:720:791:812:877:902:932:1003:1050:1071:1154:1238:1301:1308:1318:1340:1374:1396:1433:1440:1442:1484:1564:1618:1673:1678:1762:1788:1816:1931:2024:2093:2113:2147:2151:2163:2190:2203:2217:2231:2261:2277:2283:2307:2332:2343:2415:2463:2475:2486:2511:2521:2572:2600:2620:2744:2776:2837:2904:2970:2972:2994:3010:3052:3060:3136:3184:3258:3289:3307:3330:3369:3379:3403:3433:3438:3462:3468:3603:3663:3752:3768:3784:3849:3855:3886:3895:3900:3959:3990:4017:4038:4073:4086:4135:4157:4172:4217:4223:4236:4345:4359:4417:4422:4430:9:17:30:45:50:56:69:133:154:162:195:199:209:241:243:254:276:315:330:343:372:426:434:455:482:512:526:527:562:594:608:636:653:664:674:685:703:711:724:727:732:743:745:756:774:776:785:799:815:846:849:914:928:945:961:999:1010:1015:1019:1020:1025:1033:1038:1059:1093:1108:1132:1133:1142:1151:1162:1164:1165:1175:1180:1203:1205:1208:1209:1213:1252:1253:1306:1330:1348:1359:1383:1386:1407:1418:1419:1455:1457:1473:1476:1488:1523:1549:1570:1572:1574:1580:1593:1596:1599:1620:1640:1645:1661:1679:1682:1685:1689:1692:1703:1719:1739:1751:1760:1761:1782:1804:1815:1822:1831:1834:1879:1890:1895:1903:1919:1975:1979:1988:2014:2026:2042:2071:2096:2101:2104:2107:2124:2275:2321:2329:2350:2352:2381:2398:2410:2430:2433:2449:2480:2543:2569:2570:2577:2602:2605:2608:2610:2621:2631:2662:2663:2668:2682:2695:2703:2718:2726:2746:2814:2841:2867:2877:2901:2902:2903:2912:2929:2937:2941:2957:3033:3077:3085:3089:3113:3126:3128:3133:3149:3178:3180:3187:3189:3207:3214:3220:3221:3228:3274:3311:3323:3364:3380:3391:3393:3426:3432:3437:3526:3552:3561:3584:3597:3614:3615:3618:3619:3629:3632:3633:3646:3693:3694:3705:3757:3762:3783:3825:3843:3847:3856:3859:3870:3893:3902:3914:3940:3956:3993:4027:4062:4068:4105:4107:4114:4137:4142:4155:4160:4192:4221:4229:4257:4274:4292:4312:4318:4329:4375 -1:321:343:2:69:214:292:283:263:109:308:253:151:144:121:51:5:85:197:168:133:294:96:204:125:282:359:94:275:190:226:156:169:265:290:327:289:10:196:108:135:353:110:138:140:195:227:102:302:258:126:92:288:219:222:291:117:352:142:306:323:48:255:44:52:239:184:67:257:329:100:234:240:298:55:192:11:14:194:155:254:312:330:338:34:314:15:91:235:97:172:201:28:217:70:209:293:122:187:93:173:50:72:363:203:284:317:17:303:63:61:88:233:237:80:336:335:25:248:333:29:39:90:270:40:299:8:340:268:259:9:66:238:267:334:4:76:236:313:221:229:193:26:71:163:241:127:247:301:129:157:349:19:73:78:367:13:361:12:43:77:131:351:16:23:358:200:285:86:256:116:145:181:249:266:3:147:223:347:185:87:115:319:295:311:143:218:328:38:243:191:278:210:280:47:84:207:224:297:245:124:307:171:262:360:366:304:326:53:113:137:202:33:99:296:64:119:287:21:98:105:128:166:368:68:178:7:81:316:365:232:286:60:114:130:342:167:177:324:152:315:356:89:101:107:242:320:345:24:41:46:228:274:146:165:325:346:355:58:75:79:161:231:276:118:251:341:1:348:103:230:322:45:74:82:153:252:175:188:260:264:279:186:244:354:154:337:357:179:212:213:225:271:56:57:164:216:95:132:149:220:318:123:158:281:27:37 -1:0 [19.5:2512.77] [100:13000] [0:1000] [0:99.700000000000003] -1:5:3:4:2:1 [0:390000] [1:48] -1:1:0 [0.0002374:450.81999999999999] -1:44:53:36:9:55:22:51:40:48:34:54:45:15:20:3:31:12:25:42:7:32:18:47:4:52:35:49:11:38:13:5:17:28:43:6:23:29:37:46 -1:17:16:10:5:6:13:1:14:9:15:3:4:18:8:7:0:11:12 [3.1600000000000001:5.79] [1:4941] -1:328:340:1:66:210:288:279:265:107:314:248:148:140:120:50:3:81:193:166:131:291:93:200:124:278:356:91:271:186:222:153:167:260:287:308:285:9:192:106:134:350:108:136:137:191:223:182:100:298:254:125:89:284:215:217:286:116:348:138:302:304:48:251:44:52:235:63:253:310:97:230:236:295:85:187:12:13:190:152:249:311:317:335:34:319:14:88:231:94:169:197:27:213:67:205:289:121:184:90:170:51:69:360:199:280:324:6:15:60:61:84:229:233:76:333:332:23:244:313:28:39:87:266:40:296:7:337:262:255:64:8:234:263:330:2:72:232:318:216:225:189:24:68:161:237:126:243:322:128:154:346:17:70:74:364:11:358:10:43:73:130:347:21:25:355:196:281:82:252:115:141:179:245:261:145:219:331:344:83:114:326:292:323:139:214:309:38:239:188:274:206:276:47:80:203:220:294:241:123:303:168:258:357:363:300:307:53:112:135:198:32:96:293:62:118:283:19:95:103:127:164:365:65:175:5:77:321:362:228:282:58:113:129:339:165:176:305:149:320:353:98:99:105:238:327:342:22:41:46:185:224:270:142:163:306:343:352:56:71:75:158:227:272:117:250:338:33:345:101:226:329:45:78:110:150:247:172:256:259:275:183:240:351:151:334:354:177:208:209:221:267:55:86:162:212:92:147:218:290:325:122:155:277:26:37 -1:14:19:21:18:15:7:9:5:4:3:10:1:2:17:13:6:0:8:16:12:20 [0.56499999999999995:0.86199999999999999] [0.51400000000000001:0.89100000000000001] [0.70899999999999996:0.89400000000000002] [0.39100000000000001:0.81100000000000005] -1:0:3:2 [1531:11895578] [15.331:34091.146000000001] [1.7521509238670701:13943.201883460901] [5.0853333333333302:6.2623600000000001] -1:2:1:0 [516.75999999999999:832.79999999999995] [0.0017467435897434999:726.23000000000002] [1:12] none [0:6] -1:4:2:8:0:1:10:7:3:6:9 [0.00023739999999932172:100] [0:9.717742919921875] [0:4.0764565467834473] [0:10.356813430786133] [0:6.1219425201416016] [0:17.490297317504883] [0:2.7195701599121094] [0:2.8044984340667725] [0:4.7951798439025879] [0:15.124117851257324] [0:5.7694392204284668] [0:2.0477249622344971] [0:9.552642822265625] [0:17.544084548950195] [0:1.1369931697845459] [0:9.0074558258056641] [0:2.7283427715301514] [0:21.638671875] [0:5.2212662696838379] [0:14.20244026184082] [0:12.979530334472656] [0:1.2950649261474609] [0:2.5142834186553955] [0:16.378559112548828] [0:2.5258371829986572] [0:9.4867925643920898] [0:6.231170654296875] [0:4.7252492904663086] [0:6.5537014007568359] [0:11.597004890441895] [0:11.089086532592773] [0:3.8587243556976318] [0:9.6150341033935547]
tree_sizes=861 998 1012 1005 1003 1008 998 1015 1015 1009 1016 1014 1009 1007 1012 1015 1033 1015 1110 1102 1110 1020 1105 1015 1014 1010 1116 1119 1013 1012 1009 1004 1007 1012 1012 1008 1016 1013 1008 1011 1126 1017 1010 1123 989 1007 1117 1012 1015 1174 1113 1114 1192 1105 1001 1094 1195 1223

Tree=0
num_leaves=7
num_cat=0
split_feature=60 63 63 72 49 26
split_gain=7835.15 3443.75 665.247 402.378 261.675 38.7488
threshold=2.2656428813934331 0.93937253952026378 2.5850247144699101 0.025805843994021419 2.2770558595657353 0.86450000000000016
decision_type=2 2 2 2 2 2
left_child=1 3 -3 -1 5 -2
right_child=4 2 -4 -5 -6 -7
leaf_value=1.3546408964881889 1.2118289562848457 1.3326240212948943 1.2924447658570328 1.3696121574295916 1.1344851362691115 1.2970015405452204
leaf_weight=3611.7726705819368 53.526701465249062 2643.2579081505537 840.24263872206211 12083.408659547567 231.11087128520012 10.013170585036276
leaf_count=6894 245 6130 2578 19693 1390 30
internal_value=1.35522 1.35831 1.32293 1.36617 1.15396 1.22511
internal_weight=19473.3 19178.7 3483.5 15695.2 294.651 63.5399
internal_count=36960 35295 8708 26587 1665 275
is_linear=0
shrinkage=1


Tree=1
num_leaves=8
num_cat=0
split_feature=60 63 60 55 63 41 43
split_gain=7030.05 2392.08 1376.44 385.508 327.011 93.714 25.7447
threshold=1.2130189538002016 0.93937253952026378 3.075464248657227 0.47262600064277654 2.8772623538970952 2.0754073858261113 0.22239318490028384
decision_type=2 2 2 2 2 2 2
left_child=1 3 5 -1 -3 -2 -4
right_child=2 4 6 -5 -6 -7 -8
leaf_value=0.033784626880350235 -0.031006737459723172 0.01190163255128153 -0.092435539213370263 0.048145538185568229 -0.02437609172541157 -0.068887798895675423 -0.1617672020753162
leaf_weight=3881.3253046274185 264.17201831936836 2664.4213572442532 9.4805336296558362 11398.2407091856 449.15730902552605 164.60767558217049 257.54288437962532
leaf_count=7498 820 6177 40 19068 1333 624 1400
internal_value=0.0334508 0.0380943 -0.0892743 0.0444982 0.00666628 -0.0455756 -0.15937
internal_weight=19088.9 18393.1 695.803 15279.6 3113.58 428.78 267.023
internal_count=36960 34076 2884 26566 7510 1444 1440
is_linear=0
shrinkage=0.0393376


Tree=2
num_leaves=8
num_cat=0
split_feature=63 60 72 60 63 53 69
split_gain=6525.55 2397.51 1123.68 250.351 240.957 79.717 34.7548
threshold=2.008347868919373 2.5180356502532963 1.0000000180025095e-35 1.1408933997154238 0.93937253952026378 2.1090357303619389 1.0000000180025095e-35
decision_type=2 2 2 2 2 2 2
left_child=2 3 4 -2 -1 -3 -4
right_child=1 5 6 -5 -6 -7 -8
leaf_value=0.032005826126435308 -0.0081216191687053605 -0.087444189279379442 0.043695768954922463 -0.046105635824211406 0.014766147336414714 -0.14345731080359583 0.048673092453304083
leaf_weight=3383.4761679470539 1151.8777158260345 47.300385698676109 2957.8991510570049 350.16407749056816 1996.0475925505161 274.53915376961231 8544.844153046608
leaf_count=6736 3084 192 5301 1172 4540 1380 14555
internal_value=0.0328163 -0.0378678 0.0404532 -0.0169826 0.0256103 -0.135279 0.0473941
internal_weight=18706.1 1823.88 16882.3 1502.04 5379.52 321.84 11502.7
internal_count=36960 5828 31132 4256 11276 1572 19856
is_linear=0
shrinkage=0.0393376


Tree=3
num_leaves=8
num_cat=0
split_feature=41 66 60 72 60 60 43
split_gain=6002.2 1600.73 1585.92 238.472 187.462 163.731 15.6864
threshold=1.3337662816047671 0.085334364324808135 3.075464248657227 0.30716733634471899 0.84971043467521679 1.1408933997154238 0.22239318490028384
decision_type=2 2 2 2 2 2 2
left_child=1 4 5 -3 -1 -2 -4
right_child=2 3 6 -5 -6 -7 -8
leaf_value=0.018151824711299783 -0.013538935795031213 0.035061962330313362 -0.077698082325033432 0.047434685483582643 -0.0095580465951675599 -0.04712721240554351 -0.12970604990480047
leaf_weight=3087.2184810489416 641.51689206063747 3147.2223545610905 10.395039975643156 10369.243945538998 430.20910382270813 345.93184435367584 294.23756970465183
leaf_count=6914 1777 6177 40 18337 1168 1154 1393
internal_value=0.0322021 0.0384027 -0.0495342 0.0445544 0.0147614 -0.0253146 -0.12798
internal_weight=18326 17033.9 1292.08 13516.5 3517.43 987.449 304.633
internal_count=36960 32596 4364 24514 8082 2931 1433
is_linear=0
shrinkage=0.0393376


Tree=4
num_leaves=8
num_cat=0
split_feature=63 49 66 63 63 55 49
split_gain=5872.29 1815.13 997.738 269.666 166.658 96.9067 25.3111
threshold=1.907270669937134 1.3775149583816531 0.46877178549766546 3.333189964294434 0.93937253952026378 0.7853267788887025 2.3302516937255864
decision_type=2 2 2 2 2 2 2
left_child=2 3 4 -2 -1 -4 -3
right_child=1 6 5 -5 -6 -7 -8
leaf_value=0.029595792432781386 -0.0055609761634139755 -0.076267978452203761 0.038124157594293384 -0.041121044421954668 0.013575346646407785 0.047238694201568343 -0.11874418650906943
leaf_weight=2482.6819970458746 1246.5271978825331 24.977480590343475 2239.1544160544872 448.86226215958595 1690.4731597602367 9510.4071425497532 306.71514029800892
leaf_count=5183 3275 95 4372 1445 3921 17284 1385
internal_value=0.0316054 -0.031452 0.0396336 -0.0149804 0.0231077 0.0455025 -0.11559
internal_weight=17949.8 2027.08 15922.7 1695.39 4173.16 11749.6 331.693
internal_count=36960 6200 30760 4720 9104 21656 1480
is_linear=0
shrinkage=0.0393376


Tree=5
num_leaves=8
num_cat=0
split_feature=63 60 72 60 60 52 72
split_gain=5561.16 1641.19 1020.26 193.051 188.717 62.8194 34.0206
threshold=1.907270669937134 2.2656428813934331 0.012970997020602228 0.34257914125919348 0.92814436554908764 0.96570283174514782 0.93556153774261486
decision_type=2 2 2 2 2 2 2
left_child=2 4 3 -1 -2 -3 -4
right_child=1 5 6 -5 -6 -7 -8
leaf_value=0.028907226451965282 -0.0036653971557057971 -0.069613741029670315 0.041655387763697975 0.011006980636387165 -0.03225575875547277 -0.10965482192885813 0.04720866466236831
leaf_weight=3793.1700084060431 1137.635038241744 76.884052380919456 2180.4534098803997 1237.4402366429567 520.93944315612316 317.81533478200436 8313.4039979875088
leaf_count=8014 2946 281 4255 2969 1591 1382 15522
internal_value=0.031026 -0.0298121 0.0390729 0.0245052 -0.0126494 -0.101892 0.0460557
internal_weight=17577.7 2053.27 15524.5 5030.61 1658.57 394.699 10493.9
internal_count=36960 6200 30760 10983 4537 1663 19777
is_linear=0
shrinkage=0.0393376


Tree=6
num_leaves=8
num_cat=0
split_feature=41 66 53 46 72 41 53
split_gain=5021.38 1530.68 1029.05 198.809 178.85 109.1 9.93839
threshold=1.3337662816047671 0.24546284228563311 1.1408390998840334 0.56997218728065502 0.3247640728950501 2.1433103084564213 2.1090357303619389
decision_type=2 2 2 2 2 2 2
left_child=1 3 5 -1 -3 -2 -4
right_child=2 4 6 -5 -6 -7 -8
leaf_value=0.0049543233792850834 -0.013775000578405798 0.034338346767448506 -0.069370359749656371 0.022895881749212393 0.046182590410242516 -0.04185251728590722 -0.10273652903024846
leaf_weight=1645.2669865041971 710.04132215678692 2501.7708475142717 16.430103346705437 2282.4837354570627 9422.4900498390198 307.0603152513504 325.17564822733402
leaf_count=4074 1948 5194 60 5092 18236 979 1377
internal_value=0.0304617 0.0366826 -0.0421109 0.0153818 0.0436983 -0.0222597 -0.101172
internal_weight=17210.7 15852 1358.71 3927.75 11924.3 1017.1 341.606
internal_count=36960 32596 4364 9166 23430 2927 1437
is_linear=0
shrinkage=0.0393376


Tree=7
num_leaves=8
num_cat=0
split_feature=63 45 72 63 45 43 69
split_gain=5036.58 1564.85 754.845 192.066 105.047 99.9569 35.8702
threshold=1.5341715812683108 2.1819416284561162 0.012970997020602228 3.1933363676071171 0.43190564215183264 0.69239473342895519 1.0000000180025095e-35
decision_type=2 2 2 2 2 2 2
left_child=2 3 4 -2 -1 -3 -4
right_child=1 5 6 -5 -6 -7 -8
leaf_value=0.027649562107489582 0.00010889951030780054 -0.055095452721320173 0.041183334831859965 -0.028672001536108584 0.007984747538210572 -0.096201277176816244 0.046636278151840967
leaf_weight=3830.6631636768579 1751.6536555141211 126.92244781553745 2541.0010305196047 451.01192709803581 472.91806389391422 340.02819731831551 7335.3747807592154
leaf_count=8382 4454 431 5225 1334 1175 1407 14552
internal_value=0.0299106 -0.0196549 0.0392425 -0.00578408 0.0254898 -0.0850561 0.0452343
internal_weight=16849.6 2669.62 14180 2202.67 4303.58 466.951 9876.38
internal_count=36960 7626 29334 5788 9557 1838 19777
is_linear=0
shrinkage=0.0393376


Tree=8
num_leaves=8
num_cat=0
split_feature=63 60 72 60 60 49 69
split_gain=4803.02 1410.92 754.529 215.779 120.445 48.3092 36.5031
threshold=1.5341715812683108 2.2656428813934331 0.012970997020602228 0.92814436554908764 0.34746113419532781 2.2770558595657353 1.0000000180025095e-35
decision_type=2 2 2 2 2 2 2
left_child=2 3 4 -2 -1 -3 -4
right_child=1 5 6 -5 -6 -7 -8
leaf_value=0.028346234481722118 0.0010624260255724205 -0.057233001171622007 0.040705906480815263 -0.026080981600276377 0.012112117462626663 -0.091340356735705383 0.046286038264331877
leaf_weight=3334.6449149399996 1636.3312720656395 81.186130180954933 2471.0703411251307 626.54676720499992 899.0242745578289 340.65485022962093 7104.7236775606871
leaf_count=7372 4129 275 5225 1832 2185 1390 14552
internal_value=0.0293727 -0.0187693 0.0387324 -0.00645267 0.0249003 -0.0848062 0.0448471
internal_weight=16494.2 2684.72 13809.5 2262.88 4233.67 421.841 9575.79
internal_count=36960 7626 29334 5961 9557 1665 19777
is_linear=0
shrinkage=0.0393376


Tree=9
num_leaves=8
num_cat=0
split_feature=60 60 72 60 46 49 69
split_gain=4261.81 1391.72 789.074 226.72 171.098 46.1169 36.9395
threshold=0.34257914125919348 2.2656428813934331 0.012970997020602228 0.9567231833934785 0.8878912925720216 2.2770558595657353 1.0000000180025095e-35
decision_type=2 2 2 2 2 2 2
left_child=2 3 4 -2 -1 -3 -4
right_child=1 5 6 -5 -6 -7 -8
leaf_value=0.011839998924006286 0.0045117225915168018 -0.053810067306193678 0.040251635291546552 -0.021913386623875295 0.029199480322856818 -0.086803727851547954 0.045953472056651665
leaf_weight=1291.9333909749985 1683.2629469931126 82.926096349954605 2395.1396698951721 715.96639354526997 2753.3713266402483 344.28522551059723 6878.1630384773016
leaf_count=3114 4232 275 5208 2047 6144 1390 14550
internal_value=0.0288466 -0.0150247 0.0381572 -0.0033733 0.0236569 -0.0804277 0.0444818
internal_weight=16145 2826.44 13318.6 2399.23 4045.3 427.211 9273.3
internal_count=36960 7944 29016 6279 9258 1665 19758
is_linear=0
shrinkage=0.0393376


Tree=10
num_leaves=8
num_cat=0
split_feature=41 45 55 46 45 69 49
split_gain=4137.93 1077.25 1035.08 202.018 116.791 45.146 40.4373
threshold=0.87820902466773998 2.1819416284561162 0.30225439369678503 0.8878912925720216 0.69346955418586742 1.0000000180025095e-35 2.3302516937255864
decision_type=2 2 2 2 2 2 2
left_child=2 4 3 -1 -2 -4 -3
right_child=1 6 5 -5 -6 -7 -8
leaf_value=0.010421146540526453 0.00062595191675858725 -0.055487760031789138 0.039297696927852017 0.027446141652644775 -0.020550228318437513 0.045627185961598898 -0.082923738055646318
leaf_weight=1726.5039795786142 980.47408057749271 112.50654211640358 2385.1617153137922 2878.3784478902817 683.78470133244991 6691.1820604726672 345.2971224039793
leaf_count=4224 2496 378 5298 6633 1928 14617 1386
internal_value=0.0283298 -0.0227784 0.0362575 0.0210643 -0.00807348 0.0439649 -0.0762084
internal_weight=15803.3 2122.06 13681.2 4604.88 1664.26 9076.34 457.804
internal_count=36960 6188 30772 10857 4424 19915 1764
is_linear=0
shrinkage=0.0393376


Tree=11
num_leaves=8
num_cat=0
split_feature=66 60 41 55 49 41 69
split_gain=3986.15 1524.14 334.193 285.055 87.529 45.0397 23.5508
threshold=0.015021245926618578 1.9626865386962893 1.3337662816047671 0.53468492627143871 2.3302516937255864 0.0085794311016798037 1.0000000180025095e-35
decision_type=2 2 2 2 2 2 2
left_child=1 2 -1 5 -3 -2 -5
right_child=3 4 -4 6 -6 -7 -8
leaf_value=0.010930189428676204 0.033041683523789799 -0.042995742576849863 -0.015920397887685459 0.040202265449921802 -0.079479765767690697 0.022207053528800817 0.045330356536995693
leaf_weight=3052.6503858268261 1835.662584848702 145.57568223774433 937.40699954330921 1800.3318048045039 346.91524390876293 883.59482794255018 6466.0949989259243
leaf_count=7518 4207 456 2568 4096 1389 2128 14598
internal_value=0.0278232 -0.003438 0.0046208 0.040579 -0.0687182 0.0295237 0.0442147
internal_weight=15468.2 4482.55 3990.06 10985.7 492.491 2719.26 8266.43
internal_count=36960 11931 10086 25029 1845 6335 18694
is_linear=0
shrinkage=0.0393376


Tree=12
num_leaves=8
num_cat=0
split_feature=63 45 72 63 60 43 72
split_gain=4086.99 1069.97 631.777 172.328 79.5155 70.5555 37.3757
threshold=1.3558721542358401 2.1819416284561162 0.025805843994021419 3.1933363676071171 0.34257914125919348 0.69239473342895519 0.93556153774261486
decision_type=2 2 2 2 2 2 2
left_child=2 3 4 -2 -1 -3 -4
right_child=1 5 6 -5 -6 -7 -8
leaf_value=0.026859880739100072 0.0015837355661884867 -0.042758122028910966 0.038373241471086048 -0.024865182988130317 0.012400786372443587 -0.076142674875419925 0.044848379044448917
leaf_weight=2962.0760612785816 2068.801162391901 137.44982053339481 1762.0055273771286 467.11516542732716 736.21848534047604 352.27022209763527 6654.702197521925
leaf_count=7007 5259 431 4176 1334 1823 1408 15522
internal_value=0.0273248 -0.0135708 0.0375386 -0.00328788 0.0239831 -0.0667951 0.0434939
internal_weight=15140.6 3025.64 12115 2535.92 3698.29 489.72 8416.71
internal_count=36960 8432 28528 6593 8830 1839 19698
is_linear=0
shrinkage=0.0393376


Tree=13
num_leaves=8
num_cat=0
split_feature=63 45 72 63 60 43 72
split_gain=3909.76 985.495 633.631 159.33 76.8016 69.2985 38.1979
threshold=1.3558721542358401 2.1819416284561162 0.025805843994021419 2.5850247144699101 0.34257914125919348 0.69239473342895519 0.93556153774261486
decision_type=2 2 2 2 2 2 2
left_child=2 3 4 -2 -1 -3 -4
right_child=1 5 6 -5 -6 -7 -8
leaf_value=0.026291897489884027 0.0040582295426329629 -0.040464021300005926 0.0379279635529296 -0.016612299681924254 0.012010135646120452 -0.073382071655976336 0.044568510934742497
leaf_weight=2908.1162059009075 1653.5358315557241 139.49436818063259 1713.53347735852 886.06677079200745 730.38529828190804 351.16814307868481 6437.3823288530111
leaf_count=7007 4173 431 4176 2420 1823 1408 15522
internal_value=0.0268361 -0.0130163 0.0370799 -0.00315285 0.0234266 -0.0640452 0.0431736
internal_weight=14819.7 3030.27 11789.4 2539.6 3638.5 490.663 8150.92
internal_count=36960 8432 28528 6593 8830 1839 19698
is_linear=0
shrinkage=0.0393376


Tree=14
num_leaves=8
num_cat=0
split_feature=63 60 55 63 60 49 69
split_gain=3752.23 1050.78 422.169 250.552 63.003 39.9608 30.5883
threshold=0.96394008398056041 2.2656428813934331 0.47262600064277654 2.5850247144699101 0.028485240414738659 2.2770558595657353 1.0000000180025095e-35
decision_type=2 2 2 2 2 2 2
left_child=2 3 4 -2 -1 -3 -4
right_child=1 5 6 -5 -6 -7 -8
leaf_value=0.02955024310614451 0.0068273295848524625 -0.041431623985846606 0.038625619241186064 -0.017110635119963691 0.017228998351780142 -0.07125570716537008 0.044519564274097596
leaf_weight=2165.8638329282403 2382.3495387434959 88.903150141239166 1803.1216812580824 944.83741927146912 916.4166509732604 343.48859177529812 5861.071009889245
leaf_count=5317 6004 275 4464 2578 2322 1390 14610
internal_value=0.0263552 -0.0074691 0.0381887 2.80454e-05 0.025889 -0.0651475 0.0431341
internal_weight=14506.1 3759.58 10746.5 3327.19 3082.28 432.392 7664.19
internal_count=36960 10247 26713 8582 7639 1665 19074
is_linear=0
shrinkage=0.0393376


Tree=15
num_leaves=8
num_cat=0
split_feature=63 45 55 45 49 60 69
split_gain=3608.6 1001.29 411.249 215.289 68.687 56.1078 31.4966
threshold=0.93937253952026378 2.1819416284561162 0.47262600064277654 0.67795038223266613 2.3302516937255864 0.028485240414738659 1.0000000180025095e-35
decision_type=2 2 2 2 2 2 2
left_child=2 3 5 -2 -3 -1 -4
right_child=1 4 6 -5 -6 -7 -8
leaf_value=0.029021898121132778 0.0071568509680302057 -0.037100398979847599 0.03819827329029131 -0.015119242984792185 -0.06913527823505794 0.017163026952610978 0.044270790729272536
leaf_weight=2100.8549608066678 2379.5402239859104 150.60748390853405 1749.856366455555 935.04670524597168 340.15901057422161 878.05340196192265 5666.0224839225411
leaf_count=5270 5977 456 4459 2551 1389 2248 14610
internal_value=0.0258809 -0.00689309 0.0378791 0.000871307 -0.0593252 0.0255286 0.0428392
internal_weight=14200.1 3805.35 10394.8 3314.59 490.766 2978.91 7415.88
internal_count=36960 10373 26587 8528 1845 7518 19069
is_linear=0
shrinkage=0.0393376


Tree=16
num_leaves=8
num_cat=1
split_feature=63 45 72 63 49 23 55
split_gain=3470.37 928.332 415.72 199.964 68.4909 48.6267 19.4769
threshold=0.93937253952026378 2.1819416284561162 0.30716733634471899 2.3956632614135747 2.3302516937255864 0 1.4179109334945681
decision_type=2 2 2 2 2 9 2
left_child=2 3 5 -2 -3 -1 -4
right_child=1 4 6 -5 -6 -7 -8
leaf_value=0.013915590789439236 0.0076065922180602015 -0.035237628001706538 0.039124169752053808 -0.012968374556312064 -0.067149438692942987 0.027956186627433492 0.044088539761369235
leaf_weight=530.33784276247025 2222.3795627355576 152.30352637171745 1632.5201078876853 1088.9921136498451 336.51736618578434 2679.292104318738 5259.7125237807631
leaf_count=1465 5622 456 4330 2906 1389 6769 14023
internal_value=0.0254125 -0.00663111 0.0374672 0.000838885 -0.057227 0.0257685 0.042914
internal_weight=13902.1 3800.19 10101.9 3311.37 488.821 3209.63 6892.23
internal_count=36960 10373 26587 8528 1845 8234 18353
cat_boundaries=0 1
cat_threshold=2105732
is_linear=0
shrinkage=0.0393376


Tree=17
num_leaves=8
num_cat=0
split_feature=66 59 72 45 49 41 69
split_gain=3271.66 978.958 302.486 257.806 47.1716 40.3015 21.511
threshold=0.015021245926618578 0.82769179344177257 0.30716733634471899 0.67795038223266613 2.3302516937255864 0.516858071088791 1.0000000180025095e-35
decision_type=2 2 2 2 2 2 2
left_child=1 3 5 -1 -3 -2 -4
right_child=2 4 6 -5 -6 -7 -8
leaf_value=0.0093854404809376162 0.02812482124129231 -0.036695183399930997 0.038351162943743598 -0.013415277678361023 -0.065251126749796634 0.0090006189233318348 0.043834077113972386
leaf_weight=2877.2425310686231 2381.0257219821215 124.30095057189465 1434.6173172444105 1046.252547711134 332.91585436463356 184.45248691737652 5230.9935440868139
leaf_count=7327 6177 380 3900 2833 1391 502 14450
internal_value=0.0249509 -0.00304385 0.0382364 0.00330416 -0.0575094 0.0267518 0.0426554
internal_weight=13611.8 4380.71 9231.09 3923.5 457.217 2565.48 6665.61
internal_count=36960 11931 25029 10160 1771 6679 18350
is_linear=0
shrinkage=0.0393376


Tree=18
num_leaves=8
num_cat=1
split_feature=63 45 55 45 7 69 52
split_gain=3227.8 802.537 420.901 204.032 68.0768 33.7199 29.3406
threshold=0.93937253952026378 2.7454130649566655 0.47262600064277654 0.67795038223266613 0 1.0000000180025095e-35 0.96570283174514782
decision_type=2 2 2 2 9 2 2
left_child=2 3 4 -2 -1 -4 -3
right_child=1 6 5 -5 -6 -7 -8
leaf_value=0.0012207588018257603 0.0064080960699177594 -0.035333694097887253 0.0370336139699039 -0.014604958221178651 0.025573327421396414 0.043592899191281648 -0.06347492377289797
leaf_weight=203.05444649606943 2347.2728410363197 70.720112606883049 1611.5715171322227 1028.1335601508617 2619.5509735047817 5115.1483483687043 334.31333008408546
leaf_count=626 5977 216 4459 2771 6892 14610 1409
internal_value=0.0244925 -0.00627217 0.0366721 6.22113e-06 0.0239178 0.0420228 -0.0585843
internal_weight=13329.8 3780.44 9549.33 3375.41 2822.61 6726.72 405.033
internal_count=36960 10373 26587 8748 7518 19069 1625
cat_boundaries=0 12
cat_threshold=268437504 4290 16384 0 163840 2097160 8 1073774600 2147488258 10249 278656 129
is_linear=0
shrinkage=0.0393376


Tree=19
num_leaves=8
num_cat=1
split_feature=63 59 55 63 45 7 70
split_gain=3103.52 751.574 424.26 169.326 114.35 64.1203 28.3382
threshold=0.93937253952026378 0.26015257835388189 0.55084219574928295 2.3956632614135747 3.8609911203384404 0 0.42478057742118841
decision_type=2 2 2 2 2 9 2
left_child=2 3 5 -2 -3 -1 -4
right_child=1 4 6 -5 -6 -7 -8
leaf_value=0.001330987996045693 0.0079359721818836691 -0.027523500960610209 0.036488144124857756 -0.011495102969902775 -0.061882155692531964 0.025380377160210542 0.04324622736928109
leaf_weight=195.80659941583872 2141.6868512332439 277.18182724714279 1197.6663681641221 1026.4033540189266 328.60531505942345 2727.3302720561624 5160.3843314945698
leaf_count=606 5451 807 3432 2707 1408 7333 15216
internal_value=0.0240406 -0.00603677 0.0362709 0.00163931 -0.0461772 0.0238622 0.0419746
internal_weight=13055.1 3773.88 9281.19 3168.09 605.787 2923.14 6358.05
internal_count=36960 10373 26587 8158 2215 7939 18648
cat_boundaries=0 12
cat_threshold=276826112 4288 16384 0 163840 8 8 1073774600 2147484162 67119105 278528 129
is_linear=0
shrinkage=0.0393376


Tree=20
num_leaves=8
num_cat=1
split_feature=63 63 55 49 60 7 69
split_gain=2983.59 704.714 427.461 174.596 131.625 63.106 29.1357
threshold=0.93937253952026378 3.333189964294434 0.55084219574928295 2.116026878356934 0.9567231833934785 0 1.0000000180025095e-35
decision_type=2 2 2 2 2 9 2
left_child=2 4 5 -3 -2 -1 -4
right_child=1 3 6 -5 -6 -7 -8
leaf_value=0.003345463128593202 0.0072228493316575512 -0.023823490209502193 0.036653566324235123 -0.060959867820951412 -0.014602600368820188 0.025070953175045065 0.043188029186465804
leaf_weight=242.19399569183588 2401.7577970027924 534.88913911581039 1376.8632905855775 309.77880173921585 519.98599220812321 2630.3634048178792 4771.6308504194021
leaf_count=743 6106 1495 4045 1357 1415 7196 14603
internal_value=0.0235945 -0.0058115 0.0358722 -0.0374553 0.00333682 0.0233396 0.0417262
internal_weight=12787.5 3766.41 9021.05 844.668 2921.74 2872.56 6148.49
internal_count=36960 10373 26587 2852 7521 7939 18648
cat_boundaries=0 12
cat_threshold=343934976 4546 16384 0 163842 2097160 8 1073774600 2147488258 67119113 278528 129
is_linear=0
shrinkage=0.0393376


Tree=21
num_leaves=8
num_cat=0
split_feature=66 59 66 41 41 43 69
split_gain=2871.59 745.512 297.139 206.153 49.9664 45.7045 23.3052
threshold=0.015021245926618578 0.82769179344177257 0.92910957336425792 1.3337662816047671 0.018190254457294944 0.65772354602813732 1.0000000180025095e-35
decision_type=2 2 2 2 2 2 2
left_child=1 3 4 -1 -2 -3 -4
right_child=2 5 6 -5 -6 -7 -8
leaf_value=0.0080710823148652348 0.028993671212189879 -0.030645543777683259 0.036912167174874909 -0.012564174541133212 0.01671589018999875 -0.059223013391279875 0.043015946610308713
leaf_weight=2849.0190088227391 1739.9478720799088 120.41144271194935 1257.3105853125453 1016.2352730035782 730.79504629969597 319.10219176113605 4494.4024259448051
leaf_count=7476 4981 357 3742 2684 2048 1414 14258
internal_value=0.0231534 -0.0028755 0.0367807 0.00264458 0.0253648 -0.0514143 0.0416832
internal_weight=12527.2 4304.77 8222.46 3865.25 2470.74 439.514 5751.71
internal_count=36960 11931 25029 10160 7029 1771 18000
is_linear=0
shrinkage=0.0393376


Tree=22
num_leaves=8
num_cat=1
split_feature=63 45 55 63 7 70 49
split_gain=2770.2 623.602 432.485 166.028 88.4625 30.8837 29.255
threshold=0.93937253952026378 2.7454130649566655 0.55084219574928295 1.9906313419342043 0 0.42478057742118841 2.2770558595657353
decision_type=2 2 2 2 9 2 2
left_child=2 3 4 -2 -1 -4 -3
right_child=1 6 5 -5 -6 -7 -8
leaf_value=0.0019713309253194581 0.0084218406850534513 -0.031346748228128871 0.035287248035777749 -0.0090721328808336492 0.024784347576163025 0.042660361573795512 -0.058491926480414569
leaf_weight=308.70547273010015 1730.8050698190928 78.400711581110954 1098.7348029091954 1629.9237496107817 2469.8027114272118 4652.9707814753056 305.56619235873222
leaf_count=973 4478 234 3432 4270 6966 15216 1391
internal_value=0.0227145 -0.00548957 0.0350962 -6.15564e-05 0.0223475 0.0412534 -0.0529722
internal_weight=12274.9 3744.7 8530.21 3360.73 2778.51 5751.71 383.967
internal_count=36960 10373 26587 8748 7939 18648 1625
cat_boundaries=0 12
cat_threshold=276826112 4288 16384 0 163840 8 8 1073774600 2147484162 67119113 278530 129
is_linear=0
shrinkage=0.0393376


Tree=23
num_leaves=8
num_cat=0
split_feature=60 59 55 41 47 49 69
split_gain=2566.82 641.387 413.963 178.152 67.5708 46.6387 31.6228
threshold=0.025211574509739879 0.82769179344177257 0.47262600064277654 1.3337662816047671 0.07495377212762834 2.3302516937255864 1.0000000180025095e-35
decision_type=2 2 2 2 2 2 2
left_child=2 3 4 -2 -1 -3 -4
right_child=1 5 6 -5 -6 -7 -8
leaf_value=0.010266386078210959 0.007453069808314461 -0.02907723233016319 0.035629800124165063 -0.01214841740305855 0.025377969865009772 -0.057474228161195101 0.042656764572760589
leaf_weight=613.52125383168459 2585.1624587997794 129.31828974932432 1307.3455564677715 992.92889033257961 1818.5534025207162 298.93724972009659 4283.930500626564
leaf_count=1656 6969 381 4182 2608 5214 1390 14560
internal_value=0.0222812 -0.00343271 0.0351213 0.00201236 0.0215682 -0.0489201 0.0410153
internal_weight=12029.7 4006.35 8023.35 3578.09 2432.07 428.256 5591.28
internal_count=36960 11348 25612 9577 6870 1771 18742
is_linear=0
shrinkage=0.0393376


Tree=24
num_leaves=8
num_cat=0
split_feature=63 63 72 49 60 41 69
split_gain=2591.71 646.237 287.6 152.759 143.117 31.9591 17.2361
threshold=0.54837614297866832 3.333189964294434 0.45817090570926672 2.116026878356934 0.9567231833934785 0.31994572281837469 1.0000000180025095e-35
decision_type=2 2 2 2 2 2 2
left_child=2 4 5 -3 -2 -1 -4
right_child=1 3 6 -5 -6 -7 -8
leaf_value=0.026057178735233579 0.0086211160744852564 -0.020944740156407061 0.036709469879387738 -0.056466229375627994 -0.013261313155039227 0.0097673434235137913 0.042542336291260086
leaf_weight=2086.6857490688562 3056.8964159488678 546.30427940189838 995.13263282924891 285.65785209834576 544.71244794130325 205.68709241598845 4070.8298710584641
leaf_count=6252 8125 1495 3288 1357 1475 618 14350
internal_value=0.0218505 -0.00190748 0.0361654 -0.0331531 0.00531021 0.0245978 0.0413983
internal_weight=11791.9 4433.57 7358.34 831.962 3601.61 2292.37 5065.96
internal_count=36960 12452 24508 2852 9600 6870 17638
is_linear=0
shrinkage=0.0393376


Tree=25
num_leaves=8
num_cat=0
split_feature=63 60 72 49 63 25 55
split_gain=2504.02 646.229 225.327 156.607 148.855 25.261 14.6649
threshold=0.38292834162712103 1.2130189538002016 0.49379894137382513 2.3302516937255864 1.907270669937134 0.74750000000000016 1.4865146279335024
decision_type=2 2 2 2 2 2 2
left_child=2 4 5 -3 -2 -1 -4
right_child=1 3 6 -5 -6 -7 -8
leaf_value=0.028984195806193862 0.011829255778212073 -0.019608315723734733 0.037259572030968351 -0.055567817968170639 -0.0042287286739514183 0.019768452822376645 0.042465671799878958
leaf_weight=1211.4260165989399 2544.0739176645875 545.69560290873051 1112.0814533159137 285.93264727294445 1376.1634238064289 750.46428026258945 3734.9144921898842
leaf_count=3647 7034 1493 3860 1390 3543 2375 13618
internal_value=0.0214246 -0.000489675 0.0367186 -0.0319837 0.0061914 0.0254625 0.0412731
internal_weight=11560.8 4751.87 6808.89 831.628 3920.24 1961.89 4847
internal_count=36960 13460 23500 2883 10577 6022 17478
is_linear=0
shrinkage=0.0393376


Tree=26
num_leaves=8
num_cat=1
split_feature=66 63 72 49 60 7 69
split_gain=2437.43 557.333 292.146 146.122 120.314 44.6981 17.9757
threshold=0.085334364324808135 3.333189964294434 0.45817090570926672 2.116026878356934 0.9567231833934785 0 1.0000000180025095e-35
decision_type=2 2 2 2 2 9 2
left_child=1 4 5 -3 -1 -2 -4
right_child=2 3 6 -5 -6 -7 -8
leaf_value=0.0078933811247932101 0.0032236375619924484 -0.01945613339631894 0.036085446104887696 -0.054673382109612798 -0.012028008639883143 0.025279447780359763 0.042229874037227257
leaf_weight=3000.8499338403344 169.91375898569822 552.26998473703861 936.045459844172 272.62426398694515 555.80623702704906 2056.8854940533638 3791.9306144788861
leaf_count=8083 588 1495 3286 1357 1491 6308 14352
internal_value=0.0210029 -0.00197719 0.0354808 -0.031107 0.00477887 0.0237264 0.0410153
internal_weight=11336.3 4381.55 6954.78 824.894 3556.66 2226.8 4727.98
internal_count=36960 12426 24534 2852 9574 6896 17638
cat_boundaries=0 12
cat_threshold=268962048 256 536936448 2147483648 134348808 0 8 33559048 4194314 8398858 2147794944 257
is_linear=0
shrinkage=0.0393376


Tree=27
num_leaves=8
num_cat=1
split_feature=66 59 55 63 49 7 69
split_gain=2350.39 527.37 291.214 165.754 97.9713 47.4006 17.5111
threshold=0.085334364324808135 0.26015257835388189 0.7853267788887025 1.8877127170562746 2.3302516937255864 0 0.023224908858537677
decision_type=2 2 2 2 2 9 2
left_child=1 3 5 -1 -3 -2 -4
right_child=2 4 6 -5 -6 -7 -8
leaf_value=0.010566109634257446 0.0024602695201239033 -0.021582188550183311 0.035689167189191344 -0.0061124086520447417 -0.053759910005392049 0.025074834831493396 0.042040037388231498
leaf_weight=2176.1253275051713 169.47061842679977 317.50181701034307 841.19484005123377 1599.5878747850657 272.98250640928745 2058.7828981429338 3683.609075255692
leaf_count=5992 591 909 3018 4134 1391 6498 14427
internal_value=0.020585 -0.0019068 0.0351274 0.00349933 -0.0364734 0.0234803 0.0408613
internal_weight=11119.3 4366.2 6753.06 3775.71 590.484 2228.25 4524.8
internal_count=36960 12426 24534 10126 2300 7089 17445
cat_boundaries=0 12
cat_threshold=269091072 4416 536936448 2147483648 134348800 0 8 131592 2147483650 536881152 2151972864 129
is_linear=0
shrinkage=0.0393376


Tree=28
num_leaves=8
num_cat=0
split_feature=55 60 47 49 72 21 69
split_gain=2212.88 609.486 173.053 159.114 136.175 27.781 16.67
threshold=1.0000000180025095e-35 1.1408933997154238 0.11126060038805009 2.3302516937255864 0.49379894137382513 1172.5000000000002 1.0000000180025095e-35
decision_type=2 2 2 2 2 2 2
left_child=1 2 -1 -3 5 -2 -6
right_child=4 3 -4 -5 6 -7 -8
leaf_value=0.0022036303361158411 0.021280248761427489 -0.016792645677740282 0.018394149547342156 -0.05316166796901451 0.035689338281293816 0.033578674192727552 0.041949952510761529
leaf_weight=2852.731286726892 765.34148437529802 623.26480726897717 1591.9392472058535 265.72325094044209 829.50312376022339 456.62238087505102 3523.7344523668289
leaf_count=7674 2580 1676 4751 1390 3087 1472 14330
internal_value=0.0201708 0.00205587 0.00800376 -0.0276743 0.0374997 0.0258822 0.040759
internal_weight=10908.9 5333.66 4444.67 888.988 5575.2 1221.96 4353.24
internal_count=36960 15491 12425 3066 21469 4052 17417
is_linear=0
shrinkage=0.0393376


Tree=29
num_leaves=8
num_cat=0
split_feature=63 63 55 45 45 25 46
split_gain=2208.63 501.742 225.526 131.822 104.915 30.4758 19.0353
threshold=0.36341045796871191 3.333189964294434 0.7853267788887025 3.8609911203384404 0.67795038223266613 0.74750000000000016 1.4123964905738833
decision_type=2 2 2 2 2 2 2
left_child=2 4 5 -3 -2 -1 -4
right_child=1 3 6 -5 -6 -7 -8
leaf_value=0.02783725654781018 0.0086511936768534879 -0.017758829239704902 0.041489313627637123 -0.051848606698245814 -0.0075206041824917146 0.017224046988799833 0.032827629203928822
leaf_weight=1149.8487305790186 3110.4036207795143 553.78229331970215 3747.8743387684226 257.40460699796677 775.21245574951172 663.7560383155942 447.11367300897837
leaf_count=3769 8688 1483 15601 1369 2046 2261 1743
internal_value=0.0197584 -0.000450353 0.0355554 -0.0285877 0.00542372 0.0239566 0.0405681
internal_weight=10705.4 4696.8 6008.59 811.187 3885.62 1813.6 4194.99
internal_count=36960 13586 23374 2852 10734 6030 17344
is_linear=0
shrinkage=0.0393376


Tree=30
num_leaves=8
num_cat=0
split_feature=66 59 70 63 43 21 46
split_gain=2135.26 470.191 220.536 167.885 95.907 49.3938 10.5221
threshold=0.24546284228563311 0.26015257835388189 0.32410122454166418 1.907270669937134 0.65772354602813732 1283.5000000000002 1.3224461674690249
decision_type=2 2 2 2 2 2 2
left_child=1 3 5 -1 -3 -2 -4
right_child=2 4 6 -5 -6 -7 -8
leaf_value=0.010558196391334153 0.020191029549867203 -0.019073633011668666 0.04164942206875237 -0.0058112616834588649 -0.051260075122903981 0.032401298392381608 0.034365559311009736
leaf_weight=2488.6885316520929 1280.1610764637589 316.49425899237394 3362.654886867851 1587.8070113509893 262.77758072316647 859.91891780123115 349.69529099389911
leaf_count=7104 4498 900 14555 4089 1422 2969 1423
internal_value=0.0193499 -0.00053066 0.0351656 0.0041814 -0.0336896 0.0251008 0.0409656
internal_weight=10508.2 4655.77 5852.43 4076.5 579.272 2140.08 3712.35
internal_count=36960 13515 23445 11193 2322 7467 15978
is_linear=0
shrinkage=0.0393376


Tree=31
num_leaves=8
num_cat=0
split_feature=63 43 72 63 41 55 9
split_gain=2068.43 443.155 232.94 187.492 26.5159 12.7106 3.54547
threshold=0.36341045796871191 0.65772354602813732 0.59218427538871776 2.008347868919373 0.16186411678791049 1.4179109334945681 557.19500000000005
decision_type=2 2 2 2 2 2 2
left_child=2 3 4 -2 -1 -4 -3
right_child=1 6 5 -5 -6 -7 -8
leaf_value=0.025122544355539716 0.008928271726037891 -0.051197824224978913 0.03584702521037849 -0.0077391233476985085 0.0104381173452553 0.041588396780796615 -0.011853837213776669
leaf_weight=1620.6926720701158 2688.4053365886211 253.67442020773888 765.53144811466336 1707.4992984980345 216.90566386282444 3060.3814899921417 3.9330310672521582
leaf_count=5642 7741 1410 3178 4419 724 13830 16
internal_value=0.0189454 -0.000485277 0.0349112 0.00245332 0.0233921 0.0404419 -0.0506177
internal_weight=10317 4653.51 5663.51 4395.9 1837.6 3825.91 257.607
internal_count=36960 13586 23374 12160 6366 17008 1426
is_linear=0
shrinkage=0.0393376


Tree=32
num_leaves=8
num_cat=0
split_feature=66 45 72 60 49 21 46
split_gain=2001.65 434.855 192.947 152.34 53.1741 25.2957 15.1512
threshold=0.36308631300926214 2.1819416284561162 0.59218427538871776 0.34257914125919348 2.3302516937255864 1283.5000000000002 1.2861040234565737
decision_type=2 2 2 2 2 2 2
left_child=1 3 5 -1 -3 -2 -4
right_child=2 4 6 -5 -6 -7 -8
leaf_value=0.011174783464420945 0.0198942171530598 -0.021357012660484752 0.041357990490611368 -0.0033285427366685056 -0.050651314997336341 0.030252395778780215 0.034101613351383391
leaf_weight=2241.1192713901401 972.65043554827571 161.55776196718216 3156.1842117123306 2240.9816308319569 238.91059696674347 589.59534642845392 531.61929929628968
leaf_count=6561 3481 458 14685 5997 1390 2086 2302
internal_value=0.0185433 0.000412378 0.035404 0.00392268 -0.038854 0.0238081 0.0403143
internal_weight=10132.6 4882.57 5250.05 4482.1 400.468 1562.25 3687.8
internal_count=36960 14406 22554 12558 1848 5567 16987
is_linear=0
shrinkage=0.0393376


Tree=33
num_leaves=8
num_cat=0
split_feature=72 45 43 46 72 21 46
split_gain=1933.49 487.124 159.26 148.524 63.2844 16.1635 5.7343
threshold=1.0000000180025095e-35 0.94797763228416454 0.69239473342895519 0.8878912925720216 0.93556153774261486 638.00000000000011 1.305679500102997
decision_type=2 2 2 2 2 2 2
left_child=1 3 -3 -1 5 -2 -6
right_child=4 2 -4 -5 6 -7 -8
leaf_value=0.0018020172974378846 0.024576365304495595 -0.012889372237988788 -0.049427741970049434 0.015902250545505776 0.041333044490748067 0.034319093661291065 0.035344288980807333
leaf_weight=2453.3734591454268 504.38535026460886 776.77591073513031 242.26552107930183 2187.0582523941994 2936.0009899996221 567.21336020901799 287.62756245583296
leaf_count=6612 2066 2056 1419 7017 14218 2268 1304
internal_value=0.0181438 0.00303969 -0.0215851 0.00844857 0.0380438 0.0297405 0.0408014
internal_weight=9954.7 5659.47 1019.04 4640.43 4295.23 1071.6 3223.63
internal_count=36960 17104 3475 13629 19856 4334 15522
is_linear=0
shrinkage=0.0393376


Tree=34
num_leaves=8
num_cat=0
split_feature=72 63 60 53 69 25 46
split_gain=1878.96 468.15 166.43 115.131 63.7879 17.9084 1.7089
threshold=0.012970997020602228 3.333189964294434 0.34257914125919348 1.9215769767761233 1.0000000180025095e-35 0.74750000000000016 1.4123964905738833
decision_type=2 2 2 2 2 2 2
left_child=1 2 -1 -3 5 -2 -6
right_child=4 3 -4 -5 6 -7 -8
leaf_value=0.013485907147568733 0.03439086106231095 -0.015817659353300536 -0.0013728753588242116 -0.049462058304217328 0.041321779218392904 0.024725694632651056 0.035920719580565606
leaf_weight=2922.5798798054457 730.80727731436491 568.00737419724464 1940.5675570890307 218.01130501925945 2778.8229462318122 509.77139600366354 113.18584508448839
leaf_count=9070 3041 1505 5261 1347 14012 2184 540
internal_value=0.0177498 0.00300275 0.00755614 -0.0251611 0.037907 0.0304255 0.0411134
internal_weight=9781.75 5649.17 4863.15 786.019 4132.59 1240.58 2892.01
internal_count=36960 17183 14331 2852 19777 5225 14552
is_linear=0
shrinkage=0.0393376


Tree=35
num_leaves=8
num_cat=0
split_feature=72 63 63 49 72 21 46
split_gain=1825.29 434.428 154.963 117.029 63.3108 16.2692 6.09952
threshold=0.012970997020602228 3.333189964294434 1.3558721542358401 2.116026878356934 0.93556153774261486 638.00000000000011 1.305679500102997
decision_type=2 2 2 2 2 2 2
left_child=1 2 -1 -3 5 -2 -6
right_child=4 3 -4 -5 6 -7 -8
leaf_value=0.013514923362876482 0.023721408801880582 -0.014945150896726106 -0.0006778900552904789 -0.049099381092327712 0.041105884476960557 0.033855173182432308 0.034750720495568814
leaf_weight=2718.9479587674141 471.79650793969631 568.6294497102499 2116.6575380116701 213.80035875737667 2730.1679669544101 523.96807799488306 270.94567557051778
leaf_count=8751 2027 1495 5580 1357 14218 2228 1304
internal_value=0.0173585 0.00290092 0.00730183 -0.0242896 0.0376785 0.0290614 0.040535
internal_weight=9614.91 5618.04 4835.61 782.43 3996.88 995.765 3001.11
internal_count=36960 17183 14331 2852 19777 4255 15522
is_linear=0
shrinkage=0.0393376


Tree=36
num_leaves=8
num_cat=0
split_feature=66 60 42 49 69 66 69
split_gain=1771.01 393.145 139.159 127.893 92.7401 18.6077 1.51477
threshold=0.64579951763153087 1.1408933997154238 1.3727225065231325 2.3302516937255864 1.0000000180025095e-35 0.92910957336425792 0.59712815284729015
decision_type=2 2 2 2 2 2 2
left_child=1 2 -1 -3 5 -2 -6
right_child=4 3 -4 -5 6 -7 -8
leaf_value=0.011322266551551555 0.022303231236588783 -0.013487122684381275 -0.0036714035019856199 -0.048712810087091177 0.038631399911124374 0.031848950927338873 0.041360067997499528
leaf_weight=3187.0093774832785 511.55304343998432 635.92099076509476 1368.9538317620754 213.05740143358707 466.67047109082341 850.10584411397576 2219.783106982708
leaf_count=9916 2009 1678 3699 1390 2463 3742 12063
internal_value=0.0169721 0.00223575 0.00681629 -0.0223381 0.036646 0.0282681 0.0408895
internal_weight=9453.05 5404.94 4555.96 848.978 4048.11 1361.66 2686.45
internal_count=36960 16683 13615 3068 20277 5751 14526
is_linear=0
shrinkage=0.0393376


Tree=37
num_leaves=8
num_cat=0
split_feature=55 60 52 47 69 25 55
split_gain=1719.1 376.868 150.639 146.952 80.8664 21.708 2.22628
threshold=0.30225439369678503 0.9567231833934785 0.96570283174514782 0.30470177531242376 1.0000000180025095e-35 0.74050000000000005 1.4865146279335024
decision_type=2 2 2 2 2 2 2
left_child=1 3 -3 -1 5 -2 -6
right_child=4 2 -4 -5 6 -7 -8
leaf_value=0.0025969753815672848 0.033562658072971693 -0.010928135576894343 -0.0475581345511999 0.017945983806738376 0.036885589428877028 0.022952078658608838 0.041138743241199663
leaf_weight=2953.9584409072995 619.19239215180278 874.56876808404922 216.85172468423843 1434.1110378801823 241.72853623703122 586.14104855433106 2370.3756916113198
leaf_count=8393 2736 2292 1414 4922 1280 2582 13341
internal_value=0.0165888 0.00246886 -0.0182146 0.00761457 0.0368546 0.0284091 0.0407485
internal_weight=9296.93 5479.49 1091.42 4388.07 3817.44 1205.33 2612.1
internal_count=36960 17021 3706 13315 19939 5318 14621
is_linear=0
shrinkage=0.0393376


Tree=38
num_leaves=8
num_cat=0
split_feature=72 63 60 49 69 21 46
split_gain=1677.99 359.486 139.837 109.341 69.6227 13.9346 2.00664
threshold=0.012970997020602228 3.333189964294434 0.34257914125919348 2.116026878356934 1.0000000180025095e-35 707.00000000000011 1.4123964905738833
decision_type=2 2 2 2 2 2 2
left_child=1 2 -1 -3 5 -2 -6
right_child=4 3 -4 -5 6 -7 -8
leaf_value=0.012172143939724073 0.02447788572429848 -0.01372526371753831 -0.001564171178495905 -0.047820699807742818 0.040912494124894762 0.033300296398957166 0.034753991224409725
leaf_weight=2823.5465160608292 566.80031118169427 572.67215973138809 1930.3972183093429 195.3414326608181 2399.9710415489972 557.72414386644959 99.509195119142532
leaf_count=9070 2636 1495 5261 1357 14012 2589 540
internal_value=0.0162098 0.00255878 0.00659372 -0.0224092 0.0370082 0.0288603 0.0406707
internal_weight=9145.96 5521.96 4753.94 768.014 3624 1124.52 2499.48
internal_count=36960 17183 14331 2852 19777 5225 14552
is_linear=0
shrinkage=0.0393376


Tree=39
num_leaves=8
num_cat=0
split_feature=72 43 63 69 25 56 55
split_gain=1627.74 335.554 211.237 68.5832 18.2483 3.57811 2.09307
threshold=0.025805843994021419 0.65772354602813732 1.5341715812683108 1.0000000180025095e-35 0.74750000000000016 1.6090096235275271 1.4865146279335024
decision_type=2 2 2 2 2 2 2
left_child=1 2 -1 4 -2 -3 -5
right_child=3 5 -4 6 -6 -7 -8
leaf_value=0.011532275395695181 0.032952064493092244 -0.045751025917620251 -0.0042493302513648273 0.036552388931909693 0.022517455444866146 -0.09130429716814939 0.040951457946126285
leaf_weight=2925.1994458436966 628.3431406095624 205.16342867165804 2379.9158614426851 213.05603972449899 449.98313021287322 2.8755969852209082 2195.6182643324137
leaf_count=9620 2996 1419 6211 1231 2152 12 13319
internal_value=0.0158345 0.00252898 0.00445194 0.0368694 0.0286046 -0.0464599 0.040566
internal_weight=9000.15 5513.15 5305.12 3487 1078.33 208.039 2408.67
internal_count=36960 17262 15831 19698 5148 1431 14550
is_linear=0
shrinkage=0.0393376


Tree=40
num_leaves=8
num_cat=1
split_feature=66 59 63 70 7 25 46
split_gain=1574.52 309.158 148.345 97.5804 92.0164 16.1685 8.24793
threshold=0.64579951763153087 0.26015257835388189 1.5341715812683108 0.42478057742118841 0 0.74750000000000016 1.3224461674690249
decision_type=2 2 2 2 9 2 2
left_child=1 2 -1 5 -3 -2 -5
right_child=3 4 -4 6 -6 -7 -8
leaf_value=0.011195555650842879 0.029750366077537851 0.0041654208343866496 -0.0027815233153271409 0.040608383057011706 -0.035227261867975 0.019874478984763109 0.032262464362558745
leaf_weight=2655.1408490799367 632.52964032813907 122.40586333721876 2107.1614222601056 2289.4333224855363 406.36578115075827 439.40110813826323 207.71027167886496
leaf_count=8866 2918 421 5456 14257 1940 1967 1135
internal_value=0.0154618 0.00184116 0.00501052 0.0356522 -0.0266902 0.0257086 0.0399175
internal_weight=8860.15 5291.07 4762.3 3569.07 528.772 1071.93 2497.14
internal_count=36960 16683 14322 20277 2361 4885 15392
cat_boundaries=0 12
cat_threshold=536936456 2686976 1075839072 536870976 1024 1073741888 2151681544 2147483648 17920 17825792 8 32769
is_linear=0
shrinkage=0.0393376


Tree=41
num_leaves=8
num_cat=0
split_feature=72 43 41 69 25 21 46
split_gain=1535.53 306.865 187.495 71.5574 18.348 3.49541 2.23145
threshold=0.025805843994021419 0.65772354602813732 0.38808269798755651 1.0000000180025095e-35 0.74750000000000016 4169.0000000000009 1.4123964905738833
decision_type=2 2 2 2 2 2 2
left_child=1 2 -1 4 -2 -3 -5
right_child=3 5 -4 6 -6 -7 -8
leaf_value=0.011927948000242041 0.032300452752614998 -0.046275249658132046 -0.0029405836964552946 0.040637107239977328 0.021597277167025385 -0.0015304058120644204 0.033892076461906923
leaf_weight=2504.4613581337035 595.37811099737883 195.84301580488682 2756.4945044368505 2148.7787213921547 432.29995879903436 2.9150810539722434 90.837587226182222
leaf_count=8327 2996 1415 7504 14010 2152 16 540
internal_value=0.0150889 0.00232315 0.00413699 0.0364185 0.0278052 -0.0456383 0.0403673
internal_weight=8727.01 5459.71 5260.96 3267.29 1027.68 198.758 2239.62
internal_count=36960 17262 15831 19698 5148 1431 14550
is_linear=0
shrinkage=0.0393376


Tree=42
num_leaves=8
num_cat=0
split_feature=55 63 47 49 69 70 55
split_gain=1492.08 295.31 123.556 100.939 58.4542 13.6952 2.51158
threshold=0.47262600064277654 3.333189964294434 0.30470177531242376 2.116026878356934 1.0000000180025095e-35 0.42478057742118841 1.4865146279335024
decision_type=2 2 2 2 2 2 2
left_child=1 2 -1 -3 5 -2 -6
right_child=4 3 -4 -5 6 -7 -8
leaf_value=0.0017077439393978046 0.024745162802202229 -0.012425393893556147 0.015146327884379479 -0.046563681765460309 0.03582341207394029 0.03523366433751824 0.040705038776029129
leaf_weight=3206.8788495510817 591.1466370113194 576.86723826825619 1580.8851796798408 174.73015381395817 203.70223520696163 291.90497205778956 1971.0433648861945
leaf_count=9198 2834 1495 5821 1357 1271 1643 13341
internal_value=0.0147236 0.00254674 0.00614612 -0.0203739 0.0367802 0.0282214 0.0402518
internal_weight=8597.16 5539.36 4787.76 751.597 3057.8 883.052 2174.75
internal_count=36960 17871 15019 2852 19089 4477 14612
is_linear=0
shrinkage=0.0393376


Tree=43
num_leaves=8
num_cat=1
split_feature=55 41 49 7 69 70 55
split_gain=1446.59 281.035 131.103 95.6287 59.8444 13.7573 2.61324
threshold=0.47262600064277654 1.4938952922821047 2.0690169334411626 0 1.0000000180025095e-35 0.42478057742118841 1.4865146279335024
decision_type=2 2 2 9 2 2 2
left_child=1 3 -3 -1 5 -2 -6
right_child=4 2 -4 -5 6 -7 -8
leaf_value=0.018729205544673416 0.024299500322687143 -0.0092843066638990217 -0.046271908368516662 0.004063910845796324 0.035575600936103444 0.034959795730466411 0.040625238076545049
leaf_weight=850.95877528563142 578.56312093883753 952.26483111083508 175.63753402233124 3534.568439502269 197.18293727934361 282.8013196028769 1898.6614755131304
leaf_count=2542 2834 2441 1392 11496 1271 1643 13341
internal_value=0.0143648 0.0024582 -0.0150523 0.00696283 0.0365611 0.0278088 0.0401543
internal_weight=8470.64 5513.43 1127.9 4385.53 2957.21 861.364 2095.84
internal_count=36960 17871 3833 14038 19089 4477 14612
cat_boundaries=0 11
cat_threshold=570459168 1114112 1048640 1075839040 8388640 544 2722104064 2164260868 67108864 516 536871944
is_linear=0
shrinkage=0.0393376


Tree=44
num_leaves=8
num_cat=0
split_feature=72 43 63 69 25 21 55
split_gain=1404.2 264.385 161.293 75.1262 19.1768 3.60276 2.53444
threshold=0.025805843994021419 0.65772354602813732 1.3558721542358401 1.0000000180025095e-35 0.74750000000000016 4169.0000000000009 1.4865146279335024
decision_type=2 2 2 2 2 2 2
left_child=1 2 -1 4 -2 -3 -5
right_child=3 5 -4 6 -6 -7 -8
leaf_value=0.010771011105930376 0.031450008811169723 -0.04522076490869608 -0.00308789763136339 0.035352708257794324 0.02015731616274476 0 0.04054311477393871
leaf_weight=2533.8615324497223 555.84848642721772 179.36906233429909 2666.705485701561 180.79524987563491 406.82998380064964 2.789414554834365 1823.6754091866314
leaf_count=8815 2996 1415 7016 1231 2152 16 13319
internal_value=0.0140092 0.00203119 0.00366398 0.0357363 0.0266851 -0.0445314 0.0400793
internal_weight=8349.87 5382.73 5200.57 2967.15 962.678 182.158 2004.47
internal_count=36960 17262 15831 19698 5148 1431 14550
is_linear=0
shrinkage=0.0393376


Tree=45
num_leaves=8
num_cat=0
split_feature=72 60 52 42 72 21 46
split_gain=1359.11 249.999 116.401 97.5365 74.1914 17.8112 8.178
threshold=0.025805843994021419 0.9567231833934785 0.96570283174514782 1.3727225065231325 0.93556153774261486 836.50000000000011 1.305679500102997
decision_type=2 2 2 2 2 2 2
left_child=1 3 -3 -1 5 -2 -6
right_child=4 2 -4 -5 6 -7 -8
leaf_value=0.0099419766903187864 0.0192999240517144 -0.0093824385279119536 -0.044599198931113505 -0.0031210072650635096 0.04014811711417364 0.031321445389800993 0.0316858021601613
leaf_weight=3061.0805786252022 403.54291086271405 882.27471242845058 173.86860194057226 1243.3306158930063 1896.8775149099529 368.04660571739078 203.23718580976129
leaf_count=10158 2147 2297 1414 3393 14218 2029 1304
internal_value=0.013659 0.00195928 -0.0151886 0.00616793 0.0354963 0.0250435 0.0393331
internal_weight=8232.26 5360.55 1056.14 4304.41 2871.7 771.59 2100.11
internal_count=36960 17262 3711 13551 19698 4176 15522
is_linear=0
shrinkage=0.0393376


Tree=46
num_leaves=8
num_cat=1
split_feature=55 60 41 55 22 43 46
split_gain=1323.59 240.797 157.52 62.0747 31.2397 9.08607 4.12422
threshold=0.47262600064277654 3.075464248657227 0.38808269798755651 1.3203279972076418 0 0.22239318490028384 1.2013010382652285
decision_type=2 2 2 2 9 2 2
left_child=1 2 -1 4 -2 -3 -5
right_child=3 5 -4 6 -6 -7 -8
leaf_value=0.010752209786220978 -0.0034825262858684263 -0.010992168076550223 -0.0028735130553146312 0.040392536165238982 0.028515313015430192 -0.045886214675581384 0.034173701505194672
leaf_weight=2521.8694310039282 55.849002182483673 12.843128770589827 2737.806603230536 1706.1626670882106 723.00803668797016 161.25891384482384 198.73717170581222
leaf_count=8969 356 40 7462 13337 4064 1400 1332
internal_value=0.0133156 0.00215134 0.00365909 0.0359172 0.0265375 -0.0433436 0.0397482
internal_weight=8117.53 5433.78 5259.68 2683.76 778.857 174.102 1904.9
internal_count=36960 17871 16431 19089 4420 1440 14669
cat_boundaries=0 12
cat_threshold=2097280 0 1074790400 536870912 2048 134217728 2147483648 538976544 0 2151678088 36868 2048
is_linear=0
shrinkage=0.0393376


Tree=47
num_leaves=8
num_cat=0
split_feature=72 60 60 69 25 59 46
split_gain=1275.82 226.014 138.61 79.5996 19.5663 6.92503 2.77331
threshold=0.025805843994021419 3.075464248657227 0.34257914125919348 1.0000000180025095e-35 0.74750000000000016 2.1664115190505986 1.4123964905738833
decision_type=2 2 2 2 2 2 2
left_child=1 2 -1 4 -2 -3 -5
right_child=3 5 -4 6 -6 -7 -8
leaf_value=0.0092928310265076135 0.030465643239367519 -0.016487414862545312 -0.0036498962816665995 0.040146381098115372 0.018678452401537263 -0.045442781231345736 0.03200320247830913
leaf_weight=2748.5946677662432 515.24951721727848 14.600195094943045 2396.4674333482981 1720.7835147231817 383.34956401586533 154.20359762012959 75.408593937754631
leaf_count=9337 2996 49 6485 14010 2152 1391 540
internal_value=0.012975 0.0017931 0.00326375 0.0350221 0.0254448 -0.0429753 0.0398091
internal_weight=8008.66 5313.87 5145.06 2694.79 898.599 168.804 1796.19
internal_count=36960 17262 15822 19698 5148 1440 14550
is_linear=0
shrinkage=0.0393376


Tree=48
num_leaves=8
num_cat=0
split_feature=72 43 41 69 70 52 69
split_gain=1233.3 217.322 133.594 81.1103 15.231 4.27787 2.52341
threshold=0.025805843994021419 0.69239473342895519 0.38808269798755651 1.0000000180025095e-35 0.42478057742118841 0.34711787104606634 0.59712815284729015
decision_type=2 2 2 2 2 2 2
left_child=1 2 -1 4 -2 -3 -5
right_child=3 5 -4 6 -6 -7 -8
leaf_value=0.0099563587981256856 0.021390486473918873 -0.092293468245850829 -0.0027664532380916001 0.036292609677927093 0.03250332864197096 -0.042473257313989793 0.040459112616953036
leaf_weight=2381.8930557668209 592.23757531493902 2.8107805252075186 2752.6192964017391 309.239536203444 286.13621821627021 156.79243017733097 1421.4824953041971
leaf_count=8328 3296 14 7509 2477 1852 1411 12073
internal_value=0.0126388 0.00172871 0.00313507 0.0347737 0.0250193 -0.0434546 0.0397198
internal_weight=7903.21 5294.12 5134.51 2609.1 878.374 159.603 1730.72
internal_count=36960 17262 15837 19698 5148 1425 14550
is_linear=0
shrinkage=0.0393376


Tree=49
num_leaves=8
num_cat=2
split_feature=55 59 46 7 69 7 46
split_gain=1206.87 208.589 115.291 98.4598 66.3115 33.3746 3.28874
threshold=0.47262600064277654 0.26015257835388189 0.8878912925720216 0 1.0000000180025095e-35 1 1.2903298139572146
decision_type=2 2 2 9 2 9 2
left_child=1 2 -1 -3 5 -2 -6
right_child=4 3 -4 -5 6 -7 -8
leaf_value=-0.00076461835788919192 -0.0054293807066366643 0.0078591650323431659 0.011509880757698423 -0.032642014851959174 0.040112541761125949 0.02762605974065227 0.03308817520480424
leaf_weight=2857.1779266893864 53.984606042504311 124.75723502784967 2021.5192983709276 360.16655382141471 1560.0943976361305 702.13163006305695 122.0925362277776
leaf_count=7790 344 457 7717 1907 13678 4133 934
internal_value=0.0123069 0.00187431 0.00432086 -0.0227266 0.0352529 0.0255543 0.0396077
internal_weight=7801.92 5363.62 4878.7 484.924 2438.3 756.116 1682.19
internal_count=36960 17871 15507 2364 19089 4477 14612
cat_boundaries=0 12 23
cat_threshold=536938504 2686976 1075839072 536870976 0 1073741888 4197888 2147483648 1536 1048592 8 32769 8912896 0 16777472 0 0 1073741824 1 33559048 4194306 67118080 295424
is_linear=0
shrinkage=0.0393376


Tree=50
num_leaves=8
num_cat=1
split_feature=55 60 60 69 22 43 46
split_gain=1166.96 200.883 130.426 67.6111 33.2917 9.46895 3.40459
threshold=0.47262600064277654 3.075464248657227 0.097465530037879958 1.0000000180025095e-35 0 0.22239318490028384 1.2903298139572146
decision_type=2 2 2 2 9 2 2
left_child=1 2 -1 4 -2 -3 -5
right_child=3 5 -4 6 -6 -7 -8
leaf_value=0.010914717729080613 0.0013227677856293982 -0.0091258346181730104 -0.001865165261033884 0.040042493522977202 0.028109448703795479 -0.045008845192992752 0.032795651917806583
leaf_weight=2028.4426745139062 93.231102377176285 12.721874535083769 3160.8168375641108 1502.4877322204411 645.9798224195838 143.51815491914749 118.41056331247091
leaf_count=7609 580 40 8822 13678 3897 1400 934
internal_value=0.0119784 0.00180553 0.00312988 0.0350165 0.0251348 -0.0421207 0.0395182
internal_weight=7705.61 5345.5 5189.26 2360.11 739.211 156.24 1620.9
internal_count=36960 17871 16431 19089 4477 1440 14612
cat_boundaries=0 12
cat_threshold=2236544 4 9441312 0 8192 201392256 2181038080 538968352 262144 2151678089 36868 2048
is_linear=0
shrinkage=0.0393376


Tree=51
num_leaves=8
num_cat=1
split_feature=55 49 41 69 22 46 40
split_gain=1127.75 190.163 122.684 68.871 32.317 3.5228 0.75941
threshold=0.47262600064277654 2.3302516937255864 0.38808269798755651 1.0000000180025095e-35 0 1.2903298139572146 0.24895217378113088
decision_type=2 2 2 2 9 2 2
left_child=1 2 -1 4 -2 -5 -3
right_child=3 6 -4 5 -6 -7 -8
leaf_value=0.0093852701264060881 0.0012772251612589711 -0.044452198419623647 -0.0027334391936197516 0.039973744911072667 0.027715360902137297 0.032499279913151921 -0.016624793850528851
leaf_weight=2433.1408841684461 93.121140439063311 134.39815199375153 2756.952731706202 1446.9663544520736 629.85944239422679 114.86198695935309 2.1729138642549506
leaf_count=8967 580 1374 7512 13678 3897 934 18
internal_value=0.0116583 0.00174043 0.00294729 0.0347772 0.0247168 0.0394293 -0.0440531
internal_weight=7611.47 5326.66 5190.09 2284.81 722.981 1561.83 136.571
internal_count=36960 17871 16479 19089 4477 14612 1392
cat_boundaries=0 12
cat_threshold=2236544 4 9441312 0 8192 201392256 2181038080 538968352 262144 2151678089 36868 2048
is_linear=0
shrinkage=0.0393376


Tree=52
num_leaves=8
num_cat=2
split_feature=55 45 43 7 55 7 69
split_gain=1089.39 184.894 104.112 103.224 58.6249 25.8307 2.54159
threshold=0.55084219574928295 0.67795038223266613 0.98593556880950939 0 1.4179109334945681 1 0.32483641803264623
decision_type=2 2 2 9 2 9 2
left_child=1 3 -3 -1 5 -2 -6
right_child=4 2 -4 -5 6 -7 -8
leaf_value=-0.013186443702162407 -8.4266084563537831e-07 -0.0070427286719945883 -0.044129365621389909 0.0082092866655939095 0.034647403756758739 0.027769403977887661 0.040130055316192036
leaf_weight=377.67121767252684 66.366035370156169 1244.5626727640629 129.23859049379826 3633.9456045627594 166.24857753701508 599.78573158755898 1302.8132843431085
leaf_count=1462 450 3258 1357 12219 1330 4055 12829
internal_value=0.0113436 0.00191535 -0.0105384 0.00618131 0.0351199 0.0254148 0.0395154
internal_weight=7520.63 5385.42 1373.8 4011.62 2135.21 666.152 1469.06
internal_count=36960 18296 4615 13681 18664 4505 14159
cat_boundaries=0 12 24
cat_threshold=335544320 36928 1090527232 0 134217728 262144 67108892 1073742344 4 10241 2148810882 128 8404992 0 16843264 1073741826 537034752 4096 1 33690120 268435458 9232 279040 16384
is_linear=0
shrinkage=0.0393376


Tree=53
num_leaves=8
num_cat=1
split_feature=66 60 63 69 7 43 69
split_gain=1055.9 172.914 111.954 74.737 27.6523 9.45609 2.56946
threshold=0.80045646429061901 3.075464248657227 0.93937253952026378 0.023224908858537677 0 0.22239318490028384 0.59712815284729015
decision_type=2 2 2 2 9 2 2
left_child=1 2 -1 4 -2 -3 -5
right_child=3 5 -4 6 -6 -7 -8
leaf_value=0.010402107707470123 0.0019445568908524195 -0.0083480698232536003 -0.0017270234922834467 0.035446221325228754 0.026702794189287629 -0.044417746024219294 0.040178285148687522
leaf_weight=1843.0663017183542 91.656464412808418 12.662615805864332 3259.9361922964454 240.80577256716788 682.45335438475013 129.89128171652555 1172.6338212247938
leaf_count=7592 564 40 8839 2288 4213 1400 12024
internal_value=0.0110338 0.00145828 0.00265317 0.0339918 0.0241468 -0.0412501 0.0393783
internal_weight=7433.11 5245.56 5103 2187.55 774.11 142.554 1413.44
internal_count=36960 17871 16431 19089 4777 1440 14312
cat_boundaries=0 11
cat_threshold=540928 589828 256 1048592 128 1073745920 1073741832 50467336 2 603988992 295424
is_linear=0
shrinkage=0.0393376


Tree=54
num_leaves=7
num_cat=1
split_feature=72 49 60 69 7 55
split_gain=1022.4 170.527 120.774 49.1965 23.5261 3.70654
threshold=0.30716733634471899 2.3302516937255864 0.097465530037879958 1.0000000180025095e-35 0 1.4865146279335024
decision_type=2 2 2 2 9 2
left_child=1 2 -1 4 -2 -5
right_child=3 -3 -4 5 -6 -7
leaf_value=0.01042348318562728 0.0026838675379082222 -0.043863484311964941 -0.001756104543452151 0.03247434236603338 0.028401369324224844 0.039933065833025888
leaf_weight=2070.3179868198931 77.254681326448917 122.73261374980211 3216.9977434761822 122.93109398335218 487.40128022059798 1250.4318762477487
leaf_count=8120 530 1390 9095 1169 3375 13281
internal_value=0.0107306 0.00194724 0.00301246 0.0352458 0.025441 0.0392714
internal_weight=7348.07 5410.05 5287.32 1938.02 564.656 1373.36
internal_count=36960 18605 17215 18355 3905 14450
cat_boundaries=0 12
cat_threshold=540928 0 16648 570441792 131072 1073750016 8 135176 524290 67117056 296576 128
is_linear=0
shrinkage=0.0393376


Tree=55
num_leaves=8
num_cat=1
split_feature=55 45 47 70 22 46 9
split_gain=988.214 159.712 113.399 61.4781 24.4284 7.35209 6.11473
threshold=0.55084219574928295 3.8609911203384404 0.30470177531242376 0.50897192955017101 0 1.3224461674690249 557.19500000000005
decision_type=2 2 2 2 9 2 2
left_child=1 2 -1 4 -2 -5 -3
right_child=3 6 -4 5 -6 -7 -8
leaf_value=-0.00094795548877403015 -0.010923214625124167 -0.043389360473093046 0.011909071112094292 0.039636437759726528 0.024938304719474651 0.028512178697025322 0.025306667020699038
leaf_weight=3714.0422923266888 30.132578695192933 122.8311116322875 1486.0230441167951 1294.9629271328449 513.73325865715742 103.41658299788833 1.8859096914529789
leaf_count=10712 214 1395 6176 13994 3592 864 13
internal_value=0.0104315 0.00166951 0.00272575 0.0344495 0.0232002 0.0388193 -0.0422945
internal_weight=7267.03 5324.78 5200.07 1942.25 543.866 1398.38 124.717
internal_count=36960 18296 16888 18664 3806 14858 1408
cat_boundaries=0 11
cat_threshold=132096 0 32 268435456 0 134217728 2147483648 536871200 262144 0 20
is_linear=0
shrinkage=0.0393376


Tree=56
num_leaves=8
num_cat=2
split_feature=63 69 43 7 7 9 69
split_gain=896.306 156.946 144.588 106.07 72.8785 8.72925 3.93511
threshold=0.0095211747102439421 1.0000000180025095e-35 0.69239473342895519 0 1 672.4100000000002 0.59712815284729015
decision_type=2 2 2 9 9 2 2
left_child=1 4 3 -2 -1 -4 -3
right_child=2 6 5 -5 -6 -7 -8
leaf_value=-0.012727615785083256 -0.019917971803603149 0.034242910834694919 -0.042783814509628641 0.0030094352527434138 0.021882710386542614 0.038454087558625373 0.040032431320728583
leaf_weight=100.43145109713078 326.4662645496428 241.15125519968569 123.25362488627434 4314.251061860472 1027.3336861934513 1.9309498220682133 1054.1289436630905
leaf_count=613 1184 2479 1413 13187 5994 7 12083
internal_value=0.0101371 0.0296166 0.000232111 0.00135877 0.0188774 -0.0414601 0.0389612
internal_weight=7188.95 2423.05 4765.9 4640.72 1127.77 125.185 1295.28
internal_count=36960 21169 15791 14371 6607 1420 14562
cat_boundaries=0 12 24
cat_threshold=335546368 4162 1073750145 1073741840 134217728 2147483648 20 524808 805306500 268437504 2151956608 8192 8916992 260 16843008 16384 0 0 131080 50462729 4718595 603980800 279040 16513
is_linear=0
shrinkage=0.0393376


Tree=57
num_leaves=8
num_cat=3
split_feature=66 63 7 7 55 7 46
split_gain=928.801 152.356 116.14 109.865 49.0106 20.1656 2.8889
threshold=0.92910957336425792 2.008347868919373 0 1 1.4347139596939089 2 1.2013010382652285
decision_type=2 2 9 9 2 9 2
left_child=1 3 -3 -1 5 -2 -6
right_child=4 2 -4 -5 6 -7 -8
leaf_value=-0.012865644273179719 -0.0018606290702465 0.014849604813931876 -0.011710112282470486 0.00898504143934231 0.039859670027151031 0.027162408453461472 0.032403369965939836
leaf_weight=393.92404057458043 46.840801186859608 296.34944563359022 1553.4169832393527 3112.0603253543377 1082.2463013138622 533.16663136519492 97.252866189926863
leaf_count=1606 343 738 5090 11526 12847 3876 934
internal_value=0.009845 0.00169773 -0.00743531 0.00651745 0.0346403 0.0252487 0.0392519
internal_weight=7115.26 5355.75 1849.77 3505.98 1759.51 580.007 1179.5
internal_count=36960 18960 5828 13132 18000 4219 13781
cat_boundaries=0 12 24 35
cat_threshold=536952832 66304 67108928 10487873 131072 1073741992 2568 16400 1067072 134217728 8 1 335613952 4162 1073750144 0 134352896 2147483648 16 1073762312 4194316 335544386 344194 128 4864 524288 256 0 128 1073741824 8 520 2 536880128 295424
is_linear=0
shrinkage=0.0393376


end of trees

feature_importances:
embed_22=51
embed_19=42
embed_28=39
embed_14=35
embed_31=35
embed_8=27
embed_5=22
embed_4=20
Cidade_Loja=19
embed_0=18
embed_2=18
embed_25=16
ranking_nacional=9
idhm_renda_2010=9
embed_18=9
embed_29=8
embed_6=5
embed_11=5
municipio=4
embed_12=4
valor_inicial_da_prestacao=3
embed_1=2
uf=1
idhm_longevidade_2010=1
divida_sobre_renda=1
embed_15=1

parameters:
[boosting: gbdt]
[objective: binary]
[metric: auc]
[tree_learner: serial]
[device_type: cpu]
[data_sample_strategy: bagging]
[data: ]
[valid: ]
[num_iterations: 3000]
[learning_rate: 0.0393376]
[num_leaves: 87]
[num_threads: -1]
[seed: 42]
[deterministic: 0]
[force_col_wise: 0]
[force_row_wise: 0]
[histogram_pool_size: -1]
[max_depth: 3]
[min_data_in_leaf: 20]
[min_sum_hessian_in_leaf: 0.001]
[bagging_fraction: 0.690462]
[pos_bagging_fraction: 1]
[neg_bagging_fraction: 1]
[bagging_freq: 0]
[bagging_seed: 400]
[bagging_by_query: 0]
[feature_fraction: 0.715091]
[feature_fraction_bynode: 1]
[feature_fraction_seed: 30056]
[extra_trees: 0]
[extra_seed: 12879]
[early_stopping_round: 0]
[early_stopping_min_delta: 0]
[first_metric_only: 0]
[max_delta_step: 0]
[lambda_l1: 0.089738]
[lambda_l2: 0.143026]
[linear_lambda: 0]
[min_gain_to_split: 0]
[drop_rate: 0.1]
[max_drop: 50]
[skip_drop: 0.5]
[xgboost_dart_mode: 0]
[uniform_drop: 0]
[drop_seed: 17869]
[top_rate: 0.2]
[other_rate: 0.1]
[min_data_per_group: 100]
[max_cat_threshold: 32]
[cat_l2: 10]
[cat_smooth: 10]
[max_cat_to_onehot: 4]
[top_k: 20]
[monotone_constraints: ]
[monotone_constraints_method: basic]
[monotone_penalty: 0]
[feature_contri: ]
[forcedsplits_filename: ]
[refit_decay_rate: 0.9]
[cegb_tradeoff: 1]
[cegb_penalty_split: 0]
[cegb_penalty_feature_lazy: ]
[cegb_penalty_feature_coupled: ]
[path_smooth: 0]
[interaction_constraints: ]
[verbosity: -1]
[saved_feature_importance_type: 0]
[use_quantized_grad: 0]
[num_grad_quant_bins: 4]
[quant_train_renew_leaf: 0]
[stochastic_rounding: 1]
[linear_tree: 0]
[max_bin: 255]
[max_bin_by_feature: ]
[min_data_in_bin: 3]
[bin_construct_sample_cnt: 200000]
[data_random_seed: 175]
[is_enable_sparse: 1]
[enable_bundle: 1]
[use_missing: 1]
[zero_as_missing: 0]
[feature_pre_filter: 1]
[pre_partition: 0]
[two_round: 0]
[header: 0]
[label_column: ]
[weight_column: ]
[group_column: ]
[ignore_column: ]
[categorical_feature: 0,2,3,4,5,6,7,8,13,16,18,19,22,23,28,33,39]
[forcedbins_filename: ]
[precise_float_parser: 0]
[parser_config_file: ]
[objective_seed: 16083]
[num_class: 1]
[is_unbalance: 0]
[scale_pos_weight: 3.74759]
[sigmoid: 1]
[boost_from_average: 1]
[reg_sqrt: 0]
[alpha: 0.9]
[fair_c: 1]
[poisson_max_delta_step: 0.7]
[tweedie_variance_power: 1.5]
[lambdarank_truncation_level: 30]
[lambdarank_norm: 1]
[label_gain: ]
[lambdarank_position_bias_regularization: 0]
[eval_at: ]
[multi_error_top_k: 1]
[auc_mu_weights: ]
[num_machines: 1]
[local_listen_port: 12400]
[time_out: 120]
[machine_list_filename: ]
[machines: ]
[gpu_platform_id: -1]
[gpu_device_id: -1]
[gpu_use_dp: 0]
[num_gpu: 1]

end of parameters

pandas_categorical:[["  COLCHAO D33 138X14CM", "  VENTILACAO 30CM SUPER POTENCIA VSP-30-B 110V", " 0-PROCEDIMENTO EST\u00c9TICO", " COMODA E ROUPEIRO", " LAVADORA + NOT", "01 BELICHE/2 COLCHOES/BOX CASAL", "01 BICICLETA /ROUPEIRO", "01 CAMA BOX", "01 CAMA E 01 COLCHAO DE CASAL", "01 COMODA E 01 ROUPEIRO", "01 FOGAO", "01 FOGAO 01 COLCHAO CASAL", "01 FOGAO E 01 COZINHA", "01 LIQUIDIFICADOR, CAIXA DE SOM", "01 MESA 01 ARMARIO", "01 PAINEL 01 ROUPEIRO", "01 ROUPEIRO", "01 ROUPEIRO 01 SANDUICHEIRA", "01 ROUPEIRO 01COZINHA", "01 Roupeiro", "01 SMARTPHONE", "01 SOFA", "01 SOFA 04", "01 TANQUINHO , 01 COMODA", "01 beliche 01 colch\u00e3o", "01 cafeteira 01 ventilador de coluna", "01 caixa de som", "01 caixa de som e 01 ventilador", "01 colch\u00e3o", "01 cozinha", "01 escova , 01 fritadeira", "01 fog\u00e3o", "01 fritadeira , 01 panela", "01 liquidificador , ventilador , batedeira", "01 mesa", "01 mesa 04 cadeiras", "01 rack", "01 roupeiro", "01 roupeiro , multiuso ,ventilador", "01 roupeiro 01 kit cozinha", "01 sof\u00e1 e 01 roupeiro", "01ROUPEIRO", "01ventilador / fritadeira el\u00e9trica / ferro", "02 CELULAR", "02 COLCHAO E ROUPEIRO", "02 guarda roupas", "02 roupeiro e sofa + painel", "03 ventilador", "04 PNEUS", "04 bicicleta", "1 BELICHE", "1 BELICHE 1 COLCHAO", "1 BIOESTIMULADOR+ 1ML DE PREENCHIMENTO", "1 BOX 1 BASE , 1 SOFA CAMA", "1 COLCHAO", "1 ESTOFADO", "1 GUARDA ROUPA", "1 GUARDA ROUPA 1 CAMA BOX", "1 JOGO DE SOFA", "1 KIT COZINHA", "1 RACK E 1 SOFA", "1 SOFA", "1 redmi 12", "10 FIOS LISOS + BOTOX", "10C CELULAR", "12 fios de garra + botox 35 uni", "14g motorola", "1ML DE BIG CHINES + BOTOX 3 REGIOES", "1ML PREENCHIMENTO LABIAL + BOTOX 3 REGIOES", "2  VENTILADORES", "2 BICICLETA", "2 BOTOX", "2 CADEIRAS", "2 CELULARES", "2 CELULARES 12C", "2 CELULARES REDMI A2", "2 CLIMATIZADORES DE 8 LITROS", "2 CONJ BOX", "2 COZINHAS COMPACTAS", "2 GUARDA ROUPAS", "2 Iphones", "2 LAVADORA 17KG", "2 PENEU", "2 PENTEADEIRAS", "2 PNEU", "2 PNEU + FOGAO", "2 POLTRONA", "2 ROUPEIRO 1 HOME", "2 ROUPEIROS", "2 SOFAS", "2 VENTILADOR", "2 VENTILADORES", "2 ml labial + botox 35 uni", "2 ventilador", "2 ventiladores", "2PC BALCAO 2P", "3 CADEIRA DE PRAIA", "3 VENTILADOR", "3 VENTILADORES", "3 pneu", "4  CADEIRAS E LAVADORA", "4 CADEIRAS", "4 PNEUS", "4 SESS\u00d5ES MICROAGULHAMENTO", "4 cadeiras", "5 SESS\u00d5ES PEIM + BOTOX 3 REGIOES", "6 CADEIRA E UMA ESCADA", "6 cadeiras", "AIR FLAYER", "AIR FRIER", "AIR FRY", "AIR FRY E GUARDA SOL", "AIR FRY+ BATEDEIRA", "AIR FRYER", "AIR FRYER E VENTILADOR", "AIR FRYER+TANQUINHO", "AIR FRYER, PANELA DE ARROZ", "AIRFRAY,VENTILADOR", "ANDUICHEIRA", "ANGELA", "ANTENA", "ANTENA  E SOM", "ANTENA DIGITAL/RECEPTOR", "ANTENA E CONVERSOR", "ANTENA E RECEPTOR", "ANTENA+ ASPIRADOR", "ANTENA+CRIADO MUDO", "ANTENA/RECEPTOR E PANELA", "AP CEL", "AP CEL + CHIP", "AP CEL + FOGAO COOKTOP 5B", "AP CEL A34", "APARADOR", "APARADOR , MULTIUSO", "APARADOR DE PELOS", "APARADOR E POLTRONA", "APARADOR E PUF", "APARADOR, SAPATEIRA, MESA", "APARELHO CELLULAR", "APARELHO CELULAR", "APARELHO CELULAR A03 CORE", "APARELHO CELULAR A23", "APARELHO CELULAR REDMI A1", "APINEL E TV", "AQUECEDOR", "AQUECEDOR + BICICLETA", "AQUECEDOR E FORNO ELETRICO", "AR CONDICIONADO", "AR CONDICIONADO 9000", "AR CONDICIONADO ELGIN", "AR CONDICIONADO\u00b4", "AR CONDIONADO", "AR CONSICIONADO", "ARAMARIO", "ARCONDICIONADO SPLI 9MIL  BTUS", "AREA DE COZINHA", "AREIA CIMENTOS PARA CONSTRUCAO", "ARMARIA DO CUZINHA", "ARMARIO", "ARMARIO + RACK", "ARMARIO + SAUDICHEIRA", "ARMARIO AEREO DE COZINHA", "ARMARIO CAMA ROUPEIRO E MESA", "ARMARIO COZ E VENTILADOR", "ARMARIO COZINHA", "ARMARIO COZINHA E BALCAO", "ARMARIO COZINHA E COMODA", "ARMARIO COZINHA+CRISTALEIRA+PAINEL", "ARMARIO DE ACO", "ARMARIO DE COZINHA", "ARMARIO DE COZINHA E BALCAO DE PIA", "ARMARIO DE COZINHA+BALCAO DE PIA", "ARMARIO DE COZINHA, SOFA E CADEIRA DE ESCRITORIO", "ARMARIO E BALCAO", "ARMARIO E BICICLETA", "ARMARIO E CAFETEIRA", "ARMARIO E COLCHAO", "ARMARIO E FOGAO", "ARMARIO E MULTIUSO", "ARMARIO E PIA", "ARMARIO E VENTILADOR", "ARMARIO FORNO E MICROONDAS", "ARMARIO P/COZINHA", "ARMARIO cozinha", "ARMARIO+TV", "ARMARIO, BALCAO, PIA E FOGAO", "ARMARIO/MESA", "ARMARIOS E MULTIUSO", "ARO RODA TRASEIRA E PNEU", "ARTMARIO COZINHA", "ASPIRADOR", "ASPIRADOR + BICICLETA", "ASPIRADOR DE", "ASPIRADOR DE PO", "ASPIRADOR DE PO 2 EM 1", "ASPIRADOR DE PO, E LAVADORA ALTA PRESSAO", "ASPIRADOR E LAVAJATO", "ASPIRADOR E RADIO", "ASPIRADOR+LAVADORA PRESSAO", "ASPIRADOR, secador de cabelo", "Aparador Henn", "Ar condicionado", "B&C MATERIAS DE CONSTRUCAO", "BABILYS E PARAFUSADEIRA", "BACALHAU MOTO E PNEU", "BACIA PIA", "BAIKE", "BALCA E PIA", "BALCAO", "BALCAO + INOX + CONJ. PANELA+ FOGAO", "BALCAO + PIA", "BALCAO + PIA + CABECEIRA", "BALCAO + TAMPO", "BALCAO + cuba", "BALCAO +COOK TOP", "BALCAO +COOKTOP", "BALCAO +PIA INOX", "BALCAO , MULTIUSO", "BALCAO ,PIA", "BALCAO - PIA 1,20", "BALCAO . PIA", "BALCAO 1,20", "BALCAO 1,20 ACO E PIA MARMORITE", "BALCAO 1.20", "BALCAO 120 + FRETE", "BALCAO 120 COLOR. ARMARIO", "BALCAO COPA", "BALCAO DE COZ, ROUPEIR", "BALCAO DE COZINHA", "BALCAO DE PIA", "BALCAO DE PIA + CANTINHO DO CAFE", "BALCAO DE PIA + CUBA", "BALCAO DE PIA + PEDRA", "BALCAO DE PIA + PEDRA DE PIA", "BALCAO DE PIA /TANQUINHO", "BALCAO DE PIA E 2 CADEIRAS", "BALCAO DE PIA E COLCHAO", "BALCAO DE PIA E CONJ MESA", "BALCAO DE PIA E CUBA", "BALCAO DE PIA E CUBA INOX", "BALCAO DE PIA E INOX", "BALCAO DE PIA E PIA", "BALCAO DE PIA E ROUPEIRO", "BALCAO DE PIA E TAMPAO", "BALCAO DE PIA E TAMPO", "BALCAO E AEREO DE COZINHA C/ TAMPO", "BALCAO E CENTRIFUGA", "BALCAO E CONJ BOX", "BALCAO E CONJUNTO DE MESA E CADEIRA", "BALCAO E COOK TOP", "BALCAO E COOKTOP", "BALCAO E COOTOP", "BALCAO E CUBA", "BALCAO E FORNO", "BALCAO E INOX", "BALCAO E KIT", "BALCAO E LAVADORA", "BALCAO E NICHO", "BALCAO E PEDRA DE PIA", "BALCAO E PI", "BALCAO E PIA", "BALCAO E TAAMPO", "BALCAO E TAMPO", "BALCAO E TANQUINHO", "BALCAO INOX E FOGAO", "BALCAO P PIA", "BALCAO P/ FORNO", "BALCAO PARA FORNO E MICRO", "BALCAO PARA PIA + JOGO DE PANELAS", "BALCAO PEDRA DE PIA", "BALCAO PIA", "BALCAO PIA 1,60 + tampo + cooktop + balcao", "BALCAO PIA E MESA MOR", "BALCAO+ARMARIO", "BALCAO+COOKTOP", "BALCAO+PIA", "BALCAO+PIA +MULTIUSO", "BALCAO+TANQUINHO+SOFA", "BALCAO+cooktop", "BALCAO+cooktop+comoda", "BALCAO+tampo+fruteira", "BALCAO, FOGAO", "BALCAO, LAVADORA", "BALCAO, PIA E COZINHA", "BALCAO, PIA E FOGAO", "BALCAO, ROUPEIRO", "BALCAO, TAMPO E G. ROUPA PQ", "BALCAO/ COOKTOP", "BALCAODEPIA+ TAMPO", "BALCAOO DE PIA", "BANQUETA E COLCHAO", "BASE", "BASE + COLCHAO", "BASE + COLCHAO + CABECEIRA", "BASE BAU E COLCHAO", "BASE BOX", "BASE BOX E COLCHAO", "BASE BOX, VENTILADOR E BEBEDOURO", "BASE CAMA, PAINEL", "BASE COLCHAO E BALCAO DE PIA", "BASE DE CAMA+ CABECEIRA", "BASE E COLCHAO", "BASE P/ BOX", "BASE, COLCHAO, BICAMA", "BASE, COLCHAO, ROUPEIRO", "BASE, COLCHAO, ROUPEIRO, COZINHA", "BATEDEIRA", "BATEDEIRA  PLANETARIA E SECADOR DE CABELO", "BATEDEIRA + LIQUIDIFICADOR", "BATEDEIRA + MICROONDAS + FRITADEIRA", "BATEDEIRA E CHALEIRA", "BATEDEIRA E FRITADEIEA", "BATEDEIRA E GARRAFA TERMICA", "BATEDEIRA E LIQUIDIFICADOR", "BATEDEIRA E VENTILADOR", "BATERIA", "BATERIA 60 AMPERES", "BATERIA 7 AMPERES", "BATERIA 70 AMPERES", "BATERIA E MOTOR ARRANQUE", "BATERIA E PNEU", "BATERIA E PNEU MOTO", "BEBEDOURO", "BEBEDOURO E FOGAO", "BELICHE", "BELICHE + COLCHAO CASAL", "BELICHE , COLCHAO", "BELICHE 2 COLCHAO", "BELICHE E 02 COLCHOES", "BELICHE E CAMA", "BELICHE E COLCHAO", "BELICHE E COLCHAO E MESA", "BELICHE E COLCHOES", "BELICHE, COLCHAO E CENTRIFUGA", "BELICHE, COLCHAO E LAVADOURA", "BENGALA MOTO E PNEU", "BERCO", "BERCO , COLCHAO", "BERCO E COLCHAO", "BERCO E COLCHAO DE BERCO", "BERCO E COMODA", "BERCO E G ROUPAS", "BERCO E LIQUIDIFICADOR", "BERCO E ROUPEIRO", "BERCO, COMODA", "BERCO, GUARDA ROUPA E COLCHAO", "BERCO,CAMA  E COLCHAO", "BIBICLETA", "BICAMA", "BICCILETA", "BICI LETA", "BICICLATA", "BICICLETA", "BICICLETA  ARO 29", "BICICLETA + ASPIRADOR", "BICICLETA 29", "BICICLETA ARO", "BICICLETA ARO 16", "BICICLETA ARO 16 INFANTIL", "BICICLETA ARO 20", "BICICLETA ARO 24", "BICICLETA ARO 26", "BICICLETA ARO 29", "BICICLETA ARO 29 CINZA", "BICICLETA ARO 29 KSW", "BICICLETA E MESA DE APOIO", "BICICLETA E MICROONDAS", "BICICLETA E PAINEL", "BICICLETA E PANELA", "BICICLETA INFANTIL+LIQUIDIFICADOR", "BICICLETA KSW", "BICICLETA KSW ARO 29", "BICICLETA+KIT PROTECAO", "BICICLETA, CABECEIRA", "BICICLETA, COLCHAO", "BICICLETAS", "BICICLETE", "BICILCETA", "BICLETA", "BIKE", "BIOCRYSTAL - BIOESTIMULADOR FACIAL+ FIOS GARRA", "BIOCRYSTAL E BOTOX", "BIOESTIMUDOR", "BIOESTIMULADOR", "BIOESTIMULADOR + PREENCHIMENTO", "BIOESTIMULADOR , PREENCH, BOTOX", "BIOESTIMULADOR E BOTOX", "BIOESTIMULADOR E PREENCHIMENTO", "BIOESTIMULADOR, 10 FIO LISO", "BIOESTIMULADOR, PREENCHIMENTO BOTOX", "BIOESTIMULADOR,BOTOX", "BIOESTIMULADOR.", "BIOESTIMULADOR/ BOTOX", "BIOESTIMULADOR/ BOTOX/ FIOS", "BIOESTIMULADOR/ BOTOX/ PREENCHIMENTO", "BIOESTIMULADOR/ BOTOX/FIOS GARRA", "BIOESTIMULADOR/ BOTOX/PREENCHIMENTO", "BIOESTIMULADOR/ FIOS", "BIOESTIMULADOR/BOTOX", "BIOESTIMULADOR/BOTOX/ PREENCHIMENTO", "BIOESTIMULADOR/FIOS", "BIOESTIMULDOR/PREENCHIMENTO/BOTOX", "BIOESTUMULADOR + PREENC 1ML", "BIOSTMULADOR", "BOTOX", "BOTOX  3 REGIOES, FIOS PARAFUSSOS , PEELING", "BOTOX  E FIOS", "BOTOX + BIOCRYSTAL", "BOTOX + FIO FILLER", "BOTOX + FIO FILLER + PREENCH  + MICRO", "BOTOX + FIOS", "BOTOX + L\u00c1BIOS", "BOTOX + PREENCHIMENTO", "BOTOX +_ PREENCHIMENTO", "BOTOX , BIOESTIMULADR , PREENCHIMENTO", "BOTOX , FIOS", "BOTOX , PREENCHIMENTO", "BOTOX , PREENCHIMENTO E FIOS", "BOTOX , SKINB E BIOESTIMULADOR", "BOTOX - PREENCHIMENTO- BIO", "BOTOX 03 REGI\u00d5ES", "BOTOX 3 REGIOES", "BOTOX 3 REGIOES + 1 ML BIGODE CHINES", "BOTOX 3 REGIOES + PREENCH", "BOTOX 3 REGIOES / preenchimento", "BOTOX 3 REGIOES, PREENCHIMENTO", "BOTOX 3 REGI\u00d5ES", "BOTOX 3 REGI\u00d5ES + MARIONETE", "BOTOX 3 REGI\u00d5ES - 1 FIO FILLER", "BOTOX 3 REGI\u00d5ES/ FIOS", "BOTOX 3 regioes", "BOTOX 3R", "BOTOX 4 REGIOES , PREENCHIMENTO BIGIDE CHINES 1ML", "BOTOX 4 REGI\u00d5ES", "BOTOX E 1 FIO", "BOTOX E BIGODE CHINES", "BOTOX E BIO", "BOTOX E BIOESTIMULADOR", "BOTOX E FILLER FIO", "BOTOX E FIO", "BOTOX E FIOS", "BOTOX E FIOS FILLER", "BOTOX E FIOS LISO", "BOTOX E KIT MELASMA", "BOTOX E LABIAL", "BOTOX E MICROAGULHAMENTO", "BOTOX E OUTROS PROCEDIMENTOS", "BOTOX E PEIM", "BOTOX E PREENCHIEMNTO", "BOTOX E PREENCHIMENTO", "BOTOX E PREENCHIMENTOS", "BOTOX E PRENCHEDORES", "BOTOX E PRENECHIMENTO", "BOTOX E PRRENCHIMENTO", "BOTOX E SKIN", "BOTOX E SKINBOOSTER", "BOTOX E SKINBOOSTER, PAPADA", "BOTOX LIGHT E PREENCHIMENTO", "BOTOX PREENCHIMENTO", "BOTOX+FIOLISO/PEEELING ATA", "BOTOX+FIOS LISOS+SCULPTRA", "BOTOX, BIOESTIMULADOR", "BOTOX, BIOESTIMULADOR, FIOS", "BOTOX, BIOESTIMULADOR, PREENCHIMENTO", "BOTOX, BIOESTIULADOR E ENZIMAS", "BOTOX, ENZIMAS DE ABDOMEM", "BOTOX, FIO FILLER E BIO CRISTAL", "BOTOX, FIO LISOS, PEIM", "BOTOX, FIOS  E BIOETIMULADOR", "BOTOX, FIOS E PREENCHIMENTO", "BOTOX, FIOS FILLER", "BOTOX, FIOS, BIOESTIMULADOR", "BOTOX, LABIOS, GARRA", "BOTOX, MELASMA E LABIAL", "BOTOX, PREENCHIMENTO", "BOTOX, PREENCHIMENTO E BIOESTIMULADOR", "BOTOX, PREENCHIMENTO, FIOS, BIOESTIMULADOR", "BOTOX, PREENCHIMENTO,BIOESTIMULADOR", "BOTOX, PREENCHIMENTO,FIOS", "BOTOX, PREENCHIMENTOS", "BOTOX, PREENCHIMENTOS, FIOS", "BOTOX, SKINBOOSTER, E LIPO DE PAPADA", "BOTOX,FIOS", "BOTOX,FIOS BIOESTIMULADOR", "BOTOX,PREENCHIMENTO", "BOTOX- BIOESTIMULADOR- PREENCHIMENTO", "BOTOX/ BIOES", "BOTOX/ BIOESTIMULADOR", "BOTOX/ LABIAL", "BOTOX/BIOESTIMULADOR/PREENCHEDOR", "BOTOX/FIOS/PREENCHIMENTO", "BOTOX/PAPADA/PREENCHIMENTO", "BOTOX/PREENCHIMENTO", "BOTOZ", "BOX", "BOX + CABECEIRA", "BOX + ESCRIVANINHA", "BOX + ROUPEIRO", "BOX / BASE / BALCAO", "BOX // COLCHAO", "BOX CABECEIRA", "BOX CASAL", "BOX CASAL , ROUPEIRO", "BOX CASAL E SOLTEIRO", "BOX E BALCAO", "BOX E BUFFET", "BOX E CABECEIRA", "BOX E CAVECEIRA", "BOX E COCHAO", "BOX E COLCHAO", "BOX E COMODA", "BOX E FORNO TRAVESSEIRO", "BOX E GUARDA ROUPA", "BOX E LAVADORA", "BOX E TRAVESSEIRO", "BOX ROUPEIRO", "BOX+CABECEIRA", "BOX-PENTEADEIRA", "BOX1", "BOXX", "BRINQUEDO + maquina", "BRINQUEDOS, ASPIRADOR, BIKE.", "Balcao de pia", "Berco e comoda", "Bicicleta", "Bioesti, preenchim, vasinhos", "Bioestimulador", "Bioestimulador e Botox", "Bioestimulador e botox", "Bioestimulador, Botox e preenchimento", "Biostimulador", "Botox", "Botox + Fios", "Botox 3 regioes", "Botox 3 regioes  light e  kit melasma", "Botox 3 regi\u00f5es", "Botox 4 regioes", "Botox e Preenchimento", "Botox e bioestimulador", "Botox e preenchimento", "Botox e preenchimento de queixo", "Botox e preenchimento l\u00e1bial", "Botox, fios de sustenta\u00e7\u00e3o", "Botox,fios", "Box", "CABECEIRA", "CABECEIRA  E FRITADEIRA ELETRICA", "CABECEIRA E BASE", "CABECEIRA E CELULAR", "CABECEIRA+TRAVESSEIROS", "CABIDERA", "CADEIRA", "CADEIRA  DE PRAIA", "CADEIRA DE AREA", "CADEIRA DE AREA E MESINHA", "CADEIRA DE AREA+LIQUIDIFICADOR", "CADEIRA DE ESCRITORIO E ROUPEIRO", "CADEIRA DE MADEIR", "CADEIRA DE PRAIA", "CADEIRA DE PRAIA 4", "CADEIRA E ASPIRADOR DE PO", "CADEIRA E COLCHAO", "CADEIRA E VARAL PARA ROUPAS", "CADEIRAO", "CADEIRAS", "CADEIRAS DE AREA", "CADEIRAS DE PRAIA", "CADEIRAS E FORNO ELETRICO", "CADEIRAS PVC + ASPIRADOR", "CADEIRINHA", "CAFETEIRA", "CAFETEIRA , ESCRIVANINHA E CADEIRA DO PAPAI", "CAFETEIRA E SANDUICHEIRA", "CAFETEIRA+FRITADEIRA", "CAFETERA", "CAIXA AMPLIFICADA", "CAIXA AMPLIFICADA DE SOM", "CAIXA AMPLIFICADORA AMVOX", "CAIXA D SOM", "CAIXA DE SOM", "CAIXA DE SOM + BALCAO DE PIA", "CAIXA DE SOM 10W....TRAVESSEIRO 60X40CM", "CAIXA DE SOM 1100W", "CAIXA DE SOM 1500", "CAIXA DE SOM 200W BLUETOOTH", "CAIXA DE SOM 300WATS", "CAIXA DE SOM 510W", "CAIXA DE SOM AMVOX", "CAIXA DE SOM AMVOX 1900 WATS AMPLIFICADA", "CAIXA DE SOM E CAMA", "CAIXA DE SOM E LIQUITIFICADOR", "CAIXA DE SOM E PANELA DE ARROZ", "CAIXA DE SOM E UMA SANDUICHEIRA", "CAIXA DE SOM E garrafa termica", "CAIXA DE SOM+ COLCHAO SOLTEIRO", "CAIXA DE SOM+ VENTILADOR", "CAIXA SOM", "CAIXA SOM JBL", "CAIXA SOM+tv", "CALCADEIRA E MESA DE CENTRO E UM BRINQUEDO", "CALCHAO", "CAMA", "CAMA + ARMARIO", "CAMA + CABECEIRA + BERCO", "CAMA + COCHAO", "CAMA + COLCHAO", "CAMA + MULTIUSO", "CAMA + ROUP", "CAMA + ROUPEIRO + SOFA", "CAMA +COLCHAO", "CAMA , ROUPEIRO , CABECEIRA", "CAMA - MULTIUSO", "CAMA / PAINEL", "CAMA /MULTIUSO", "CAMA BAU, ROUPEIRO", "CAMA BOX", "CAMA BOX + G ROUPA", "CAMA BOX + panela", "CAMA BOX , CABECEIRA", "CAMA BOX ,CABECEIRA", "CAMA BOX 01", "CAMA BOX CASAL E LIQUIDIFICADOR", "CAMA BOX E 2 TRAVESSEIRO", "CAMA BOX E BASE", "CAMA BOX E CABECEIR", "CAMA BOX E CABECEIRA", "CAMA BOX E CABECEIRA DE CAMA", "CAMA BOX E CAIXA DE SOM", "CAMA BOX E COLCHAO", "CAMA BOX E GUARDA ROUPA", "CAMA BOX E ROUPEIRO", "CAMA BOX E VENTILADOR", "CAMA BOX, FRITADEIRA", "CAMA BOX/TV", "CAMA BOX/VENTILADOR", "CAMA C/ COLCHAO + TAMPO E COMODA", "CAMA DE MADEIRA E COLCHAO", "CAMA DE SOLTEIRO E COLCHAO", "CAMA E ARMARIO", "CAMA E CABECEIRA", "CAMA E CELULAR", "CAMA E COLCHAO", "CAMA E COLCHAO BERCO", "CAMA E COLHAO", "CAMA E COMODA", "CAMA E GUARDA ROUPA", "CAMA E MESA", "CAMA E MINI CAMA", "CAMA E MULTIUSO", "CAMA E ROUPEIRO", "CAMA E SOFA", "CAMA E TANQUINHO", "CAMA E VENTILADOR", "CAMA INFANTIL E COILCHAO", "CAMA+ BASE BOX", "CAMA+ PIA+CUBA DE PIA", "CAMA+COMODA", "CAMA+MULTIUSO", "CAMA, BERCO", "CAMA, COLCHAO E BICICLETA", "CAMA, GELADEIRA", "CAMA, RACK E BALCAO", "CAMA, ROUPEIRO.", "CAMA,LIQUIDIFICADOR,ROUPEIRO,BATEDEIRA  ", "CAMILA", "CANTO ALEMAO + FOGAO + MULTIUSO", "CAPA CHUVA , KIT RELACAO TORNADO", "CAPACETE", "CAPACETE E CABO EMBREAGEM", "CAPACETE G08", "CARINHO DE BEBE", "CARRINHO BEBE", "CARRINHO BERCO E COLCHAO", "CARRINHO DE BEBE", "CARRINHO DE BEBE/ BEBE CONFORTO", "CARRINHO DE PASSEIO BEBE", "CDEIRA P/ CARRO E SANDUICHEIRA", "CEL", "CEL REDMI 12", "CELAR", "CELINDRO", "CELLULAR", "CELU", "CELUAR", "CELUKLAR", "CELULA", "CELULAE", "CELULAR", "CELULAR  E COLCHAO", "CELULAR  OFERTA", "CELULAR  REDMI 11", "CELULAR  REDMI 12", "CELULAR + FORNO", "CELULAR + GUARDA ROUPA", "CELULAR + TABLET", "CELULAR + bateria", "CELULAR +ROUPEIRO", "CELULAR ,ROUPEIRO", "CELULAR /COLCHAO", "CELULAR 04", "CELULAR 10A", "CELULAR 12 C", "CELULAR 12C", "CELULAR 12C OFERTA", "CELULAR 13C", "CELULAR 32 G 2 RAM", "CELULAR 9A", "CELULAR 9C", "CELULAR A 24+ ROUPEIRO", "CELULAR A03", "CELULAR A03 SAMSUNG", "CELULAR A03 SAMSUNG CORE", "CELULAR A03 SANSUMG", "CELULAR A04", "CELULAR A04 32 G", "CELULAR A04E", "CELULAR A04S", "CELULAR A1", "CELULAR A1 CORE", "CELULAR A13 SAMSUNG", "CELULAR A14", "CELULAR A2", "CELULAR A2 XIAOMI", "CELULAR A22", "CELULAR A22 SAMSUNG", "CELULAR A22 SAMSUNG 5G", "CELULAR A23", "CELULAR A24", "CELULAR A3", "CELULAR A52", "CELULAR A54", "CELULAR BLACK", "CELULAR C55", "CELULAR COM 300 DE ENTRADA", "CELULAR COM 400,00 DE ENTRADA", "CELULAR E 32", "CELULAR E ANTENA", "CELULAR E BATEDEIRA", "CELULAR E BIC", "CELULAR E CAMA BOX", "CELULAR E COLCHAO", "CELULAR E COMODA", "CELULAR E FOGAO", "CELULAR E FORNO", "CELULAR E FRITADEIRA", "CELULAR E LAVADORA", "CELULAR E LAVAJATO", "CELULAR E MAQUINA DE CABELO", "CELULAR E MESA", "CELULAR E MESA DE FERRO", "CELULAR E MINI PROCESSADOR", "CELULAR E PRANCHA", "CELULAR E SECADOR", "CELULAR E TABLET", "CELULAR E TANQUINHO", "CELULAR E TELEVISAO", "CELULAR E VENTILADOR", "CELULAR E13", "CELULAR NOKIA 32G", "CELULAR OFERTA", "CELULAR RED MI", "CELULAR RED MI NOTE 11", "CELULAR REDMI", "CELULAR REDMI 10 A 32 GB", "CELULAR REDMI 10 A 32 GB XIAOMI", "CELULAR REDMI 10 C", "CELULAR REDMI 10A", "CELULAR REDMI 10C", "CELULAR REDMI 12", "CELULAR REDMI 12 C +VENTILADOR", "CELULAR REDMI 12 POLAR", "CELULAR REDMI 12C", "CELULAR REDMI 13 C", "CELULAR REDMI 9", "CELULAR REDMI 9A", "CELULAR REDMI 9C", "CELULAR REDMI A2", "CELULAR REDMI NOTE 12", "CELULAR REDMI12", "CELULAR black", "CELULAR e cooktop", "CELULAR e uma lavadora", "CELULAR oferta", "CELULAR \u00b4", "CELULAR* CX SOM", "CELULAR+ASPIRADOR", "CELULAR+CILINDRO", "CELULAR+MICRO-ONDAS", "CELULAR+MICROONDAS", "CELULAR+MULTI", "CELULAR+MULTIUSO", "CELULAR+SANDUICHEIRA", "CELULAR+SECADORA", "CELULAR+TV", "CELULAR+bebe conforto", "CELULAR+cafeteira", "CELULAR+centrifuga", "CELULAR+comoda", "CELULAR, CAIXA DE SOM", "CELULAR, conj panelas e liquidificador", "CELULAR/ BALCAO / PIA E FOGAO", "CELULAR/ COLCHAO", "CELULAR/CAIXA DE SOM/WAP", "CELULAR/ESCOVA SECADORA", "CELULAR/FOGAO", "CELULAR/SMARTPHONES", "CELULAR/TABLET", "CELULAR/radio", "CELULAY", "CELULR", "CELUYKLAR", "CELUYLAR", "CENTRIFUFGA", "CENTRIFUGA", "CENTRIFUGA  E FRITADEIRA ELETRICA", "CENTRIFUGA + AIR", "CENTRIFUGA + COLCHAO", "CENTRIFUGA + LAVADORA", "CENTRIFUGA + MAQ. LAVAR", "CENTRIFUGA + ROUPEIRO", "CENTRIFUGA +PANELA", "CENTRIFUGA , LAVADORA", "CENTRIFUGA 15 KG", "CENTRIFUGA 15KL WANKE", "CENTRIFUGA DE 8 KG", "CENTRIFUGA DE 8,8 KILOS", "CENTRIFUGA E AIR FRY", "CENTRIFUGA E CELULAR", "CENTRIFUGA E LAVADORA", "CENTRIFUGA E LAVADORA DE ALTA PRESSAO", "CENTRIFUGA E PANELA", "CENTRIFUGA E SANDUICHEIRA", "CENTRIFUGA E TANQUINHO", "CENTRIFUGA+LAVADOURA", "CENTRIFUGA+MAQUINA DE LAVAR", "CENTRIFUGA+ROUPEIRO", "CENTRIFUGA+TAMQUINHO", "CENTRIFUGA+TANQUINHO", "CENTRIFUGA, BESE, ARMARIO", "CENTRIGA", "CHAKEIRA E LAVADORA", "CHALEIRA", "CHALEIRA E BATEDEIRA", "CHALEIRA E GARRAFA", "CHALEIRA E PANELA", "CHALEIRA ELETRICA", "CHALEIRA ELETRICA + LIQUIDIFICADOR", "CHALEIRA ELETRICA + PRANCHA", "CHALEIRA, SANDUICHEIRA, VENTILADOR", "CHALEURA", "CHAPINHA", "CHAPINHA + SECADOR", "CHAPINHA E SECADOR", "CHICOTE , BATERIA , CHAVE IGNICAO MOTO", "CHURRASQUEIRA ELETRICA", "CHURRASQUEIRA ELETRICA   E  FAQUEIRO", "CILINDRO", "CILINDRO MOTOR E KIT RELACAO", "CILINDRO,ROUP, VENT", "CJ BOX", "CJ BOX + BALCAQO PIA", "CJ BOX E CABECEIRA", "CJ BOX E COLCHAO MINI CAMA", "CJ MESA", "CLIMA TIZADOR", "CLIMATIZADOR", "CLIMATIZADOR 8 LITROS", "CLIMATIZADOR 8 LT", "CLIMATIZADOR DE 8 LITROS", "CLIMATIZADOR DE AR", "CLIMATIZADOR E ESCOVA", "CLIMATIZADOR E FERRO BLACK DECKER", "CLIMATIZADOR E FORNO ELETRICO", "CLIMATIZADOR E UMIDIFICADOR", "CLULAR", "CMA BOX", "CMA BOX E CABECEIRA", "COBNJ.BOX", "COCHAO", "COIFA + FORNO", "COJ BOX + MESA + BALCAO", "COJ CAMA BOX", "COJ MESA", "COKTOP", "COLCAO", "COLCHAAO", "COLCHAO", "COLCHAO + BASE", "COLCHAO + BOX", "COLCHAO + CELULAR", "COLCHAO + COZINHA", "COLCHAO +BASE BOX+CABECEIRA", "COLCHAO +centrifuga", "COLCHAO , MOTOQUINHA", "COLCHAO 1.38", "COLCHAO BASE E CABECEIRA", "COLCHAO BOX , FOGAO", "COLCHAO BOX E CENTRIFUGA", "COLCHAO COM BASE BOX E CABECEIRA", "COLCHAO D33", "COLCHAO E BASE", "COLCHAO E BELICHE", "COLCHAO E BERCO", "COLCHAO E CAMA", "COLCHAO E COZINHA DE L", "COLCHAO E FORNO ELETRICO", "COLCHAO E LAVADORA", "COLCHAO E MULTIUSO", "COLCHAO E ROUPEIRO", "COLCHAO E TABLET", "COLCHAO E TRAVESSEIRO", "COLCHAO JOGO DE MESA E BASE", "COLCHAO+BASE", "COLCHAO+COMODA", "COLCHAO, PAINEL, CAMA + ENTRADA DE 3.000,00", "COLCHAO,SECADOR", "COLCHAO/ BASE", "COLCHAO/BOX", "COLCHOES", "COLCHONETE E VENTILADOR", "COLHAO", "COLHAO D33", "COLHAO, TANQUINHO", "COMBO SMART RACK-PAINEL E VENTILADOR", "COMJ BOX", "COMODA", "COMODA + SOFA", "COMODA , VENTILADOR , SUPORTE", "COMODA /PENTEADEIRA", "COMODA E BALCAO", "COMODA E CAMA", "COMODA E ESTOFADO", "COMODA E FOGAO", "COMODA E MULTIUSO", "COMODA E PAINEL", "COMODA E PISCINA", "COMODA E RACK", "COMODA E ROUPEIRO", "COMODA+BALCAO", "COMODA+CENTRIFUGA", "COMODA+MULTIUSO", "COMODA, COLCHAO, BASE, VENTILADOR", "COMODA, PANELA, FERRO, TALHER", "COMODA, ROUPEIRO", "COMODA, ROUPEIRO, BICICLETA", "COMONDA", "COMPACTA,CUBA,FOGAO", "COMPRA DE UM AEREO E UM FORNO ELETRICO", "CON BOX", "CONJ BOX", "CONJ BOX +  caixa de som", "CONJ BOX + CABECEIRA", "CONJ BOX + FOGAO", "CONJ BOX + FRETE", "CONJ BOX + KIT COZINHA", "CONJ BOX + PAINEL", "CONJ BOX + roupeiro", "CONJ BOX +ROUPEIRO", "CONJ BOX +cabeceira", "CONJ BOX +cozinha", "CONJ BOX 0,88", "CONJ BOX COM 10000 DE ENTRADA", "CONJ BOX COM 500 DE ENTRADA", "CONJ BOX COM 600,00 DE ENTRADA", "CONJ BOX E CABECEIRA", "CONJ BOX E CENTRIFUGA", "CONJ BOX E FORNO", "CONJ BOX E GUARDA ROUPA", "CONJ BOX E MULTIUSO", "CONJ BOX E ROUPEIRO", "CONJ BOX com 500 de entrada", "CONJ BOX com1,000 de entarad", "CONJ BOX+CABECEIRA", "CONJ BOX, BALCAO PIA, CABECEIRA", "CONJ BOX, CABECEIRA, CONJ JANTAR E AIR FRAYER", "CONJ BOX, ROUPEIRO", "CONJ BOX.", "CONJ DE MESA", "CONJ ESTOFADO E CENTRIFUGA", "CONJ MESA", "CONJ MESA 6 CADEIRAS", "CONJ MESA COM 6 CADEIRAS", "CONJ MESA+FOGAO", "CONJ. BOX", "CONJ. BOX 1,38", "CONJ. BOX E CABECEIRA", "CONJ. BOX E MESA C0 4 CADEIRAS", "CONJ. BOX E ROUPEIRO", "CONJ. BOX E TV", "CONJ. BOX, FORNO LAVA JATO", "CONJ. MESA", "CONJ. MESA 4 CAD", "CONJ.BOX", "CONJ.BOX E ESCOCA", "CONJ.BOX E ROUPEIRO", "CONJT BOX COLCHAO E CABECEIRA", "CONJUNTO BOX", "CONJUNTO BOX + CABECEIRA", "CONJUNTO BOX + VIOLAO", "CONJUNTO BOX +CLOSET", "CONJUNTO BOX /MULTIUSO", "CONJUNTO BOX CASAL", "CONJUNTO BOX E CABECEIRA", "CONJUNTO BOX E FOGAO", "CONJUNTO BOX E JOGO DE QUARTO", "CONJUNTO BOX E ROUPEIRO", "CONJUNTO BOX SOLTEIRO MULTIUSO E CABECEIRA", "CONJUNTO BOX e cabeceira", "CONJUNTO BOX+CARRINHO DE BEBE", "CONJUNTO BOX, HAVANA", "CONJUNTO CAMA BOX", "CONJUNTO DE BOX", "CONJUNTO DE MESA", "CONJUNTO DE MESA 6 CADEIRAS", "CONJUNTO DE MESA E BALCAO", "CONJUNTO MESA", "CONJUNTO MESA 6 CAD", "CONJUNTO MESA E CADEIRAS", "CONJUNTO MESA, FOGAO A LENHA", "CONJUTO BOX", "CONJUTO BOX 1,38", "COOCKTOP", "COOK TOP", "COOK TOP 4 BOCAS", "COOK TOP BALCAO E FORNO", "COOKTOP", "COOKTOP + BALCAO", "COOKTOP + balcao", "COOKTOP E BALCAO", "COOKTOP E TV", "COOKTOP+BALCAO", "COOKTOP+TV", "COOKTOP/ MULTIUSO/ ASPIRADOR DE PO", "CORPORAL E LASER", "CORPORAL, LASER E VASINHOS", "CORTADOR DE CABELO", "CORTADOR E APARADOR DE PELOS", "CORTADOR, SANDUICHEIRA", "COZ,CABE,TANQUI", "COZINH", "COZINHA", "COZINHA  PLANEJADA", "COZINHA + CAIXA LENHA", "COZINHA + COLCHAO", "COZINHA + INOX + CALHA PROTETORA", "COZINHA + INOX DA PIA", "COZINHA + QUARTO + SALA", "COZINHA + bALCAO", "COZINHA +FOGAO", "COZINHA +PIA", "COZINHA , BALCAO", "COZINHA , BALCAO E PIA", "COZINHA , BALCAP E PAINEL", "COZINHA , COOKTOP", "COZINHA ,MESA,", "COZINHA -GUARDA LOUCAS", "COZINHA / FOGAO", "COZINHA 5 PCS", "COZINHA 6 PCS", "COZINHA COM BALCAO", "COZINHA COMPACTA", "COZINHA COMPACTA E ESCADA", "COZINHA COMPACTA+ TAMPO", "COZINHA COMPACTA/ CUBA INOX/ COOKTOP/ BALCAO", "COZINHA COMPLETA", "COZINHA COMPLETA E FRITADEIRA", "COZINHA E A MESA", "COZINHA E BALCAO", "COZINHA E BALCAO DE PIA", "COZINHA E BOX", "COZINHA E CAIXA DE SOM", "COZINHA E CALHA", "COZINHA E CONJUNTO DE MESA", "COZINHA E CRIADO MUDO", "COZINHA E ESTOFADO", "COZINHA E FOGAO", "COZINHA E MAQUINA", "COZINHA E MESA", "COZINHA E MULTI", "COZINHA E PIA", "COZINHA E PIA.", "COZINHA E RACK COM PAINEL", "COZINHA E RADIO", "COZINHA E ROUPEIRO", "COZINHA E SOM", "COZINHA E TAMPO", "COZINHA E TV", "COZINHA EM GERAL", "COZINHA PLANEJADA", "COZINHA+FOGAO", "COZINHA+MESA+BALCAO", "COZINHA+PANELA DE PRESSAO", "COZINHA+TAMPO", "COZINHA+TANQUINHO", "COZINHA, BALCAO ULTIMA PECA E BALCO 1.20", "COZINHA, BOX", "COZINHA, COLCHAO", "COZINHA, CUBA", "COZINHA, CUBA INOX, CAMA BOX", "COZINHA, MESA", "COZINHA, MICRO-ONDAS E FOGAO", "COZINHA, PIA, E ANTENA", "COZINHA, ROUPEIRO E COMODA", "COZINHA, ROUPEIRO, BALCAO DE PIA PEDRA DE PIA", "COZINHA, TV 500 DE ENT", "COZINHA/BALCAO/PIA.", "COZINHA\u00b4", "COZINHO +TAMPO", "COZINNHA", "CRIADO MUDO + FORNO ELETRICO", "CUBA OFERTA", "CUBO DIANTEIRO MOTO E RAIAMENTO", "CUBO E RAIAMENTO E BENGALA", "CX DE SOM", "CX SOM E JG PANELAS", "Cabeceira 1.38", "Cadeira", "Cadeira de Area", "Cama", "Cama Box", "Cama box", "Carrinho de bebe", "Celular", "Celular redmi 10c", "Celular redmi 12", "Centrifuga", "Chaleira", "Chapinha", "Climatizador", "Colch\u00e3o", "Compra Cama + Cabeceira", "Conjunto box", "Conjuto de mesa 4 cadeiras", "Cooktop 5 bocas", "Cozinha", "Cozinha compacta", "DORMITORIO E COLCHAO", "ELETRO/MICROONDAS", "ELETRODOMESTICO", "ELETRODOMESTICOS", "ELLEVA/ BOTOX/ FIOS GARRA", "EMAGRECIMENTO", "EMAGRECIMENTO 05 SEMANAS", "EMAGRECIMENTO 10 SEMANAS", "EMAGRECIMENTO 12 SEMANAS", "EMAGRECIMENTO 20 SEMANAS", "EMAGRECIMENTO FLE 13 SEMANAS", "EMAGRECIMENTO FLEX", "EMAGRECIMENTO FLEX 10 SEMANAS", "EMAGRECIMENTO FLEX 16 SEMANAS", "EMAGRECIMENTO SAUDAVEL", "EMAGRECIMENTO SAUD\u00c1VEL", "EMAGRECIMENTO-PACOTE", "EMGRECIMENTO 6 SEMANAS", "EMGRECIMENTO FLEX 12 SEMANAS", "EMPRESTIMO PESSOAL", "ENZIMA E LIPOCAVITA\u00c7\u00c3O", "ENZIMAS", "ENZIMAS + SKINBOOSTER", "ENZIMAS E CARBOX", "ENZIMAS E PEIM", "ENZIMAS, BOTOX, BIOESTIMULADORES", "ENZIMAS/PROCEDIMENTOS", "EOUPEIRO/ E COMODA", "ESCAPE E KIT RELACAO MOTO DAFRA", "ESCOVA", "ESCOVA + BARBEADOR", "ESCOVA / ASPIRADOR", "ESCOVA ALISADORA", "ESCOVA MODELADORA", "ESCOVA MODELADORA E LAVADORA WAP", "ESCOVA SECADOR", "ESCOVA SECADORA", "ESCRAVANINHA E COLCHAO", "ESCREVANINHA + CADEIRA ESCRITORIO", "ESCRINANINHA", "ESCRIVANINHA", "ESCRIVANINHA E CADEIRA", "ESCVOVA", "ESPIRADOR", "ESPREMEDOR E LIQUIDIFICADOR", "ESTANTE + VENTILADOR", "ESTANTE E ASPIRADOR", "ESTOFADO", "ESTOFADO + FOGAO", "ESTOFADO + FRITADEIRA", "ESTOFADO + MESA", "ESTOFADO + MESA 4 CADEIRAS", "ESTOFADO + PAINEL", "ESTOFADO , CJ BOX", "ESTOFADO 2,60M", "ESTOFADO 3 LUGARES RETRATIL", "ESTOFADO 3/2 LUGARES", "ESTOFADO 3X2 LUGARES", "ESTOFADO 4 LUGARES", "ESTOFADO E FOGAO", "ESTOFADO E MESA", "ESTOFADO E MULTIUSO", "ESTOFADO E POLTRONA", "ESTOFADO E ROUPEIRO", "ESTOFADO+ BALCAO+ MULTIUSO", "ESTOFADO+ MESA", "ESTOFADO+ASPIRADOR", "ESTOFADO+FORNO", "ESTOFADO+SECADORA", "ESTOFADO+TV", "ESTOFADO, CAMA BOX", "ESTOFADO,HOME", "ESTOFADO/ PIA", "ESTOFADOS", "Emagrecimento", "Emagrecimento 05 semanas", "Emagrecimento 10", "Emagrecimento 12 semanas", "Emagrecimento 20 semanas", "Emagrecimento 30 semanas", "Emagrecimento Flex", "Emagrecimento Flex 05 semanas", "Emagrecimento Flex 4 semanas", "Emagrecimento e gordura localizada", "Emagrecimento flex", "Escrivaninha", "Escrivaninha e livreiro", "FAGAO", "FAQUEIRO E LIQUIDIFICADOR", "FAROL COMPLETO , KIT RELACAO MOTO", "FAROL E PNEU", "FERRE DE PASAR", "FERRO", "FERRO DE PASSAR", "FERRO DE PASSAR E LIQUIDIFICADO", "FERRO DE PASSAR, COLCHAO, MICROONDAS", "FERRO+BATEDEIRA", "FIGAO A LENHA", "FILLERS E BOTOX", "FIO E BOTOX", "FIO FILLER + PREENCHIMENTO", "FIO FILLER, BOTOX 3 REGI\u00d5ES", "FIO FILLER, PEELING, PREENCHIMENTO", "FIOS", "FIOS + PREENCHIMENTO", "FIOS BOTOX, PREENCHIMENTO", "FIOS DE GARRA , BOTOX , BIOESTIMULADORES, PREENCHI", "FIOS DE SUSTENTA\u00c7\u00c3O", "FIOS DE SUSTENTA\u00c7\u00c3O +PREENCHIMENTO", "FIOS DE SUSTENTA\u00c7\u00c3O - 8 FIOS COM GARRA", "FIOS DE SUSTENTA\u00c7\u00c3O e preenchimento", "FIOS DE SUSTENTA\u00c7\u00c3O, BOTOX", "FIOS E BOTOX", "FIOS E LOPO DE PAPADA", "FIOS E PREECHIMENTO", "FIOS E PREENCHIMENTO", "FIOS E PREENCHIMENTOS", "FIOS E PRODUTOS", "FIOS E SKINBOOSTR", "FIOS FILLER + BOTOX 3 REGI\u00d5ES", "FIOS GARRA, PREENCHIMENTO , BOTOX 3 REGIOES", "FIOS GARRA/ BOTOX/ PREENCHIMENTO", "FIOS PREENCHIMENTO E BOTOX", "FIOS, BOTOX", "FIOS, BOTOX E BIOESTIMULADORES", "FIOS, BOTOX, BIOCRYSTAL, PEELING E PREENCHIMENTO", "FIOS, BOTOX, PREENCHIMENTO", "FIOS, MICROAGULHAMENTO", "FIOS/ BIOESTIMULADOR/BOTOX", "FIOS/ BOTOX/ PREENCHIMENTO", "FIOS/PREENCHIMENTO", "FOAGAO", "FOAGAO E GUARDA ROUPA", "FOENO", "FOGAO", "FOGAO + AEREO TRIPLO", "FOGAO + BEBEDOURO", "FOGAO + BICICLETA", "FOGAO + CELULAR", "FOGAO + CENTRIFUGA", "FOGAO + FORNO ELETRICO", "FOGAO + LAVADORA", "FOGAO + MICRO", "FOGAO + PARANCHA + COLCHAO E LIQUIDIFICADOR", "FOGAO + SOFA + BALCAO PIA", "FOGAO + VENTILADOR", "FOGAO +CELULAR", "FOGAO +MESA", "FOGAO +PIA", "FOGAO , BALCAO , PIA", "FOGAO , TV", "FOGAO - PIA - VENTILADOR - BALCAO", "FOGAO 04B MAS ROUPEIRO E CAFETEIRA", "FOGAO 1 BOCA", "FOGAO 2 BOCAS", "FOGAO 4 BCAS", "FOGAO 4 BCS", "FOGAO 4 BOCA FRATELLO", "FOGAO 4 BOCAS", "FOGAO 4 BOCAS BRASLAR", "FOGAO 4B", "FOGAO 4B MFI4BA PRETO", "FOGAO 4BCS", "FOGAO 5 B", "FOGAO 5 BOCA", "FOGAO 5 BOCAS", "FOGAO 5 BOCAS ELECTROLUX", "FOGAO 5 BOCAS MUELLER", "FOGAO 5 QUEIMADORES", "FOGAO 5B", "FOGAO 5B ACENDIMENTO AUTOMATICO MFI5BB 5B BRANCO", "FOGAO 5B MUELLER", "FOGAO 5BC ATLAS PRETO", "FOGAO A GAS", "FOGAO A GAS+LIQUIDIFICADOR", "FOGAO A LENHA", "FOGAO A LENHA E CHAMINE", "FOGAO A LENHA+TV", "FOGAO ATLAS 4 BOCAS", "FOGAO ATLAS 4BOCAS", "FOGAO CARRINHO DE BEBE", "FOGAO CONJUNTO DE MESA", "FOGAO COOKTOP, ASPIRADOR E DEPUARDOR", "FOGAO DE MESA", "FOGAO E ARMARIO", "FOGAO E ARMARIO DE COZINHA", "FOGAO E BALCAO", "FOGAO E BALCAO PARA MICROONDAS", "FOGAO E CAMA BOX", "FOGAO E CAMA BOX SOLTEIRO", "FOGAO E CAMA KING SIZE", "FOGAO E CARRINHO DE BEBE", "FOGAO E CENTRIFUGA", "FOGAO E CHAMINE", "FOGAO E CHAMINE E MICRO COM 500 ENTRADA", "FOGAO E COLCHAO", "FOGAO E CONJ MESA", "FOGAO E COZINHA", "FOGAO E ESTOFADO", "FOGAO E FRITADEIRA", "FOGAO E GELADEIRA", "FOGAO E GUARDA ROUPA", "FOGAO E LAVADORA", "FOGAO E LIQUIDIFICADOR", "FOGAO E MESA", "FOGAO E MICROONDAS", "FOGAO E MULTI USO", "FOGAO E PAINEL", "FOGAO E PANELAS", "FOGAO E PIA", "FOGAO E ROUPEIRO BICICLETA", "FOGAO E SECADORA", "FOGAO E TANQUINHO", "FOGAO E TV", "FOGAO E VENTILADOR", "FOGAO E WAIR FREE", "FOGAO ELETRICO", "FOGAO GAS", "FOGAO LENHA", "FOGAO MAS PAINEL E RACK", "FOGAO PECA DE DEMOSTRACAO E  COZINHA", "FOGAO+ FORNO ELETRICO", "FOGAO+ MULTIUSO", "FOGAO+ ROUPEIRO + CAMA + COLCHAO +GELADEIRA", "FOGAO+BALCAO", "FOGAO+BALCAO+PIA", "FOGAO+FORNO+MICRO-ONDAS", "FOGAO+GUARDA ROUPA", "FOGAO+MOVEIS", "FOGAO+MULTI", "FOGAO+MULTIUSO+MICROONDAS", "FOGAO, ANTENA E SECADOR", "FOGAO, CELULAR", "FOGAO, CHALEIRA", "FOGAO, COZINHA,", "FOGAO, ROPEIRO", "FOGAO,BATEDEIRA,CELULAR", "FOGAO,COZINHA,MESA", "FOGAO/ FORNO", "FOGAO/MICROON DAS", "FOGAO/RACK", "FOGAOA LENHA", "FOGSAO", "FONO ELETRICO", "FORNO", "FORNO + CELULAR", "FORNO E CELULAR", "FORNO E CUBA", "FORNO E GUARDA ROUPA", "FORNO E LIQUIDIFICADOR", "FORNO E MICOONDAS", "FORNO E MICRO ONDAS", "FORNO E MICROONDAS", "FORNO ELETREICO 44 L", "FORNO ELETRICO", "FORNO ELETRICO + CILINDRO", "FORNO ELETRICO 44  L", "FORNO ELETRICO 44 L", "FORNO ELETRICO+BATEDEIRA", "FORNO ELETRICO+CELULAR", "FORNO+BALCAO", "FORNO+VENTILADOR", "FORNO, AIRFRYER", "FORNO, E BICICLETA ARO 16", "FORNO, MICROONDAS +AQUECEDOR", "FORNO/FOGAO ELETRICO", "FORNO/LAVADORA", "FORNO/MICROONDAS", "FORNO/MICROONDAS/AIR FRY/CHALEIRA", "FPOGAO A LENHA", "FREESER", "FREEZER", "FREEZER - CENTRIFUGA E VENTILADOR", "FREEZER 150L MIDEA", "FREEZER 534 LIT", "FREEZER E TANQUINHO", "FREEZER+FORNO", "FREEZER, CAMA E COLCHAO", "FREEZR", "FREZER", "FREZER+TV+RACK", "FREZZER", "FREZZER 534L CONSUL", "FRIATDEIRA", "FRIATDEIRA ELETRICA", "FRIEEZER", "FRIRADEIRA", "FRITADEIRA", "FRITADEIRA + LIQUIDIFICADOR", "FRITADEIRA , COLCHAO DE CASAL", "FRITADEIRA E BALCAO", "FRITADEIRA E BASE", "FRITADEIRA E CAIXA DE SOM", "FRITADEIRA E CILINDRO ELETRICO", "FRITADEIRA E LIQUIDIFICADOR", "FRITADEIRA E TELEFONE", "FRITADEIRA ELETRICA", "FRITADEIRA ELETRICA  E VENTILADOR", "FRITADEIRA ELETRICA 3,2 LITROS", "FRITADEIRA ELETRICA E BOX", "FRITADEIRA ELETRICA E PANELA DE ARROZ", "FRITADEIRA ELETRICA, VENTILADOR", "FRITADEIRA ELGIN 3,5L", "FRITADEIRA PANELA E RADIO", "FRITADEIRA, JARRA ELETRICA", "FRITADEIRA, MICROONDAS, BALCAO P/FORNO", "FRITADEIRA, PANELA DE PRESSAO", "FRIZEER", "FRIZER", "FRTADEIRA", "FUGAO 4 BOCAS ATLAS", "FURADEIRA", "FURADEIRA E SERRA MARMORE", "FURADEIRA, TUPIA, SERRA", "FURADIERA", "FURadeira", "Ferro", "Fios", "Fios + Botox", "Fios Garras e Botox", "Fios de Sustenta\u00e7\u00e3o e Botox e Limpeza de pele", "Fios de sustenta\u00e7ao", "Fios de sustenta\u00e7\u00e3o", "Fios e Botox", "Fogao", "Forno eletrico", "Freezer", "Fritadeira", "G ROUPA", "G ROUPA ,  KIT COZINHA", "G ROUPAS", "G. ROUPA", "G. ROUPA, BELICHE E 2 COLCHOES", "G. ROUPA, CAMA, CABECEIRA E COLCHONETE", "G. ROUPAS", "G. Roupas", "G.ROUPA", "G.ROUPAS E LIVREIRO", "GARRAFA E SANDUICHEIRA", "GELADEIA", "GELADEIRA", "GELADEIRA + CAMA", "GELADEIRA + SOFA", "GELADEIRA 1700 DE ENTRADA", "GELADEIRA 2 PORTAS", "GELADEIRA 260LT", "GELADEIRA 276 LITROS", "GELADEIRA 276L", "GELADEIRA 310L", "GELADEIRA 370 LITROS", "GELADEIRA 371L ELECTROLUX", "GELADEIRA 431 LITROS", "GELADEIRA COM 1000 DE ENTRADA", "GELADEIRA E ARMARIO DE PIA", "GELADEIRA E BALAO DE PIA", "GELADEIRA E FOGAO", "GELADEIRA E LAVADORA", "GELADEIRA E MICROONDAS", "GELADEIRA+COMODA", "GELADEIRA+SOFA", "GELADEIRA, AIRFRYER", "GELADEIRA, FOGAO", "GELADEIRA, ROUPEIRO", "GELADEIRA/ PIA/ BALCAO", "GELADERIA", "GEladeira .", "GRIL E PANELA DE PRESAO", "GUAR D ROUPA", "GUARA ROUPA", "GUARADA ROUPA", "GUARDA LOUCA", "GUARDA ROUPA", "GUARDA ROUPA  CUBA", "GUARDA ROUPA + MESA", "GUARDA ROUPA + MULTIUSO", "GUARDA ROUPA - GELADEIRA - CONJ BOX", "GUARDA ROUPA / FOGAO", "GUARDA ROUPA / comoda /mesa comp", "GUARDA ROUPA 3 PORTAS 2 GAVETAS", "GUARDA ROUPA 4P 2G COM ESPELHO", "GUARDA ROUPA BRIZB73", "GUARDA ROUPA E AEREO", "GUARDA ROUPA E BASE DE BOX", "GUARDA ROUPA E BATEDEIRA", "GUARDA ROUPA E BELICHE", "GUARDA ROUPA E BOX", "GUARDA ROUPA E BOX CASAL", "GUARDA ROUPA E CABECEIRA", "GUARDA ROUPA E CAMA", "GUARDA ROUPA E CAMA BOX", "GUARDA ROUPA E COMODA", "GUARDA ROUPA E COZINHA", "GUARDA ROUPA E CRIADO", "GUARDA ROUPA E MESA", "GUARDA ROUPA E MESA DE COMPUTADOR", "GUARDA ROUPA E MICROONDAS", "GUARDA ROUPA E MULTIUSO", "GUARDA ROUPA E TV", "GUARDA ROUPA E VENTILADOR", "GUARDA ROUPA PIA E CUBA", "GUARDA ROUPA e BERCO", "GUARDA ROUPA, CAMA", "GUARDA ROUPA, COLCHAO E PENTEADEIRA", "GUARDA ROUPA, KIT COZINHA", "GUARDA ROUPA, KIT COZINHA E ARMARIO", "GUARDA ROUPA/ HACK/ PAINEL", "GUARDA ROUPA/VENTILADOR", "GUARDA ROUPAS", "GUARDA ROUPAS/COZINHA/ASPIRADOR DE PO", "GUARDA ROUPAS/MICRO ONDAS", "GUARDA SOL/ VENTILADOR", "GUARDA-ROUPA E TANQUINHO", "GUARDAN ROUPA", "GURADA ROUPA", "GURADA ROUPA E PIA", "GURADA ROUPAS", "Geladeira", "Guarda roupa", "HOME E ROCADEIRA", "INOX", "IPHINE 12", "IPHOEN 12", "IPHONE", "IPHONE 11", "IPHONE 11 128GB", "IPHONE 11 64 GB", "IPHONE 11 64GB", "IPHONE 11 64GB BRANCO", "IPHONE 11 PRO", "IPHONE 11 PRO 64GB", "IPHONE 11 PRO MAX", "IPHONE 11 SEMI NOVO 64GB", "IPHONE 11 SEMINOVO 128GB", "IPHONE 11 pro", "IPHONE 12", "IPHONE 12  128GB", "IPHONE 12 128 GB", "IPHONE 12 128GB", "IPHONE 12 PRO", "IPHONE 13", "IPHONE 13 PRO 256GB", "IPHONE 13 PRO MAX", "IPHONE 14", "IPHONE 15", "IPHONE 8 PLUS", "IPHONE XR", "IPHONE XR 64GB", "IPHONE XS", "IT COZINHA", "JAVADORA", "JOATO DE PLASMA, LIPO DE PAPADA, BIOESTIMULADOR, F", "JODE DE MESA", "JODO DE PANELA", "JOGA DE COZINHA", "JOGAO", "JOGO ARMARIO + SOFA", "JOGO COZINHA", "JOGO COZINHA E COOKTOP", "JOGO DE COZINHA", "JOGO DE COZINHA + FOGAO", "JOGO DE COZINHA E BASE BOX CASAL", "JOGO DE COZINHA E CUBA", "JOGO DE COZINHA E MESA", "JOGO DE JANTAR E JOGO DE PANELA", "JOGO DE JANTAR/ CONJUNTO BOX", "JOGO DE MESA", "JOGO DE MESA , COZINHA", "JOGO DE MESA E CADEIRA", "JOGO DE PANELA", "JOGO DE PANELA , MESA", "JOGO DE PANELA+TANQUINHO", "JOGO DE PANELAS", "JOGO DE PANELAS, VARAL", "JOGO DE PIA", "JOGO DE SALA", "JOGO DE SOFA", "JOGO DECOZINHA", "JOGO PANELA", "JOGO PANELA 6 PECAS", "JOGO PANELAS", "Jogo de sofa e pendeadeira", "KIT CADEIRAS", "KIT COSINHA + FOGAO E BALCAO", "KIT COZINHA", "KIT COZINHA + COOKTOP", "KIT COZINHA + CRISTALEIRA", "KIT COZINHA E FOGAO E SOFA", "KIT COZINHA E G. ROUPA", "KIT COZINHA E MESA", "KIT COZINHA ROSE", "KIT COZINHA+ COZINHA", "KIT COZINHA+TAMPO+CHURRASQUEIRA", "KIT DE COZINHA", "KIT DE COZINHA E BOX", "KIT DE XOZINHA E COMODA", "KIT ESCOVA CHAPINHA E SECADOR", "KIT RECEPTOR", "KIT RELACAO", "KIT RELACAO  E ROLAMENTO RODA MOTO", "KIT RELACAO , CAPA BANCO , FAROL", "KIT RELACAO , ESTICADOR CORRENTE", "KIT RELACAO , OLEO E FREIO TORNADO", "KIT RELACAO BROS", "KIT RELACAO BROS 160 , CAPA TERMICA", "KIT RELACAO BROS E RETROVISOR", "KIT RELACAO E CAIXA DIRECAO BROS 160", "KIT RELACAO E ESTRIBO MOTO", "KIT RELACAO E PASTILHA FREIO", "KIT RELACAO E PNEU", "KIT RELACAO E PNEU DIANT", "KIT RELACAO E PNEU REMOLD MOTO", "KIT RELACAO E PNEU TRASEIRO", "KIT RELACAO MOTO", "KIT RELACAO MOTO BROS", "KIT RELACAO MOTO E RETROVISOR", "KIT RELACAO e PNEU DIANT", "KIT RELACAO, PNEU MOTO", "KIT SECADOR E CHAPINHA", "KITS COZINHA", "KT ARMARIO", "LABIAL E BOTOZ", "LACADORA", "LAVADEIRA", "LAVADODORA 8,5 KG", "LAVADORA", "LAVADORA  14 KG", "LAVADORA  20 KG MUELLER", "LAVADORA + CENTRIFUGA", "LAVADORA , ARMARIO", "LAVADORA , FOGAO E CELULAR", "LAVADORA 10 KG WANKE", "LAVADORA 10KG", "LAVADORA 12", "LAVADORA 12 KG", "LAVADORA 12 KG PECA MOSTRUARIO", "LAVADORA 127", "LAVADORA 12KG", "LAVADORA 12KG 127V", "LAVADORA 12LG", "LAVADORA 14", "LAVADORA 14 KG", "LAVADORA 14KG", "LAVADORA 15 KG", "LAVADORA 15KG", "LAVADORA 15KG CONSUL", "LAVADORA 17 KG", "LAVADORA 17 KG ELECTROLUX", "LAVADORA 17 KG ELECTROLUX PECA DA AMOSTRA", "LAVADORA 17KG", "LAVADORA 17KG + BALCAO", "LAVADORA 17KG ELECTROLUX PECA MOSTRUARIO", "LAVADORA 17KG PECA MOSTRUARIOO", "LAVADORA 18KG", "LAVADORA 20 KLS", "LAVADORA 20KG MUELLER", "LAVADORA 20KL", "LAVADORA DE 14KG", "LAVADORA DE PRESSAO E CENTRIFUGA", "LAVADORA DE ROUPA", "LAVADORA DE ROUPAS", "LAVADORA DE ROUPAS+ fogao", "LAVADORA E ASPIRADOR DE PO", "LAVADORA E CAMA", "LAVADORA E CELULAR", "LAVADORA E CENTRIFUGA", "LAVADORA E FOGAO", "LAVADORA E FORNO", "LAVADORA E FRITADEIRA", "LAVADORA E LIQUIDIFICADOR", "LAVADORA E MICROONDAS", "LAVADORA E MULTIUSO", "LAVADORA E PANELA", "LAVADORA E ROUPEIRO", "LAVADORA E TANQUINHO", "LAVADORA E VARAL", "LAVADORA E VENTILADOR", "LAVADORA LED 14", "LAVADORA LED 17", "LAVADORA LED14", "LAVADORA OFERTA", "LAVADORA OFERTA 120DIAS", "LAVADORA ROUPA", "LAVADORA ROUPAS", "LAVADORA VAP", "LAVADORA WAP", "LAVADORA e cozinha", "LAVADORA+ PANELA", "LAVADORA+CENTRIFUGA", "LAVADORA+CENTRIFUGA BLACK", "LAVADORA+MULTIUSO", "LAVADORA+ROUPEIRO", "LAVADORA, CENTRIFUGA", "LAVADORA, CENTRIFUGA E FRITADEIRA", "LAVADORA, COLCHAO, CAMAS", "LAVADORA, FOGAO E SANDUICHEIRA", "LAVADORA, TV", "LAVADORA,FORNO", "LAVADORA,LIQUIDIFICADOR", "LAVADORA\\", "LAVADOURA", "LAVADOURA 14 KG", "LAVADOURA 17KG", "LAVADOURA 20 KG", "LAVADOURA E TV", "LAVODORA", "LAZER", "LIMPEZA DE PELE E PEELING", "LIMPEZA DE PELE, PEELING E MICROAGULHAMENTO", "LIPO DE PAPADA E BOTOX", "LIPO DE PAPADA, PREENCHIMENTO E BOTOX", "LIQUIDIFCADOR", "LIQUIDIFICADOR", "LIQUIDIFICADOR  E PANELA DE PRESSAO", "LIQUIDIFICADOR + BATEDEIRA + TANQUINHO", "LIQUIDIFICADOR + FRITADEIRA", "LIQUIDIFICADOR ARNO", "LIQUIDIFICADOR E AIRFRYER", "LIQUIDIFICADOR E BATEDEIRA", "LIQUIDIFICADOR E CENTRIFUGA", "LIQUIDIFICADOR E CHALEIRA", "LIQUIDIFICADOR E JOGO DE JANTAR", "LIQUIDIFICADOR E PRANCHA", "LIQUIDIFICADOR E SANDUICHEIRA", "LIQUIDIFICADOR E SECADOR", "LIQUIDIFICADOR E VENTILADOR CADENCE", "LIQUIDIFICADOR OFERTA", "LIQUIDIFICADOR PHILCO", "LIQUIDIFICADOR+ESPREMEDOR+SANDUICHEIRA", "LIQUIDIFICADOR+SECADOR", "LIQUIDIFICADOR, BANQUETA, PANELA", "LIQUIDIFICADOR, CAIXA DE SOM", "LIQUIDIFICADOR, SANDUICHEIRA ETC", "LIQUIDIFICADOR,PANELA DE PRESSAO ELETRICA", "LIQUIDIFICADOR/VENTILADOR", "LIQUIDIFICDOR", "LIQUIDIFICOR", "LIQUIDIIFCADOR", "LIQUIFICADOR", "LIQUITIFICADOR E PANELA DE PRESSAO", "LIT COZINHA", "LIUQUIDIFICADOR E BATEDEIRA", "LOQUIFIFICADOR", "LVADORA+FORNI", "Laser", "Lavadora", "Lavadoura", "Limpeza de pele, skinbooster e peeling", "MADEIRA E FIBRA", "MAQ DE LAVAR", "MAQUINA", "MAQUINA 11KG", "MAQUINA 18 kg", "MAQUINA 18KG", "MAQUINA CONSUL E FOGAO", "MAQUINA COSTURA E CELULAR", "MAQUINA D ELAVAR", "MAQUINA D LAVA", "MAQUINA DE LAVA", "MAQUINA DE LAVA ROUPA", "MAQUINA DE LAVAAR", "MAQUINA DE LAVAR", "MAQUINA DE LAVAR  17 KG", "MAQUINA DE LAVAR E COMODA", "MAQUINA DE LAVAR E ROUPEIRO", "MAQUINA DE LAVAR ROPEIRO", "MAQUINA DE LAVAR ROUPA", "MAQUINA DE LAVAR ROUPAS", "MAQUINA DE LAVAR ferro", "MAQUINA DE LAVAR+GUARDA ROUPA", "MAQUINA DE LAVAR/ SECADORA", "MAQUINA DE LAVAR/CENTRIFUGA", "MAQUINA DE VIDRO", "MAQUINA DE VIDRO , BORR PORTA PALIO", "MAQUINA E BICICLETA", "MAQUINA E FOGAO", "MAQUINA LAVA E SECA", "MAQUINA LAVADORA", "MAQUINA LAVADORA E CENTRIFUGA", "MAQUINA LAVAR", "MAQUINA MADEIRA +  CENTRIFUGA", "MAQUINA, BASE, ARMARIO", "MAQUINA/CENTRIFUGA", "MAQUINA20KL M", "MAQUINARIO", "MAQUITA", "MARTERIA DE CONSTRUCAO", "MASTERIAL DE CONSTRUCAO\u00b4", "MATERAIL DE CONSTRUCAO", "MATEREIAS DE CONSTRUCAO", "MATERIAIS", "MATERIAIS CONSTRUCAO", "MATERIAIS DE CONNSTRUCAO", "MATERIAIS DE CONSTRCAO", "MATERIAIS DE CONSTRUCA", "MATERIAIS DE CONSTRUCAO", "MATERIAIS DE CONSTRUCASO", "MATERIAIS DE CONSTRUCOES", "MATERIAIS DE CONSTUCAO", "MATERIAIS DE CONTRUCAO", "MATERIAIS DE COSNSTRUCAO", "MATERIAIS PARA CONSTRUCAO", "MATERIAL", "MATERIAL BRUTO", "MATERIAL CONSTRUCAO", "MATERIAL DE CINSTRUCOA", "MATERIAL DE CONSTRACAO", "MATERIAL DE CONSTRAO", "MATERIAL DE CONSTRCUAO", "MATERIAL DE CONSTRUCAO", "MATERIAL DE CONTRUCAO", "MATERIAL DE COSTRUCAO", "MATERIAL ESCOLAR E CELULAR", "MATERIAL PARA CONSTRUCAO", "MATERIAL PARA COSNTRUCAO", "MATERIALDE CONSTRUCAO", "MATERIAS DE CONSTRTUCAO", "MATERIAS DE CONSTRUCAO", "MATERIL DE CONSTRUCAO", "MATERILA DE CONSTRUCAO", "MAtERIAL DE CONTRUCAO", "MEA + ASPIRADOR", "MESA", "MESA  6 CADEIRAS", "MESA + 4 CADEIRAS", "MESA + CADEIRA", "MESA + PAINEL", "MESA /MAQUINA E BALCAO", "MESA 04 CADEIRAS", "MESA 4 CADEIRA", "MESA 4 CADEIRA e VENTILADOR", "MESA 4 CADEIRAS", "MESA 4C", "MESA ARMARIO E GELADEIRA", "MESA C 06 CADEIRAS", "MESA C/ 6 CAD", "MESA C/ CADEIRAS, POLTRONA", "MESA CADEIRAS FORNO E LIQUIDIFICADOR", "MESA COM 100 DE ENT", "MESA COM 4 CADEIRAS", "MESA COM 4 CADEIRAS,PISCINA", "MESA COM 6 CADERIA", "MESA COM 8 CADEIRAS", "MESA COM CADEIRAS/ FOGAO", "MESA DE COMPUTADOR,CADEIRA", "MESA E  COMODA", "MESA E 6 CADEIRAS", "MESA E ARMACAO", "MESA E ASPIRADOR", "MESA E BALCAO", "MESA E CADEIRA", "MESA E CADEIRA DE PLASTICO", "MESA E CADEIRA PLASTICA", "MESA E CADEIRAS", "MESA E CAMA", "MESA E COLCHAO", "MESA E COZINHA", "MESA E CUBA", "MESA E FOGAO", "MESA E GUARDA ROUPA", "MESA E KIT DE COZINHA", "MESA E PAINEL", "MESA E ROUPEIRO", "MESA E SAPATEIRA", "MESA E SECADORA", "MESA E UM COZINHA COMPLETA", "MESA+ TV", "MESA+CADEIRAS", "MESA+CAMA", "MESA+COZINA+FOGAO+COOKTOP", "MESA, BALCAO E PEDRA PIA, GUARDA ROUPA", "MESA, BUFE E UM SOM", "MESA, CADEIRA, CHALEIRA ELETRICA", "MESA, CAIXA DE SOM", "MESA, COMODA E ARMARIO DE COZINHA", "MESA,CONJUNTO DE ESTOFADO", "MESA,COZINHA,FOGAO", "MESA/ BALCAO", "MESA/ CADEIRAS", "MICOONDAS", "MICRO", "MICRO ONDAS", "MICRO ONDAS 20 litros", "MICRO ONDAS 44 LITROS", "MICRO+CELULAR", "MICRO/PEELING/LIMPEZA", "MICROAG / PEELING", "MICROAGULHAMENTO", "MICROAGULHAMENTO , PEELING, CARBOX , ENZIMA", "MICROONDAS", "MICROONDAS + FORNO", "MICROONDAS +VENTILADOR", "MICROONDAS - BALCAO", "MICROONDAS 27", "MICROONDAS 27 LITROS", "MICROONDAS 31", "MICROONDAS 34LTS 127V", "MICROONDAS E ARMARIO", "MICROONDAS E CELULAR", "MICROONDAS E FORNO", "MICROONDAS E VENTILADOR", "MICROONDAS+LAVADORA+BALCAO", "MICROONDAS, armario de pia", "MMOVEIS", "MODULADO CAMA BOX COLCHAO E CABECEIRA", "MOTO E 13", "MOTO E 22", "MOTO E 40", "MOTO E20", "MOTO E22", "MOTO E7 plus", "MOTO G14", "MOTO G22", "MOTO G23", "MOTO G41 PECA DA VITRINE", "MOTO G53", "MOTO G53 PECA DE MOSTRUARIO", "MOTOR COMPLETO E KIT RELACAO MOTO", "MOTOR COMPLETO, PNEU , SUPENSAO DIANT E TRAS MOTO", "MOTOROLA E 13", "MOTOROLA E20", "MOTOROLA E22", "MOTOROLA G22", "MOTOROLA G23", "MOTOROLA G53", "MOTOROLA G53 128 GB", "MOTOROLA G53 128GB", "MOTOROLA G73", "MOTOROLA MOTO G 52", "MOTOSERRA", "MOTOSERRA E ROCADEIRA", "MOTOSERRA E ROCADEIRA VULCAN", "MOTOSERRA STHILL E CAPACETE", "MOTOSSERA", "MOTOSSERRA", "MOTOSSERRA 260", "MOTPSERRA E CELULAR", "MOVEIS", "MOVEIS E CELULAR", "MOVEIS E ELETRO", "MOVIS", "MULTIUSO +VENTILADOR", "MULTIUSO E PANELA", "MULTIUSO+FOGAO", "MULTIUSO+MESA+FRUTEIRA", "MULTIUSO, BELICHE", "MULTIUSO, GUARDA ROUPA, CAM E COLCHAO", "MULTIUSO, SANDUICHEIRA", "MULTIUSO/CONJUNTO BOX CASAL", "Material de construcao", "Mesa + Liquidificador", "Mesa 4 cadeiras", "Mesa 4 lugares", "Mesa e kit banheiro", "Microagulhamento", "Microagulhamento + peeling", "Microondas", "Moveis", "NOT BOOK", "NOTBOOCK", "NOTBOOK", "NOTE BOOK", "NOTEBOOCK", "NOTEBOOK", "NOTEBOOK + ROCADEIRA", "NOTEBOOK+cozinha", "OCULOS", "ODONTOLOGICO", "OLHEIRA E BOTOX", "OZINHA E GUARDA ROUPA", "PACOTE BIOESTIMULADOR", "PACOTE MICROAGULHAMENTO", "PAINEL", "PAINEL  E RELACAO", "PAINEL + TANQUINHO", "PAINEL + TV + BALCAO", "PAINEL ,COMODA ,LIQUIDIFICADOR", "PAINEL E BALCAO", "PAINEL E CENTRIFUGA", "PAINEL E COMODA", "PAINEL E MESA", "PAINEL E RACK", "PAINEL E RACK  BALCAO", "PAINEL E SOFA", "PAINEL E SUPORTE PARA TV", "PAINEL E SUPORTE TV", "PAINEL E TV", "PAINEL TV", "PAINEL+SOFA", "PAINEL, BALCAO", "PANELA", "PANELA + FRITADEIRA", "PANELA ,ROCADEIRA E FURADEIRA", "PANELA DE ARROZ", "PANELA DE ARROZ E CADEIRAS DE AREA", "PANELA DE ARROZ ELETRICA,PANELA DE PRESSAO ELETRIC", "PANELA DE PRECAO", "PANELA DE PRESSAO", "PANELA E LIQUIDIFICADOR", "PANELA LIQUIDIFICADOR", "PANELA PRESSAO", "PANELAS", "PARAFUSADEIRA", "PARAFUSADEIRA DWT", "PARAFUSADEIRA e ventilador", "PARAFUSADEIRA/APARADOR DE PELOS", "PARAFUZADEIRA", "PASSADEIRA", "PECAS", "PECAS E SERVICO", "PECAS E SERVICO MOTO", "PECAS E SERVICO MOTOSSERRA", "PECAS MOTO E PNEU", "PECAS MOTO E ROCADEIRA", "PEDALEIRA , PNEU E CAMARA AR", "PEDALEIRA E PISCA", "PEDRA DE PIA + CAPA P/ MAQUINA DE LAVAR", "PEELING", "PEENCHIMENTO", "PEIM + BOTOX 3 REGI\u00d5ES", "PELING, CARBOX", "PENEU", "PENTEADEIRA", "PENTEADEIRA + ROUPEIRO", "PENTEADEIRA DUDA", "PENTEADEIRA E PANELA DE PRESSAO", "PERFECT GLUTEO", "PERFECT GLUTEO E BIOESTIMULADOR", "PERFECT GLUTEO, BIOCRYSTAL, BOTOX", "PERFECT GLUTEOP", "PIA", "PIA + BALCAO", "PIA + FOGAO", "PIA / BALCAO", "PIA COMPLETA E FOGAO", "PIA E BALCAO", "PIA E CUBA", "PIA E FOGAO", "PIA E TAMPO", "PIA E TV", "PIA+ BALCAO", "PIA,BALCAO,ROUPEIRO", "PIJAMA E PANELA", "PISCINA", "PISCINA 1000 LITROS", "PISCINA 2.490LTS", "PISCINA 2.700 LITROS", "PISCINA 25000L", "PISCINA 5000", "PISCINA E BARBEADOR", "PISCINA E CADEIRA", "PISCINA E CADEIRA DE PRAIA", "PISCINA E CLIMATIZADOR", "PISCINA E VENTILADOR", "PISCINA+AIR", "PISCINA+SANDUICHEIRA+CELULAR", "PISCINA, LAVADORA E CENTRIFUGA", "PISCINA,ASPIRADOR,LIQUIDIFICADOR,SECADOR DE CABELO", "PISCINA,FORNO E CAFETEIRA", "PLANO PRATA - BOTOX", "PNEU", "PNEU + FOGAO", "PNEU , BENGALA , CAIXA DIRECAO MOTO", "PNEU 14", "PNEU E CAIXA DIRECAO", "PNEU E CAMARA AR", "PNEU E CAMARA AR BIZ", "PNEU E CAMARA AR BIZ 100", "PNEU E CAMARA AR BIZ 125", "PNEU E CAMARA AR BROS", "PNEU E CAMARA AR MOTO", "PNEU E CAPA CHUVA", "PNEU E EMBUCHAMENTO MOTO", "PNEU E ROCADEIRA", "PNEU E SECADOR DE CABELO", "PNEU TORNADO E CAMARA AR , CAPACETE", "PNEU TRASEIRO BROS E KIT RELACAO", "PNEU+PANELA", "PNEU,CENTRIFUGA", "PNEU,JOGO DE PANELA", "PNEUS", "PNEUS\u00b4", "POLTRONA", "POLTRONA ,MESA DE CENTRO", "POLTRONA E PAINEL DE TV", "POLTRONA E SECADOR", "PORCEDIMENTOS ESTETICOS", "PRACHA E CACHEADOR", "PRANCHA", "PRANCHA E ESCOVA AGRATTO", "PREENCHEDOR E BOTOX", "PREENCHEDOR LABIAL", "PREENCHIMENTO", "PREENCHIMENTO + BIOCRYSTAL", "PREENCHIMENTO + BOTOX", "PREENCHIMENTO BIGODE , FIOS DE SUSTENTA\u00c7\u00c3O, PREENC", "PREENCHIMENTO E BIOESTIMULADOR", "PREENCHIMENTO E BOTOX", "PREENCHIMENTO E BOTOX 4 REGI\u00d5ES", "PREENCHIMENTO E FIOS", "PREENCHIMENTO LABIAL", "PREENCHIMENTO LABIAL E MARIONETE", "PREENCHIMENTO LABIAL, BOTOX", "PREENCHIMENTO MALAR", "PREENCHIMENTO e BOTOX", "PREENCHIMENTO+BIOESTIMULADOR+BOTOX", "PREENCHIMENTO+BOTOX", "PREENCHIMENTO, BOTOX", "PREENCHIMENTO, BOTOX E FIOS", "PREENCHIMENTO, BOTOX, PREENCHIMENTO", "PREENCHIMENTO, FIOS", "PREENCHIMENTO, FIOS E BOTOX", "PREENCHIMENTO, FIOS, BIOESTIMULADOR", "PREENCHIMENTO, SKINBOOSTER", "PREENCHIMENTO/ FIOS COM GARRA/ JATO DE PLASMA", "PREENCHIMENTOE FIOS", "PREENCHIMENTOS", "PREENCHIMENTOS , BOTOX 3 REGIOES , LIPO DE PAPADA", "PREENHCIMENTO LABIAL", "PRENCHIMENTO LABIAL/ OLHEIRA", "PRENNCHINTOS", "PROCEDIEMENTO EST\u00c9TICO", "PROCEDIEMENTOS ESTETICOS", "PROCEDIEMNTOS ESTETICOS", "PROCEDIMENTO", "PROCEDIMENTO DOS SONHOS", "PROCEDIMENTO ESTETICA", "PROCEDIMENTO ESTETICAj", "PROCEDIMENTO ESTETICO", "PROCEDIMENTO ESTETICOS", "PROCEDIMENTO EST\u00c8TICO", "PROCEDIMENTO EST\u00c9TICO", "PROCEDIMENTO EST\u00c9TICO- BOTOX", "PROCEDIMENTO ES\u00c9TICO", "PROCEDIMENTOS", "PROCEDIMENTOS  EST\u00c9TICOS", "PROCEDIMENTOS CLINICOS", "PROCEDIMENTOS ESTETICO", "PROCEDIMENTOS ESTETICOS", "PROCEDIMENTOS EST\u00c9TICOS", "PROCENDIMENTOS ESTETICOS", "PRODUTOS ESTETICOS", "PRODUTOS EST\u00c9TICOS", "PURIFICADOR, LIQUIDIFICADOR, ESPREMEDOR E PROCESSA", "Painel", "Panela de pressao", "Penteadeira e celular", "Perefect Gluteo", "Perfect Gluteo", "Perfect Gluteos", "Perfect Gl\u00fateo", "Pracha", "Preenchimento", "Preenchimento + botox 35 uni", "Preenchimento 1190,00", "Preenchimento Labial", "Preenchimento Labial e preenchimento Marionete", "Preenchimento de olheira e Botox", "Preenchimento e botox light", "Preenchimento, Botox e Jet sikn", "Prenchimento Malar / Biogluteo", "Procedimento", "Procedimento Estetico", "Procedimento Est\u00e9tico", "Procedimento estetico", "Procedimento est\u00e9tico", "Procedimento/BOTOX", "Procedimento/botox", "Procedimentos Esteticos", "Procedimentos Est\u00e9ticos", "Procedimentos esteticos", "Procedimentos est\u00e9ticos", "Proecedimento estetico", "QUARDA ROUPAS", "RACK", "RACK  E APARADOR", "RACK E FORNO", "RACK E GUARDA ROUPA", "RACK E MESA", "RACK E PAINEL", "RACK E PAINEL E CABECEIRA", "RACK+CAMA", "RACK+FORNO OFERTA", "RADIIO", "RADIO", "RADIO E LIQUIDIFICAR", "RADIO E SECADOR", "RECEPTOR", "RECEPTOR + ANTENA", "RECEPTOR E ANTENA", "RECPTOR E ANTENA", "REDMI  12 PECA DE DESMOTRACAO", "REDMI 10 A", "REDMI 10A", "REDMI 10A 128GB", "REDMI 10C", "REDMI 10C GRAFITE", "REDMI 10C GRAPHITE", "REDMI 12", "REDMI 12 POLAR", "REDMI 128 GB E COLCHAO HELLEN 0,88", "REDMI 12C", "REDMI 12C  128GB", "REDMI 13C", "REDMI 9A", "REDMI A 2", "REDMI A01", "REDMI A1", "REDMI A2", "REFRIGERADIR", "REFRIGERADO", "REFRIGERADOR", "REFRIGERADOR + FOGAO", "REFRIGERADOR + FRETE", "REFRIGERADOR +FOGAO", "REFRIGERADOR , BALCAO E PIA", "REFRIGERADOR 340 LITROS CONSUL INOX", "REFRIGERADOR COM 1000 DE ENTRADA", "REFRIGERADOR COM 400 DE ENTRADA", "REFRIGERADOR COM 500 DE ENT", "REFRIGERADOR COM 900,00 DE ENTRADA", "REFRIGERADOR E AEREO", "REFRIGERADOR E LAVDORA", "REFRIGERADOR E MESA", "REFRIGERADOR ROC31", "REFRIGERADOR+CADEIRA", "REFRIGERADOR, FOGAO", "REFRIGERADOR, FOGAO, BALCAO", "REFRIGERADOR,FOGAO,SOFA,CUBA INOX,MESA,COZINHA", "REFRIGERADOr", "REFRIGERDOR", "REGRIGEERADOR", "REGRIGERADOR", "RELACAO MOTO", "RERIGERADOR", "RIUPEIRO", "ROCADEIRA", "ROCADEIRA + FRETE", "ROCADEIRA com 100,00 de entrada", "ROCADEIRA+CELULAR", "ROCADERA", "RODA MONTADA BROS E KIT RELACAO", "ROPEIRO", "ROPEIRO, cama box, cabeceira.", "ROSADEIRA", "ROSADEIRA E BARBEADOR", "ROUEPEIRO", "ROUEPIRO", "ROUP", "ROUP 6P 2G CAST   PENTEADEIRA CAMARIM", "ROUP E COMODA", "ROUP+ COMODA + BASE", "ROUPA 6P 2G BS01-130 C/PE CASTANHO HP", "ROUPCEIRO", "ROUPEIORO", "ROUPEIRA", "ROUPEIRO", "ROUPEIRO  E CONJUNTO BOX", "ROUPEIRO + APARADOR", "ROUPEIRO + BERCO + CONJ BOX + COLCHAO", "ROUPEIRO + BOX + MESA", "ROUPEIRO + CAMA", "ROUPEIRO + CELULAR", "ROUPEIRO + CLCHAO", "ROUPEIRO + COMODA", "ROUPEIRO + FRETE", "ROUPEIRO + KIT COZINHA", "ROUPEIRO + LAVADORA", "ROUPEIRO + MESA", "ROUPEIRO + MULTIUSO", "ROUPEIRO + PAINEL + MULTIUSO", "ROUPEIRO + RACK", "ROUPEIRO + SECADOR + BABY LIS", "ROUPEIRO + TV", "ROUPEIRO , CABECEIRA", "ROUPEIRO , CONJ BOX", "ROUPEIRO , MESA , COZINHA ,BALCAO", "ROUPEIRO /CAMA/ CABECEIRA/LAVADORA / CAIXA DE SOM", "ROUPEIRO /PIA", "ROUPEIRO 02", "ROUPEIRO 06 PTS", "ROUPEIRO 2 P DESLIZANTES", "ROUPEIRO 4 PORTAS", "ROUPEIRO 4 PORTAS E 2 GAVETAS", "ROUPEIRO 4P E 2GAVETAS", "ROUPEIRO 6 P", "ROUPEIRO 6 PORTAS", "ROUPEIRO 6 PORTAS E MULTIUSO", "ROUPEIRO 8 P 4GAV", "ROUPEIRO DE 6PTS COM 2GVS", "ROUPEIRO E AQUECEDOR", "ROUPEIRO E AR CONDICIONADO", "ROUPEIRO E ARMARIO DE COZINHA", "ROUPEIRO E BALCAO", "ROUPEIRO E BALCAO P/ FORNO", "ROUPEIRO E BAU", "ROUPEIRO E CABECEIRA", "ROUPEIRO E CAMA", "ROUPEIRO E CAMA BOX", "ROUPEIRO E COLCHAO", "ROUPEIRO E COMODA", "ROUPEIRO E CONJ,BOX", "ROUPEIRO E COZINHA", "ROUPEIRO E COZINHA COMPACTA", "ROUPEIRO E LAVADORA", "ROUPEIRO E MAQUINA", "ROUPEIRO E MESA", "ROUPEIRO E MICROONDAS", "ROUPEIRO E MODELADORA", "ROUPEIRO E MULTIUSO", "ROUPEIRO E PAINEL", "ROUPEIRO E PANELAS", "ROUPEIRO E POLTRONAS", "ROUPEIRO E SOFA", "ROUPEIRO E SOMMIER", "ROUPEIRO E UMA CHALEIRA ELETRICA", "ROUPEIRO E VENTILADOR", "ROUPEIRO EE CENTRIFUGA", "ROUPEIRO EM L", "ROUPEIRO PIA E COLCHA", "ROUPEIRO e MESA", "ROUPEIRO e cozinha", "ROUPEIRO+ COLCHAO", "ROUPEIRO+ COMODA", "ROUPEIRO+ PIPOQUEIRA+ LIQUIDIFICADOR+ESTOFADO", "ROUPEIRO+BICICLETA", "ROUPEIRO+BOX", "ROUPEIRO+CAMA", "ROUPEIRO+CELULAR", "ROUPEIRO+COLCHAO", "ROUPEIRO+COMODA", "ROUPEIRO+COMODA+MICRO ONDAS", "ROUPEIRO+CORTADOR GRAMA", "ROUPEIRO+COZINHA", "ROUPEIRO+LAVADORA", "ROUPEIRO+MESA COMPUTADOR", "ROUPEIRO+MULTIUSO", "ROUPEIRO, BALCAO", "ROUPEIRO, BALCAO, COZINHA, MESA", "ROUPEIRO, BERCO E COLCHAO", "ROUPEIRO, BOX CASAL E CABECEIRA", "ROUPEIRO, CABECEIRA", "ROUPEIRO, CAMA E ESCRIVANINHA", "ROUPEIRO, CAMA E VENTILADOR", "ROUPEIRO, COMODA E ELETRICOS", "ROUPEIRO, COMODA E SANDUICHEIRA", "ROUPEIRO, CONJUNTO BOX E BALCAO", "ROUPEIRO, COOKTOP", "ROUPEIRO, PAINEL", "ROUPEIRO, PEDRA PIA", "ROUPEIRO, TRAVESEIRO, MESA DE CENTRO, CABECEIRA", "ROUPEIRO,COLHAO", "ROUPEIRO,SECADOR,ESCOVASECADORA,PRANCHA", "ROUPEIRO,VENTILADOR, PAINEL", "ROUPEIRO- PAINEL", "ROUPEIRO/ COLCHAO E PAINEL", "ROUPEIRO/ FOGAO E LIQUITIFICADOR", "ROUPEIRO/ MESA", "ROUPEIRO// MOTOCA", "ROUPEIRO/COMODA E CABECEIRA", "ROUPEIRO/FORNO", "ROUPEIROS", "ROUPEIROS 4PTS 2GVS", "ROUPEIRP", "ROUPEIRPO", "ROUPEIRTO 8PTS CASAL", "ROUPERO", "ROUPERO E PAINEL", "ROUPIRO", "Redmi 12", "Redmi 12 mostruario da loja", "Roupeiro", "Roupeiro 8 portas", "Roupeiro e cozinha", "Roupeiro+painel", "Roupeiro, balcao", "Roupeiro, multiuso", "SAMRT TV 32", "SAMRTPHONE", "SAMSUMG A54", "SAMSUNG  A54 5G", "SAMSUNG A 03", "SAMSUNG A 14", "SAMSUNG A03", "SAMSUNG A03 64GB", "SAMSUNG A03 CORE", "SAMSUNG A04E", "SAMSUNG A04E 6GB", "SAMSUNG A13", "SAMSUNG A13 128GB", "SAMSUNG A13 128GB/samsung A03", "SAMSUNG A14", "SAMSUNG A14 128 GB", "SAMSUNG A14 5G", "SAMSUNG A22", "SAMSUNG A23", "SAMSUNG A33", "SAMSUNG A54", "SAMSUNG A54 256GB", "SAMSUNG S20 FE SEMINOVO", "SANDUCHEIRA E VENTILADOR", "SANDUICHEIRA", "SANDUICHEIRA E CAIXA DE SOM", "SANDUICHEIRA E CHALEIRA", "SANDUICHEIRA E CORTADOR DE CABELO", "SANDUICHEIRA E GARAFA DE CAFE", "SANDUICHEIRA E PANELA DE ARROZ", "SANDUICHEIRA E VARAL", "SANDUICHEIRA/AIRFRYER", "SANDUICHERA", "SAPATEIRA+ASPIRADOR DE PO", "SAPATEIRAS E BALCAO", "SECADO/FIRGIDEIRA", "SECADOER", "SECADOR", "SECADOR + ASPIRADOR", "SECADOR + GRILL", "SECADOR CABELO", "SECADOR DE CABELO", "SECADOR DE CABELO + PRANCHA", "SECADOR DE CABELO , BATEDEIRA", "SECADOR DE CABELOS", "SECADOR DE CABELOS TAIFF", "SECADOR E CHAPINHA", "SECADOR E ESCOVA", "SECADOR E FERRO DE PASSAR", "SECADOR E MICRO", "SECADOR E MICROONDAS", "SECADOR E PRANCHA", "SECADOR+APARADOR", "SECADOR+BATEDEIRA+PROCESSADOR", "SECADOR+CHALEIRA", "SECADOR+PANELA", "SECADOR,", "SECADOR-ESCOVA", "SECADORA", "SECADORA 10KG", "SECADORA COM 1000,00 REAIS DE ENTRADA", "SECADORA DE ROUPA", "SECADORA DE ROUPAS", "SECADORA E FRITADEIRA", "SECADORA OFERTA", "SECADORA/CADEIRINHA DE BB", "SERRA ELETRICA", "SISTEMA ELETRICO YBR E CAPACETE", "SMART FONE", "SMART TV", "SMART TV + ROUPEIRO", "SMART TV 24 POLEGADA", "SMART TV 32", "SMART TV 50", "SMART TV LED 32", "SMARTFONE", "SMARTHONE", "SMARTPHONE", "SMARTPHONE 32 GB", "SMARTPHONE 9A", "SMARTPHONE A14", "SMARTPHONE A23", "SMARTPHONE G22", "SMATPHONE", "SOFA", "SOFA  E GUARDA ROUPA", "SOFA  E UM HOME", "SOFA + COZINHA COMPACTA", "SOFA + ROUPEIRO", "SOFA +BALCAO DE PIA", "SOFA +PAINEL", "SOFA 2 LUGARES", "SOFA 2,30", "SOFA 2,30M", "SOFA 2,60X2,10 CANTO", "SOFA CARRARA E CONJ MESA 4 C MDF", "SOFA E  MESA ..OFERTA", "SOFA E BICAMA", "SOFA E CAMA", "SOFA E COLCHAO", "SOFA E COMODA", "SOFA E COZINHA", "SOFA E FOGAO", "SOFA E GELADEIRA COM 2,500 DE ENTRADA", "SOFA E GUARDA ROUPA", "SOFA E MESA", "SOFA E MOTO ELETRICA", "SOFA E PAINEL", "SOFA E PIA", "SOFA E POLTRONA", "SOFA E ROUPEIRO", "SOFA E TV", "SOFA SOB MEDIDA E MESA", "SOFA+FOGAO+BALCAO", "SOFA+PAINEL", "SOFA, CAMA", "SOFA, CAMA, E FORNINHO", "SOFA, COLCHAO", "SOFA, MULTIUSO E BALCAO DE PIA", "SOFA, ROUPERO FOGAO E PAINEL", "SOFA, lavadora", "SOFA/ GUARDA ROUPAS", "SOFA/BELICHE E COLCHAO", "SOFA/CADEIRAS", "SOFA/GRILL", "SOFA/PAINEL", "SOFAE CARRINHO DE BEBE", "SOM", "SOM 300WS", "SOM+FRITADEIRA+PANELA+MICROONDAS+2 VENTILADORES+CO", "SON E FORNO", "SOPRADOR", "Samsung A14", "Samsung A32 128gb", "Samsung A53", "Samsung A73", "Secador Cabelos, Ventilador, Comoda e Formas.", "Sofa", "Sofa e rack", "TABLET", "TABLET E GUARDA ROUPA", "TABLET E LAVADORA", "TABLET E VENTILADOR", "TABUA DE PASSAR E MICROONDAS", "TAMPO", "TAMPO DE COZINHA", "TAMPO+JOGO DE PANELA", "TAMQUINHO", "TANQUINHA", "TANQUINHO", "TANQUINHO + CENTRIFUGA", "TANQUINHO +PANELA +BATEDEIRA", "TANQUINHO ,CENTRIFUGA", "TANQUINHO ,MULTIUSO", "TANQUINHO 10KG", "TANQUINHO 10KG + FRETE", "TANQUINHO 10KG WANKE", "TANQUINHO 20 KG WANKE", "TANQUINHO 20kg", "TANQUINHO 5KG", "TANQUINHO 6K", "TANQUINHO DE 12,5 KILOS", "TANQUINHO E BEBEDOURO", "TANQUINHO E BELICHE", "TANQUINHO E CENTRIFUGA", "TANQUINHO E CENTRIFUGA COM 200 DE ENT", "TANQUINHO E KIT BANHEIRO", "TANQUINHO E PAINEL", "TANQUINHO E UMA CENTRIFUGA", "TANQUINHO+CENTRIFUGA", "TANQUINHO, CENTRIFUGA", "TANQUINHO, TV 40, FOGAO", "TANQUINHO, VENTILADOR", "TANQUINHO,CENTRIFUGA", "TANQUINHO,COMPACTA", "TANQUYIUNHO", "TAQUINHO", "TAQUINHO E CENTRIFUGA", "TELEVISAO", "TELEVISAO 32 P", "TELEVISAO E COOQUETOPE", "TELEVISAO, MAQUINA DE CORTAR CABELO E LIQUID", "TELEVISOR", "TELEVISOR 32 POLEGADAS", "TELEVISOR 43**", "TRATAMENTO", "TRATAMENTO ESTETICO", "TRATAMENTO EST\u00c9TICO", "TRATAMENTO P/MELASMA", "TRATAMENTOE", "TRAVESSEIROS / CABECEIRA", "TRELICHE E COLCHAO", "TROCA PISCA E PNEU", "TUPI MATERIAIS DE CONSTRUCAO", "TV + BALCAO", "TV + CAMA BOX + ROUPEIRO", "TV + CELULAR", "TV + COZINHA + MESA", "TV + MAQUINA", "TV + PAINEL + VENTILADOR", "TV + ROUPEIRO", "TV + SECADOR+prancha", "TV + ventilador /sanduicheira", "TV , COOKTOP", "TV - PAINEL", "TV / LAVADORA", "TV ANTENA", "TV COMODA", "TV E ANTENA", "TV E BALCAO", "TV E CADEIRINHA", "TV E CAMA", "TV E CAMA BOX", "TV E CELULAR", "TV E CENTRIFUGA", "TV E COLCHAO", "TV E FOGAO", "TV E FORNO ELETRICO", "TV E GUARDA ROUPA", "TV E LAVADORA WAP", "TV E MESA", "TV E PAINEL", "TV E RACK", "TV E TANQUINHO", "TV E VENTILADOR", "TV ER ANTENA", "TV OFERTA", "TV OFERTA 15X", "TV ROUPEIRO", "TV+ AQUECEDOR", "TV+ CELULAR", "TV+ANTENA", "TV+ARMARIO DE COZINHA", "TV+CELULAR", "TV+COMODA", "TV+MICRO", "TV+SOFA", "TV+TANQUINHO", "TV+balcao", "TV, LIQUI E BATEDEIRA", "TV, MESA", "TV, SOFA E COLCHAO", "TV, VENTILADOR E JOGO DE PANELAS", "TV,painel", "TV//GELADEIRA//CAMA BOX", "TV/CELULAR", "TV/VENTILADOR", "Tablet", "Tanquinho", "Tanquinho 14kg", "Toxina Botul\u00ednica e Preenchimento Labial", "Tratamento", "Tratamento Est\u00e9tico", "Tv e armario", "Tv oferta", "UM ARMARIO 1,20 E UM FOGAO 4BC", "UM REFRIGERADOR DE 2PTS", "UM TANQUINHO", "UMA CAIXA DE SOM E UMA PRANCHA", "UMA GELADEIRA 260 LITROS", "UMIDIFICADOR", "VAP+CELULAR", "VARAL DE ROUPA", "VARAL DE ROUPAS", "VARAL E ROUPEIRO", "VELOCITA, PISCINA", "VENDA DE APARELHO", "VENILADOR", "VENTILADFOR", "VENTILADO", "VENTILADOE E BEBEDOURO", "VENTILADOR", "VENTILADOR + COLCHAO", "VENTILADOR +CHALEIRA", "VENTILADOR +cadeira praia", "VENTILADOR , LIQUIDIFICADOR", "VENTILADOR , PANELA DE PRESSAO", "VENTILADOR 40 CM E FERRO DE PASSAR", "VENTILADOR ARNO", "VENTILADOR E CAIXA DE SOM", "VENTILADOR E CAIXA TERMICA", "VENTILADOR E CENTRIFUGA E CELULAR", "VENTILADOR E COLCHAO", "VENTILADOR E DUAS CADEIRAS", "VENTILADOR E ESCOVA", "VENTILADOR E ESCOVA SECADORA", "VENTILADOR E GARRAFA", "VENTILADOR E LIQUIDIFICADOR", "VENTILADOR E SAPATEIRA", "VENTILADOR E UM TAPETE", "VENTILADOR E UMA CAFETEIRA", "VENTILADOR E UMA LAVADORA ALTA PRESAO", "VENTILADOR+ LIQUIDIFCADOR", "VENTILADOR, ESCOVA E CHAPINHA DE CABELO", "VENTILADOR, JARRA ELETRICA", "VENTILADOR, LIQUIDIFICADOR", "VENTILADOR, SOM E MICRONDAS", "VENTILADORES", "VENTILADPR", "VENTILADR", "VENTILSDOR", "VETILADOR", "VIOLAO", "Ventilador", "Ventilador arno", "WAP", "WAP E ASPIRADOR", "WAP LAVADOURA", "WAP+ASPIRADOR", "WAP+SEC+SANDUICHEI", "XONJUNTO BOX", "aarelho celular", "air fraier", "air fry", "air fry e liquidificador", "air fryer", "anbtena", "antena", "antena + tv +mesa", "antena / receptor", "antena e fogao", "antena e receptor", "antena e recptor", "antena tv", "antena+esmerilhadeira", "antyena", "ap cel", "ap cel + chaleira eletrica", "ap cel + secadora piso", "aparador de pelos", "aparelho celular", "aparellho celular", "aquecedor", "ar condicionado", "armario", "armario 0,70 cm aereo geladeira", "armario cozinha", "armario de cozinha", "armario de cozinha e banquetas", "armario de cozinha e beliche", "armario de cozinha kit", "armario, fogao e sofa", "aspirado", "aspirador", "aspirador + wap", "aspirador de po", "aspirdor", "baike", "balca de pia", "balca+secador", "balcao", "balcao /cook top", "balcao 1,58 + tampo", "balcao de pia", "balcao de pia + pedra", "balcao de pia / tampo", "balcao de pia e inox", "balcao de pia e liquidificador", "balcao de pia e pia", "balcao de pia e pia e ferro de passar", "balcao de pia+ pedra", "balcao e armario", "balcao e cook top", "balcao e cooktop", "balcao e inox", "balcao e pia", "balcao e tampo", "balcao e tanquinho", "balcao e ventilador", "balcao pia", "balcao pia + tampo + maquina", "balcao pia e cuba", "balcao+ pia", "balcao+batedeira", "balcao+cooktop", "balcao+tampo", "balcao, cozinha e painel", "balcao, fogao cooktop, liquidificador e fritadeira", "balcao, pia e liquidificador", "balcaos", "bancada e cadeiras", "barraca e celular", "base", "base / cadeira", "base bau/ roupeiro", "base box", "base box e lavadora", "base de box", "base e colchao", "base+colchao", "batedeira", "batedeira e liqui", "batedeira e liquidificador", "batedeira e mesinha", "batedeira e sanduicheira", "batedeira e uma alisadora de cabelo 6x1", "batedeira, ventilador", "batedeira/ liquidificador", "batedira", "bateria", "bateria + multiuso + frete", "bateria e centrifuga", "bebedoruro", "bebedouro", "beliche", "beliche / 2 colchoes", "beliche,  colchao", "beliche, colchao, celular", "berco", "berco e colchao", "berco/ roupeiro", "biccicleta", "bici + panlea", "bicicleta", "bicicleta com 200 de entrada", "bicicleta e centrifuga", "bicicleta varal", "bicicleta+ piscina", "bicicletas", "biciclleta", "bike", "biocrystal e botox", "bioestimulador", "bioestimulador + skinbooster", "bioestimulador e botox", "bioestimulador e preenchiemnto", "bioestimulador, botox", "botox", "botox + fios", "botox + lipo de papada", "botox + microagulhamento + colageno", "botox + preenchimento", "botox / preenchimento", "botox 3 regi\u00f5es", "botox 4 regioes", "botox e bioestimulador", "botox e fios", "botox e lipo de papada", "botox e microagulhamento", "botox e preenchimento", "botox+preenchimento+fios filler", "botox, bioestimulador, microagulhamento,fios", "botox, fio fillher e bioestimulador", "botox/ preenchimento", "box", "box + cabeceira", "box casal", "box casal + cabeceira", "box e aspirador", "box e celular", "box e colchao", "box e geladeira", "box e mesa", "box e roupeiro", "box e tanquinho", "box e ventilador", "box+lavadora ofertas", "box, lavadora jogo de lencol e travesseiro", "cCELULAR", "cabeceira", "cabeceira e base", "cabeceira e colchao casal", "cabeceira e conj box", "cabeceira e criado mudo", "cabeceira/sansuicheira", "cadeira", "cadeira de  praia e banqueta", "cadeira de are", "cadeira de area", "cadeiras", "cadeiras + balcao pia", "cadeirinha", "cafeteira", "caixa amplificada", "caixa de som", "caixa de som amvox 1900", "caixa de som e escova modeladora", "caixa de som/ liquidificador", "caixa som", "cama", "cama + carrinho", "cama + colchao", "cama + roupeiro", "cama BOX", "cama box", "cama box + pia", "cama box , air fryer", "cama box , cabeceira, bau e buet", "cama box e cabeceira", "cama box e colchao", "cama box+cabeceira", "cama e armario", "cama e centrifuga", "cama e colchao", "cama e cozinha", "cama e guarda roupa", "cama e pia", "cama e roupeiro", "cama e roupero", "cama e tanquinho", "cama guarda roupa", "cama lavadora e roupeiro", "cama solteiro + balcao pia", "cama+ cabeceira", "cama+base", "cama/ sofa", "cama/colchao", "cama/comoda", "cama/guarda roupas", "cama/roupeiro", "camka box", "caoxa de som", "capacete", "capacete e pneu moto", "carrinho bebe", "carrinho de bb", "carrinho de bebe", "carrinho de bebe e mesa c/ cadeiras", "carrinho e secador", "ccelular", "cellar", "celu", "celualr", "celul", "celula", "celular", "celular + forno", "celular + secador", "celular + tablet", "celular + utensilios domesticos", "celular A14", "celular COM 400,00 DE ENTRADA", "celular COM 550,00 DE ENTRADA", "celular COM 800,000 DE ENTRDA", "celular a 2", "celular a14", "celular a14 5g", "celular a23 5g", "celular com 200,000 de entrda", "celular com 300 de entarda", "celular com 500 de ent", "celular com 500,00 de entrada", "celular e bebedouro", "celular e bicicleta", "celular e brinquedo", "celular e caixa de lenha", "celular e conj. box", "celular e estante", "celular e fogao", "celular e maquita", "celular e microondas", "celular e panela", "celular e radio", "celular e rocadeira", "celular e roupeiro", "celular e tanquinho", "celular e22", "celular e22 128gb", "celular oferta", "celular redmii 12", "celular+ roupeirp", "celular+ferro", "celular+fogao", "celular+mesa", "celular+tv oferta", "celulares", "centifuga", "centifuga e piscina", "centrifuga", "centrifuga 6kg", "centrifuga e antena elsys", "centrifuga e caixa de som", "centrifuga e mesa", "centrifuga e tanquinho", "centrifuga+lavadora", "chaleira", "chaleira e panela", "chaleira eletrica", "chapinha", "chapinha,toalha de banho,toalha de rosto", "cilindro", "cinj box e mesa", "cj mesa 6 cad", "cj mesa e smartphone", "climatizador", "climatizador e ventilador", "coj mesa 6 cadeiras", "colcao + base", "colcao, ventilador", "colchao", "colchao + Base box", "colchao + aspirador", "colchao + bASE", "colchao + base", "colchao + cama", "colchao + guarda roupa", "colchao +ventilador", "colchao e LIQUIDIFICADOR", "colchao e base", "colchao e box cama", "colchao e cabeceira", "colchao e cama", "colchao e roupeiro", "colchao e tampo de pia", "colchao e ventilador", "colchao+tv", "colchao, cozinha e tampo", "comoda", "comoda e mesa", "comoda e mesa de centro", "comoda e ventilador", "comoda/ventilador", "con box", "conj box", "conj box + balcao de pia", "conj box + conj de mesa", "conj box + frete", "conj box com 500,00 de entrada", "conj box com 700 de entrada", "conj box com 800 de entrada", "conj box e cabeceira", "conj box+cabaceira", "conj de mesa", "conj mesa", "conj mesa com 6 cadeiras", "conj mesa e balcao", "conj mesa e fritadeira eletrica", "conj mesa e penteadeira", "conj mesa e tv", "conj mesa/ fogao", "conj. box e colchao", "conj. box, roupeiro e secador", "conj.box", "conjunto box", "conjunto box e comoda", "conjunto box e moveis", "conjunto de mesa", "conjunto de mesa/ aparador/ home", "conjunto mesa", "conjunto mesa / box casal", "conjunto mesa e cadeira", "conjunto mesa/ painel", "cook top", "cook top balcao e balcao de pia", "cooktop", "cooktop + balcao", "cooktop + fogao lenha + frete", "cooktop 4b", "cooktop e depurador", "cooktop,bicicleta e tanquinho", "coonj. box, cabeceira, comoda liquidificador", "cootop e multi uso", "cortador de cabelo", "cozinh", "cozinha", "cozinha + bici + conj box + cabeceira + inox", "cozinha + frete", "cozinha + roupeiro e mesa", "cozinha 3 pecas", "cozinha completa", "cozinha e FOGAO", "cozinha e fogao", "cozinha e guarda roupa", "cozinha e mesa + tv", "cozinha e pia", "cozinha e roupeiro", "cozinha e tampo", "cozinha e uma fritadeira", "cozinha+box", "cozinha,estante,ferro", "cozinha/bicicleta", "cx de som", "eMAGRECIEMNTO FLEX 11 SEMANAS", "emagrecimento", "emagrecimento 8 semanas", "emagrecimento flex de 12 semanas", "enzima", "enzimas", "escova", "escova e radio", "escova modeladora", "escova secadora", "escrevainha", "escrivaninha", "estof + refrigerador  + cooktop", "estofado", "estofado + depurador + forno", "estofado + lavadora + grill", "estofado + tv", "estofado e roupeiro", "estofado of +celular", "fero", "ferro", "ferro de passar", "ferro+ventilador", "filler e botox", "fios", "fios + preenchimento", "fios, botox e preenchedores", "foeno eletrico", "fofao", "fogao", "fogao + celular", "fogao + forno eletrico", "fogao + freezer", "fogao + mesa", "fogao +tv", "fogao 4 bcs", "fogao 4 bocas", "fogao 4B", "fogao 4b", "fogao 5 bocas", "fogao a gas e a lenha", "fogao a lenha", "fogao e base cama", "fogao e celular", "fogao e chaleira", "fogao e colchao", "fogao e estofado", "fogao e forno", "fogao e lavadora", "fogao e liquidificador", "fogao e pia", "fogao e roupeiro", "fogao e sofa", "fogao+chamine", "fogao+fritadeira eletrica", "fogao+pia", "fogao, TANQUINHO", "fogao, caixa de som", "fogao, cozinha , balcao e pia", "fogao, geladeira, armario, balcao e pia", "fogao, ventilador", "fogao,fritadeira", "fogao,guarda roupa,balcao,painel,box", "formno + centrifuga", "forno", "forno + aspirador", "forno e celular", "forno eleletrico", "forno elet.", "forno eletrcio", "forno eletrico", "forno eletrico -+panela", "forno+micro+tanquinho", "forno+microndas", "forno+secador", "forno, armario", "forno, liquidificador e mesa", "fpgao", "freezer", "freezer + roupeiro", "freezer+balcao", "freezzer", "frezzer", "fritadeira", "fritadeira e cilindro massa", "fritadeira e panela", "fritadeira eletgrica", "fritadeira eletrica", "fritadeira+umidificador", "frizer", "frreser", "furadeira", "furradeira", "g roupa", "g. roupas", "geladaeira", "geladeira", "geladeira e cozinha", "geladeira e tanquinho", "geladeira tv", "geladeira+maq lavar", "geladeria", "geldeira", "guarda roupa", "guarda roupa e poltrona", "guarda roupa, mesa, balcao pia", "guarda roupa,churrasqueira eletrica", "guarda roupas", "guarda-roupa", "home e pia", "iPhone 11", "iPhone 11 64GB", "iPhone 12", "iPhone 13", "iPhone XR", "inox", "inox e mesa", "iphone", "iphone 11", "iphone 11 128gb", "iphone 11 64gb", "iphone 11 64gb (seminovo)", "iphone 11 pro", "iphone 11 pro 256gb", "iphone 12", "iphone 12 128gb", "iphone 12 pro", "iphone 12 pro max", "iphone 13", "iphone 13 pro max", "iphone 14", "iphone 8", "iphone 8 plus", "iphone x", "iphone xr", "janela", "jg cozinha/ beliche", "jogo cozinha + sofa", "jogo de cozinha", "jogo de cozinha /fogao/ sugar", "jogo de cozinha+sofa", "jogo de mesa", "jogo de mesa e armarios de cozinha", "jogo de mesa, box casal e cabeceira", "jogo de panela", "jogo de panelas", "jogo de panelas e microondas", "jogo de sofa", "jogo mesa", "jogo panela", "jogo panelas", "kit cozinha", "kit cozinha + conj box", "kit cozinha + tgampo", "kit cozinha, balcao, mesa", "kit de cozinha", "kit e balcao de pia", "kit e lavadora", "kit relacao , caixa direcao moto", "kit relacao today", "laser", "lava jatto + celular", "lavadorA", "lavadora", "lavadora + panelas + liquidificador + batedeira", "lavadora - CAICXA DE SOM", "lavadora 10 kl", "lavadora 11kg", "lavadora 12kg", "lavadora 14 kg", "lavadora 14 kg electrolux", "lavadora 17 + frete", "lavadora 17kg", "lavadora de 11kg", "lavadora de roupas", "lavadora e balcao", "lavadora e centrifuga", "lavadora e fogao", "lavadora e forno", "lavadora e geladeira", "lavadora e roupeiro", "lavadora e tanquinho", "lavadora e tv", "lavadora e tv e celular", "lavadora e ventilador", "lavadora oferta", "lavadora+ microondas", "lavadora+centrifuga", "lavadora+chaleira+ventilador", "lavadora+piscina", "lavadora, centrifuga e fogao", "lavadora9", "lavadoura", "lavadoura 10 kg", "lavadoura 15 kg e batedeira", "lavadoura de roupas", "lavajato e aspirador", "lavodora", "liq chaleira", "liqidifuicado", "liqui + chaleira", "liquidifiacdor", "liquidificador", "liquidificador TV E CELULAR", "liquidificador arno", "liquidificador e batedeira", "liquidificador e brinco", "liquidificador e caixa termica", "liquidificador e jogo talheres", "liquidificador e panela", "liquidificador e ventilador", "liquidificador, chaleira e garrafa termica", "liquidificador,batedeira maquiuna de cabelo", "liquidificadort e sanduicheira", "liquidiificador", "liquificador", "lliquidificador", "luiqui+batedeira", "luiquidiificador", "mMOVEIS", "maqina", "maquina", "maquina de lavar", "maquina lavar", "maquina, kit", "maquina\u00b4", "maquita", "maquita e aparador", "maquita/parafusadeira", "materia de contrucao", "materiais", "materiais  de construcao", "materiais de constrcucao", "materiais de constriucao", "materiais de construcao", "materiais de construcaoi", "materiais de construcaso", "materiais de contrucao", "materiais de copnstrucao", "material", "material bruto", "material de construcao", "materias", "mesa", "mesa +pia+painel", "mesa , painel", "mesa 4 cadeiras", "mesa 4 cadeiras, tanquinho", "mesa 6 cadeiras", "mesa c 4 cad", "mesa c 4 cadeiras", "mesa c/ 6 cadeiras", "mesa com 4 cad", "mesa com 4 cadeiras", "mesa e 6 cadeiras", "mesa e cadeira", "mesa e cadeira de praia", "mesa e cadeiras", "mesa e cadeiras balcao cuba de pia", "mesa e cozinha", "mesa e cuba de pia", "mesa e estofado", "mesa e fogao", "mesa e micro- ondas", "mesa e tablet", "mesa e tanquinho", "mesa+ armario", "mesa+ cadeiras + COOKTOP", "mesa+balcao", "mesa+cadeiras", "mesa+cozinha", "mesa+lavadora", "micoondas", "micoondas, forno", "micro", "micro ondas", "micro+ferrro", "micro-ondas", "microomdas", "microondas", "microondas e forno", "microondas e paneleiro", "microondas e tv", "microondas+ caixa de som", "moto", "moto e 20", "moto e 22", "moto e20", "moto g 22", "motorola E22", "motorola e22", "motorola g 22", "motorola g20", "motorola g22", "motorola g32 e alexa", "motorola g53", "motorola g62 5g", "motoserra", "moveis", "moveis em geral", "multiuso + cooktop", "multiuso + mesinha + cabeceira", "multiuso e balcao", "multiuso e cabeceira", "multiuso e piscina", "multiuso e pisina", "multiuso e sanduicheira", "neu + multiuso", "notboock", "notbook", "notebbok", "notebook", "notebook + cel", "notebook + ferro", "pacote procedimentos est\u00e9tico", "painel", "painel / colchao", "painel / cristaleira", "painel e travesseiro", "painel e tv", "painel tv", "painel+ tv", "painel+micro-ondas", "painel, penteadeira, cabeceira", "painel/ multi uso", "panelA", "panela", "panela + sanduicheira", "panela de arroz", "panela de presao", "panela de pressao", "panela e armario banheiro", "panela e celular", "panela pressao", "panela pressao + leiteira + chaleira", "panelas", "paneleiro e liquidificador", "paneliro e armario", "parafusadeira", "parafusadeira e panela", "passadeira", "peneu", "penteadeira", "perfect + botox", "perfect gluteo", "perfect gluteos", "peu", "pia", "pia + balcao", "pia e balcao", "pia+cama+roupeiro+balcao", "pia/balcao", "picina", "piscina", "piscina e chaleira", "piscina e cooller", "pneu", "pneu (04)", "pneu e balcao", "pneu e roda carriola", "pneu+ ventilador", "pneus", "pneus de carro e bateria", "poltrona", "prancha", "preemchimento", "preenchimento", "preenchimento  de queixo , enzimas", "preenchimento de olheira e botox", "preenchimento e fios", "preenchimento labial", "preenchimento malar", "preenchimentos", "preenchimentos + botox + fios", "procediementos esteticos", "procedimento", "procedimento estetico", "procedimento est\u00e9tico", "procedimento est\u00e9ticos", "procedimentos estetico", "procedimentos est\u00e9ticos", "produtos esteticos", "proedimentos esteticos", "psina", "rack", "rack + panela", "rack e balcao", "rack e painel", "rack+painel", "radio", "radio+fritadeira+ventilador", "raiamento , capa banco , bengala", "receptor", "receptor elsys + painel + suporte", "receptor+TV", "redmi 10a", "redmi a1", "refrigerador", "refrigerador  COM 1500 DE ENTRADA", "refrigerador + tv", "refrigerador COM 2,700 DE ENTRDADA", "refrigerador COM 500,00 D ENTRADA", "refrigerador COM 800,00 DE ENTRADA", "refrigerador E SOFA", "refrigerador com 1000 de entrada", "refrigerador com 2000,00 de entrada", "refrigerador com 500 de entrada", "refrigerador e antena", "refrigerdaor", "rfrigerador", "rocadeia", "rocadeira", "rocadeira 42,cc", "rocadeira 500entrada", "rocadeira 51,cc", "ropeiro", "ropeiro ,balcao....", "rouepeiro", "roup", "roupei", "roupeiro", "roupeiro  e rack", "roupeiro + base", "roupeiro + kit cozinha", "roupeiro / mesa", "roupeiro 6 portas", "roupeiro e base", "roupeiro e box", "roupeiro e cabeceira", "roupeiro e cama", "roupeiro e cama box", "roupeiro e colchao", "roupeiro e comoda", "roupeiro e conj box", "roupeiro e forno", "roupeiro e multiuso", "roupeiro e secador", "roupeiro+mesa", "roupeiro+piscina", "roupeiro, cozinha e fogao", "roupeiro, liquidificador , centrijuga", "roupeiro, painel,balcao", "roupeiro/ conj box", "roupeiro/ conj box / cabeceira", "roupeiro/ conj box/cabeceira", "roupeiro/comoda", "roupeiros", "roupeirp", "rouperio", "roupero", "roupero e balcao de pia", "samsung A04e", "samsung a 04 e", "samsung a03 core", "samsung a03core", "samsung a04e", "samsung a13", "samsung a14", "samsung a23", "samsung a33", "samsung a54", "samsung s21", "sanduicheira", "sanduicheira + liquidificador", "sanduicheira,grill", "secador", "secador cabelo", "secador de cabelo", "secador de cabelos", "secador e chaleira", "secador e panela", "secador, balcao, poltrona", "secador, escova, ventilador, panela", "secadorA", "secadora", "secadora  oferta", "secadora de roupas", "smart phone", "smart tv 32 samsung", "smartphone", "sofa", "sofa + tv + KIT COZINHA + FRETE", "sofa 2,30", "sofa 2,50M", "sofa e roupeiro", "sofa+refrigerador", "sofa, panela", "som", "tablet", "tablet e ventilador", "tablete", "tampo", "tamquinho", "tankinho", "tanquinhio", "tanquinho", "tanquinho ,centrifuga", "tanquinho com 600,00 de entrada", "tanquinho e centrifuga", "tanquinho e colchao", "tanquinho e lavadora", "tanquinho e liquidificador", "tanqyuinho", "taquinho, microondas", "televisao", "televisao+ antena", "televisor", "tratamento", "tratamento est\u00e9tico", "tv , ar condicionado", "tv /fogao", "tv e antena", "tv e balcao", "tv e estofado", "tv e fogao", "tv e microondas", "tv e painel", "tv e refrigerador", "tv e ventilador", "tv lavadora", "tv oferta", "tv oferta+fogao", "tv piscina", "tv sofa e geladeira", "tv+ piscina", "tv+antena", "tv, painel", "tyampo", "um roupeiro 6 portas", "umidifica, panela de arroz", "vendilador", "ventilado", "ventilador", "ventilador + celular", "ventilador + secador", "ventilador , arfryer", "ventilador / garrafa termica", "ventilador e liquidificador", "ventilador e piscina", "ventilador+caixa som", "ventilador, secador, escova secadora", "ventilador,balcao", "violao", "wap"], ["Feminino", "Masculino", "Outro"], ["Alugada", "Propria"], ["Casado", "Divorciado", "Separado", "Solteiro", "Viuvo"], ["APOSENTADO", "ASSALARIADO", "AUTONOMO  ", "EMPRESARIO", "FUNCIONARIO PUBLICO ", "MILITAR   ", "OUTRAS    ", "PENSIONISTA", "PROFISSIONAL LIBERAL", "RURAL     "], ["-", "11 Anos", "2 Sargento Pm", "2 Tenente", "3 Vigio", "3Osargento", "A De Mandioco", "A Producao", "Abate", "Abatedor", "Ac De Producao", "Acabador De Emb", "Acabamento", "Acabamento De P", "Acabamentos", "Acabemntisto", "Ace", "Acessor", "Acessor Palamen", "Acessora Juridi", "Acessora Parlam", "Acessora Prefei", "Acessoria De Go", "Acessorio", "Acessoristo", "Acessoro", "Acogueiro", "Acompanhante", "Acompanhante Id", "Acompanhate", "Acoqueiro", "Acougeuiro", "Acougue", "Acougueiro", "Acs", "Acuputuristo", "Ad", "Adbogado", "Adesivador", "Adestrador", "Adestradoro", "Adiador", "Adiministracao", "Adiministrador", "Adiministradoro", "Adiministrativo", "Adimisitradoro", "Adivogado", "Adm", "Adm  Fat Fiscal", "Adm Diretoro", "Adm Financeiro", "Adm-Rh", "Adm/Dono", "Adm/Prop", "Admi", "Adminiatrativo", "Adminisrativo", "Administracao", "Administradoo", "Administrador", "Administradoro", "Administratico", "Administrativo", "Administro", "Administrtico", "Adminitrador", "Adminitradoro", "Adminstracao", "Adminstrativo", "Admistrador", "Admistradoro", "Admistrativo", "Admnistracao", "Admnistradoro", "Admnistrativo", "Adrm", "Advogada Propri", "Advogado", "Advogado Orient", "Advogdo", "Aeromoco", "Aeroportuario", "Afastada Do Tro", "Afiador", "Afilhadoro", "Afinador", "Afinador De Met", "Afretador", "Africultoro", "Afro Incubatori", "Ag Adm Educacio", "Ag Aeroporto", "Ag Ambiental", "Ag Apoio", "Ag Comunitario", "Ag De Aeroporto", "Ag De S Seg Edu", "Ag De Saude", "Ag De Viagem", "Ag Edu I", "Ag Educacional", "Ag Higienizacao", "Ag Operacional", "Ag Peninteciari", "Ag Penitenciari", "Ag Seg Penit", "Ag Turismo", "AgComunitario", "Agde Saniamento", "Agenda Da Saude", "Agenda De Saude", "Agende De Apoio", "Agende De Endem", "Agende De Saude", "Agende De Segur", "Agende Endemias", "Agende Funerari", "Agent Comercial", "Agente", "Agente 1", "Agente Adm", "Agente Admi", "Agente Administ", "Agente Aero", "Agente Aeroport", "Agente Apoio", "Agente C Saude", "Agente Comuniro", "Agente Comunito", "Agente Da Infan", "Agente De Aerop", "Agente De Alime", "Agente De Apoio", "Agente De Cadas", "Agente De Call", "Agente De Combo", "Agente De Endem", "Agente De Higen", "Agente De Limpe", "Agente De Necro", "Agente De Negoc", "Agente De Opero", "Agente De Orgaz", "Agente De Pesqu", "Agente De Porto", "Agente De Produ", "Agente De Prote", "Agente De Proto", "Agente De Saude", "Agente De Servi", "Agente De Telem", "Agente De Vendo", "Agente De Vetor", "Agente De Viage", "Agente Defeso", "Agente Dos Corr", "Agente Educaci", "Agente Educacio", "Agente Endemias", "Agente Escolar", "Agente Fazendar", "Agente Funerari", "Agente Operacio", "Agente Peniteci", "Agente Penitenc", "Agente Policial", "Agente Portario", "Agente Saude", "Agente Se Servi", "Agente Seguranc", "Agente Social", "Agente Tecnico", "Agente Teleaten", "Agentedeproteco", "Agentes Funerar", "Aget Da Dengue", "Agri E Aposento", "Agricolo", "Agricul", "Agricul,Pedreir", "Agricultar", "Agricultor", "Agricultora E V", "Agricultora Rur", "Agricultora/ Au", "Agricultoraeloi", "Agricultoro", "Agricultu Diari", "Agricultuo", "Agricultura Em", "Agricultura Fam", "Agriculturo", "Agriculuro", "Agricutor", "Agricutoro", "Agrilcultoro", "Agrioculturo", "Agronomo", "Agropecuar", "Agropecuario", "Agropecuaristo", "Aguicultor", "Aipim", "Aiux De Limpezo", "Aixiliar De Pro", "Aj Acogueiro", "Aj Agropecuari", "Aj De Confeccao", "Aj De Guinchame", "Aj De Marce", "Aj De Motorist", "Aj De Motoristo", "Aj Geral", "Aj Industrial", "Aj Motoristo", "Aj Pedreiro", "Aj Producao", "Aju De Cozinho", "Aju Industrial", "Ajud  Cozinho", "Ajud Cozinho", "Ajud De Armazem", "Ajud De Infrae", "Ajud De Mot", "Ajud E Mot", "Ajud Florestal", "Ajud Geral", "Ajud Motoristo", "Ajud Producao", "Ajud Producao 3", "AjudSer Gerais", "Ajuda Motoristo", "Ajudande De Mot", "Ajudant De Obro", "Ajudante", "Ajudante Caminh", "Ajudante Coz", "Ajudante Cozinh", "Ajudante De Arm", "Ajudante De Cam", "Ajudante De Car", "Ajudante De Coz", "Ajudante De Enf", "Ajudante De Ent", "Ajudante De Lim", "Ajudante De Man", "Ajudante De Maq", "Ajudante De Mot", "Ajudante De Ped", "Ajudante De Pro", "Ajudante De Ser", "Ajudante Flores", "Ajudante Geral", "Ajudante Motori", "Ajudante Pedrei", "Ajudante Placo", "Ajudante Produc", "Ajudante Producao", "Ajudante Ser Ge", "Ajudo", "Ajustador 4", "Al Imoveis + A", "Alfaiate", "Alfaiatye", "Ali De Produco", "Alim De Produco", "Alimentacao", "Alimentador", "Alimentador De", "Alimentadora De", "Alimentadoro", "Alimenticio", "Almocharifado", "Almocharife", "Almocherifado", "Almoxarifado", "Almoxarife", "Almoxerifado", "Almoxerife", "Almoxerifo", "Alpinista Predi", "Aluga Casas", "Aluga Caso", "Alugueis", "Aluguel", "Aluguel Caso", "Aluguel De Caso", "Aluguel De Imov", "Aluguel Imoveis", "Alx Gerais Limp", "Ambulante", "Aministrativo", "Amocherifado", "Amoxerifado", "Amparo", "Amparo+Autonomo", "An De Marketin", "An Dep Pessoal", "Anal De Credito", "Anal De Sistem", "Anal Judiciari", "Anal Licitacoes", "Anal Producao", "Anal Superior 1", "AnalComercio", "Anala Projetos", "Analise De Sist", "Analist Contabi", "Analist Finance", "Analist Froto", "Analist Qualido", "Analist Sistemo", "Analista 2", "Analista Adm", "Analista Admini", "Analista Ambien", "Analista Autono", "Analista Com", "Analista Comerc", "Analista Compro", "Analista Contab", "Analista Conto", "Analista D Jun", "Analista De Adm", "Analista De Aqu", "Analista De Arm", "Analista De Cob", "Analista De Com", "Analista De Con", "Analista De Cre", "Analista De Dad", "Analista De Dep", "Analista De Est", "Analista De Fat", "Analista De Geral", "Analista De Imp", "Analista De Lab", "Analista De Log", "Analista De Neg", "Analista De Ope", "Analista De Pcd", "Analista De Pcp", "Analista De Pro", "Analista De Rh", "Analista De Ris", "Analista De Seg", "Analista De Sis", "Analista De Sup", "Analista De Vendas", "Analista Design", "Analista Dp", "Analista E Cobr", "Analista Export", "Analista Financ", "Analista Fiscal", "Analista G Q", "Analista Logist", "Analista M Soci", "Analista Mark", "Analista Operac", "Analista P", "Analista Pleno", "Analista Projet", "Analista Qualid", "Analista Recebi", "Analista Recurs", "Analista Rh", "Analista Senior", "Analista Sistem", "Analista Solftw", "Analista Tec", "Analista Tecnic", "Analista Ti", "Analista Transp", "Analista Tribut", "Analista Vpr", "Analisto", "Analsta Qualido", "Anaslista De Rh", "Anaslista Fisco", "Anaslista Rh", "Anaslisto", "Anestesisto", "Anl De Comunico", "Anlista Dep Pes", "Aosentado", "Ap", "Ap De Grampeade", "Ap De Producao", "Aplicadoro", "Apo", "Apoentado", "Apoesentada/Pen", "Apoio", "Apoio Desosso", "Apoio Escolar", "Apoio Operacion", "Apoio Pedagogic", "Apokan", "Apon- De Produc", "Aponsentado", "Apont De Producao", "Apontador", "Apoosentado", "Apos + Pensioni", "Apos /Agricult", "Apos /Agricultu", "Apos /Pens", "Apos /Pensio", "Apos /Serrador", "Apos /Vendedoro", "Apos E Pens", "Apos E Pensao", "Apos E Prop", "Apos Rural", "Apos+ Oper Maqu", "Apos+Viuves", "Apos/Auxiliar Acab", "Apos/Pens", "Apos/Pensao", "Apos/Servicos Gerai", "Aposaentado", "Aposantado", "Apose", "Apose+Cuidadoro", "Apose+Diarsito", "Apose/Diaristo", "Aposebtado", "Aposen", "Aposen E Alugue", "Aposen E Pensio", "Aposen+ Prof", "Aposenatado", "Aposenatdo", "Aposendurio", "Aposenntado", "Aposent", "Aposent E Costu", "Aposent E Pensi", "Aposent+ Pens", "Aposent-Pension", "Aposenta/Vended", "Aposentad", "Aposentad0", "Aposentada  Emp", "Aposentada Ae", "Aposentada Agri", "Aposentada E Di", "Aposentada E Fo", "Aposentada E Pe", "Aposentada Inss", "Aposentada Penc", "Aposentada/Dome", "Aposentada/Lojo", "Aposentada/Pens", "Aposentadac", "Aposentadacarlo", "Aposentadao", "Aposentadi", "Aposentado", "Aposentado - 42", "Aposentado Invo", "Aposentado/Carp", "Aposentado/Lavo", "Aposentado/Moto", "Aposentadob", "Aposentadoin", "Aposentadoo", "Aposentadorio", "Aposentadorua D", "Aposentadp", "Aposentadpo", "Aposentadurio", "Aposentando", "Aposentario", "Aposentasdo", "Aposentdo", "Aposentrado", "Aposenyado", "Aposetado", "Aposetando", "Aposnetado", "Aposntado", "Apossentado", "Apsentado", "Apsoentado", "Ap\u00b4", "Area Da Limpezo", "Area Da Saude", "Area Rual", "Argamasso", "Armador", "Armador De Estr", "Armador De Ferr", "Armador Ferrage", "Armazenagem", "Armazenisto", "Arquiteto", "Arquivisto", "Arr Mandioco", "Arranca Mandioc", "Arrendamento", "Arrendatario", "Arrumadeiro", "Arrumador", "Arte Finalisto", "Artefatos", "Artefinalisto", "Artesa/ SerGeral", "Artesan", "Artesanato", "Artesanato Croc", "Artesanatos", "Artesao", "Arteso", "Artezanato", "Artezo", "As Administrat", "As Faturamento", "As Parlamentar", "AsFaturam Adm", "Asb", "Asfalteiro", "Asg", "Asist Adm", "Asistente Adm", "Asistente Admt", "Asistente Finan", "Asministrativo", "Ass", "AssComDevendo", "AssFinanceiro", "Assalariado", "Assalisto", "Assalriado", "Assesor", "Assesora Parlam", "Assesoro", "Assessor", "Assessor Adm", "Assessor De Ati", "Assessor Palame", "Assessora Admin", "Assessora Jurid", "Assessora Parti", "Assessora Pedag", "Assessora Vereo", "Assessoria Juri", "Assessoro", "Assis Adm", "Assis Administ", "Assis Admistro", "Assis Admnistro", "Assis Cobranco", "Assis Comercial", "Assis Comunitar", "Assis De Meio A", "Assis De Producao", "Assis Dp Pessoo", "Assis Finance", "Assis Financeir", "Assis Fotografo", "Assis Froto", "Assis Qual", "Assis Qualidade", "Assis Rh", "Assis Social", "AssisComercial", "Assist Adm", "Assist Administ", "Assist Adminit", "Assist Comerc", "Assist Comerci", "Assist Compras", "Assist De Compr", "Assist De Esti", "Assist De Estoq", "Assist De Manuf", "Assist De Manut", "Assist De Pintu", "Assist De Proj", "Assist Depart", "Assist Desenvol", "Assist Estilo", "Assist Financ", "Assist Financei", "Assist Logistic", "Assist Peniten", "Assist Social", "Assiste De Proc", "Assiste Social", "Assisten Social", "AssistenSocial", "Assistencio", "Assistent Adm", "Assistente", "Assistente  Fis", "Assistente  Producao", "Assistente Adim", "Assistente Adm", "Assistente Admi", "Assistente Admin", "Assistente Administrat", "Assistente Administro", "Assistente Admn", "Assistente Aud Contas", "Assistente Come", "Assistente Comercial", "Assistente Comunicaco", "Assistente Cont", "Assistente Cont/ Fisco", "Assistente Controle Qu", "Assistente Cultural Ii", "Assistente D Rh", "Assistente De Cobranco", "Assistente De Ecommerc", "Assistente De G", "Assistente De L", "Assistente De N", "Assistente De O", "Assistente De Q", "Assistente De R", "Assistente De S", "Assistente De Sala De", "Assistente De V", "Assistente De Vendas", "Assistente Ecom", "Assistente Eng", "Assistente Fatu", "Assistente Finan", "Assistente Financeiro", "Assistente Fino", "Assistente Fiscal", "Assistente Hosp", "Assistente Iii", "Assistente Juri", "Assistente Juridico", "Assistente Labo", "Assistente Leg", "Assistente Limpezo", "Assistente Logistico", "Assistente Lojo", "Assistente Marketing", "Assistente Operacao", "Assistente Operaciono", "Assistente Pedo", "Assistente Petr", "Assistente Planejamen", "Assistente Producao", "Assistente Qualidade", "Assistente Recu", "Assistente Relo", "Assistente Rh", "Assistente S/ C", "Assistente Soci", "Assistente Social", "Assistente Tec", "Assistente TecAdm", "Assistente Tecn", "Assistente Vendas", "Assistentecrm", "Assistnte Come", "Assit Adm", "Assit Social", "Assitencia Pess", "Assitente", "Assitente Adm", "Assitente Admi", "Assitente Admin", "Assitente De Co", "Assitente De Pl", "Assitente De Ve", "Assitente Educo", "Assitente Finan", "Assitente Logis", "Assitente Socio", "Assoria Juridic", "Asssistente De", "Astrologa E Car", "Asulejisto", "At Agriculturo", "At Balcao", "At De Lanchonet", "At De Padario", "At Farmacio", "At Restaurante", "Atedente", "Atelie", "Aten Educativo", "Aten Professoro", "Atend", "Atend De Farmac", "Atend De Serv", "Atend Sinistro", "Atenden Consult", "Atendende", "Atendendente", "Atendendte", "Atendent Lojo", "Atendente", "Atendente 190", "Atendente Aluno", "Atendente Balco", "Atendente Cobro", "Atendente Com", "Atendente Comer", "Atendente De", "Atendente De As", "Atendente De Ch", "Atendente De Co", "Atendente De Cr", "Atendente De Fo", "Atendente De Id", "Atendente De Lo", "Atendente Deliv", "Atendente Educo", "Atendente Exper", "Atendente Farm", "Atendente Farmo", "Atendente Geral", "Atendente Lojo", "Atendente Medic", "Atendente Nutri", "Atendente Telem", "Atendente/Propr", "Atendentedivo", "Atendimento", "Atente Portario", "Atentente", "Atleta - Canoag", "Atleto", "Atonomo", "Ator", "Atriz", "Atriz E Modelo", "Atv Da Agricult", "Au", "Au Cozinho", "Au Dentisto", "Au Producao", "Au Servicos Geral", "Aucr De Limpezo", "Aucx Producao", "Aud Adm", "Auditor Fiscal", "Auditora Intern", "Auditoria De Co", "Auditorio", "Auditoro", "Auliliar", "Aumocherifado", "Aumoxarifado", "Aunx De Cobranc", "Aut Salg", "Autnomo", "Auto", "Auto Nomo", "Auto Pecas", "Automo", "Automomo", "Automono", "Autonamo", "Autonmo", "Autonoma Tambem", "Autonoma/Cabele", "Autonoma0", "Autonomalindi", "Autonomo", "Autonomp", "Autonono", "Aux", "Aux, De Eventos", "Aux,De Servicos", "Aux,Producao", "Aux/Limpezo", "AuxAdm", "AuxAdministrat", "AuxCozinho", "AuxDe Escritor", "AuxDe Producao", "AuxEnfermagem", "AuxEscritorio", "AuxFinanceiro", "AuxIdoso/ Prof", "AuxLaboratorio", "AuxLimpezo", "AuxOpr Logisti", "AuxProducao", "AuxSerGerais", "AuxServicos Gerais", "Auxde Producao", "Auxde Servicos Gero", "Auxi", "Auxi De Enferm", "Auxi De Limpezo", "Auxi Financeiro", "Auxi Limpezo", "Auxi Pedreiro", "Auxi Producao", "AuxiDe Dentist", "AuxiFinanceiro", "AuxiVendas", "Auxialiar De Po", "Auxiiar De Gero", "Auxiiar De Producao", "Auxil Cozinho", "Auxilair De Exp", "Auxilar", "Auxilar Cartori", "Auxilar De Empo", "Auxilar De Escr", "Auxilar De Producao", "Auxilar Geral", "Auxili Flores", "Auxili Gerais", "Auxilia De Conz", "Auxilia De Producao", "Auxiliae Admini", "Auxiliae De Pro", "Auxiliar", "Auxiliar  Acidente", "Auxiliar  Admin", "Auxiliar  Costuro", "Auxiliar  Cozinho", "Auxiliar  De Envase", "Auxiliar  De Li", "Auxiliar  De Se", "Auxiliar  De Servico", "Auxiliar  Geral", "Auxiliar  Limpezo", "Auxiliar  Padario", "Auxiliar  Producao", "Auxiliar /Estagiario", "Auxiliar Abastecimen", "Auxiliar Abate", "Auxiliar Acabamento", "Auxiliar Acid", "Auxiliar Acogue", "Auxiliar Acougueiro", "Auxiliar Ad", "Auxiliar Adim", "Auxiliar Adimin", "Auxiliar Adiministr", "Auxiliar Adiministro", "Auxiliar Adm", "Auxiliar Admi", "Auxiliar Admin", "Auxiliar Admini", "Auxiliar Adminis", "Auxiliar Administ", "Auxiliar Administrat", "Auxiliar Administrati", "Auxiliar Administro", "Auxiliar Administrti", "Auxiliar Adminitrati", "Auxiliar Adminitstro", "Auxiliar Adminstrati", "Auxiliar Admint", "Auxiliar Adminv", "Auxiliar Admisn", "Auxiliar Admisnistro", "Auxiliar Admist", "Auxiliar Admistrativ", "Auxiliar Admnis", "Auxiliar Aeroporto", "Auxiliar Agricolo", "Auxiliar Almox", "Auxiliar Almoxarif", "Auxiliar Almoxarifad", "Auxiliar Almoxarife", "Auxiliar Almoxerifo", "Auxiliar Amd", "Auxiliar Autopsio", "Auxiliar Avicolo", "Auxiliar Barmam", "Auxiliar Biblioteco", "Auxiliar Brasil", "Auxiliar Cabele", "Auxiliar Campo De Cr", "Auxiliar Carga E Des", "Auxiliar Cargas", "Auxiliar Cargo", "Auxiliar Cartorio", "Auxiliar Classe", "Auxiliar Cobranco", "Auxiliar Comer", "Auxiliar Comerc", "Auxiliar Comercio", "Auxiliar Confei", "Auxiliar Confeitario", "Auxiliar Confeiteiro", "Auxiliar Contab", "Auxiliar Contabeis", "Auxiliar Contabil", "Auxiliar Contabilid", "Auxiliar Contabilido", "Auxiliar Contadoro", "Auxiliar Cordenacao", "Auxiliar Corte", "Auxiliar Costuro", "Auxiliar Coz", "Auxiliar Cozinh", "Auxiliar Cozinheiro", "Auxiliar Cozinho", "Auxiliar Cpd", "Auxiliar Creche", "Auxiliar Crecre", "Auxiliar Creden", "Auxiliar D Processos", "Auxiliar D Producao", "Auxiliar D Servi Geral", "Auxiliar De", "Auxiliar De  Es", "Auxiliar De Acougue", "Auxiliar De Acouguei", "Auxiliar De Adm", "Auxiliar De Ali", "Auxiliar De Aliment", "Auxiliar De Almox", "Auxiliar De Arm", "Auxiliar De Armazenag", "Auxiliar De Atend", "Auxiliar De C", "Auxiliar De Cabeleir", "Auxiliar De Cabelere", "Auxiliar De Cadastro", "Auxiliar De Caixo", "Auxiliar De Car", "Auxiliar De Cargo", "Auxiliar De Cartorio", "Auxiliar De Cd", "Auxiliar De Classe", "Auxiliar De Clo", "Auxiliar De Compras", "Auxiliar De Con", "Auxiliar De Confe", "Auxiliar De Confeit", "Auxiliar De Confeite", "Auxiliar De Confeito", "Auxiliar De Contabi", "Auxiliar De Cop", "Auxiliar De Corte", "Auxiliar De Cos", "Auxiliar De Cosinho", "Auxiliar De Costurei", "Auxiliar De Costuro", "Auxiliar De Coz", "Auxiliar De Cozi", "Auxiliar De Cozinho", "Auxiliar De Cre", "Auxiliar De Creche", "Auxiliar De Cuidador", "Auxiliar De De", "Auxiliar De Dentisto", "Auxiliar De Dep", "Auxiliar De Des", "Auxiliar De Edu Info", "Auxiliar De Educaco", "Auxiliar De Eletreci", "Auxiliar De Enf", "Auxiliar De Enfermag", "Auxiliar De Enfermo", "Auxiliar De Ensaque", "Auxiliar De Ensino", "Auxiliar De Ent", "Auxiliar De Entrego", "Auxiliar De Esc", "Auxiliar De Escolo", "Auxiliar De Escr", "Auxiliar De Escrit", "Auxiliar De Escrito", "Auxiliar De Escritor", "Auxiliar De Escritori", "Auxiliar De Est", "Auxiliar De Estoque", "Auxiliar De Exp", "Auxiliar De Exped", "Auxiliar De Expedico", "Auxiliar De Exportac", "Auxiliar De Fab", "Auxiliar De Far", "Auxiliar De Farmacio", "Auxiliar De Finger", "Auxiliar De Folh Pag", "Auxiliar De Gab", "Auxiliar De Gerente", "Auxiliar De Hig", "Auxiliar De Higieniz", "Auxiliar De Informat", "Auxiliar De Inspecao", "Auxiliar De Inspeco", "Auxiliar De Jardinag", "Auxiliar De Juiz", "Auxiliar De Lab", "Auxiliar De Laborat", "Auxiliar De Laborato", "Auxiliar De Lavanderi", "Auxiliar De Lim", "Auxiliar De Limp", "Auxiliar De Limpezo", "Auxiliar De Log", "Auxiliar De Logistic", "Auxiliar De Loj", "Auxiliar De Lojo", "Auxiliar De Man", "Auxiliar De Manutenc", "Auxiliar De Maq", "Auxiliar De Maquinas", "Auxiliar De Mar", "Auxiliar De Mec", "Auxiliar De Mecanico", "Auxiliar De Meio Amb", "Auxiliar De Mkt", "Auxiliar De Mon", "Auxiliar De Montagem", "Auxiliar De Mot", "Auxiliar De Odontolo", "Auxiliar De Ope", "Auxiliar De Operaco", "Auxiliar De P", "Auxiliar De Pad", "Auxiliar De Padario", "Auxiliar De Pes", "Auxiliar De Pessoo", "Auxiliar De Pintor", "Auxiliar De Pizzaiol", "Auxiliar De Prc", "Auxiliar De Prep De", "Auxiliar De Prepa De", "Auxiliar De Pro", "Auxiliar De Prod 2", "Auxiliar De Prod De", "Auxiliar De Produ", "Auxiliar De Produc", "Auxiliar De Producai", "Auxiliar De Producao", "Auxiliar De Produco", "Auxiliar De Professo", "Auxiliar De Pruducao", "Auxiliar De Qualido", "Auxiliar De Rampo", "Auxiliar De Recebim", "Auxiliar De Recepcao", "Auxiliar De Red", "Auxiliar De Ref", "Auxiliar De Rh", "Auxiliar De S", "Auxiliar De Sal", "Auxiliar De Salgadei", "Auxiliar De Salo", "Auxiliar De Sau Buc", "Auxiliar De Saude", "Auxiliar De Saude Bu", "Auxiliar De Sei", "Auxiliar De Ser", "Auxiliar De Ser G", "Auxiliar De Ser Gero", "Auxiliar De Serv", "Auxiliar De Servicao", "Auxiliar De Servico", "Auxiliar De Servicoge", "Auxiliar De Servicos", "Auxiliar De Servicos Geral", "Auxiliar De Sev", "Auxiliar De Sv", "Auxiliar De Tecelao", "Auxiliar De Telecomu", "Auxiliar De Ti", "Auxiliar De Topograf", "Auxiliar De Tro", "Auxiliar De Vendas", "Auxiliar De Veterino", "Auxiliar Decoracao", "Auxiliar Dentis", "Auxiliar Dentisto", "Auxiliar Depart", "Auxiliar Departament", "Auxiliar Departamment", "Auxiliar Deposito", "Auxiliar Dequalidade", "Auxiliar Desevo", "Auxiliar Doenco", "Auxiliar Dxe Servic", "Auxiliar E Fiscal", "Auxiliar Ect Fiscal", "Auxiliar Educ Inf", "Auxiliar Educacio", "Auxiliar Educacional", "Auxiliar Eletricisto", "Auxiliar Eletronico", "Auxiliar Encaixotame", "Auxiliar Enf", "Auxiliar Enferm", "Auxiliar Enfermagem", "Auxiliar Engarregado", "Auxiliar Escolar", "Auxiliar Escrit", "Auxiliar Escritorio", "Auxiliar Escriturar", "Auxiliar Escrtiorio", "Auxiliar Espedicao", "Auxiliar Expedi", "Auxiliar Expedicao", "Auxiliar Expedicoo", "Auxiliar Expencao", "Auxiliar Farmac", "Auxiliar Farmacio", "Auxiliar Faturamento", "Auxiliar Faturo", "Auxiliar Financ", "Auxiliar Financeiro", "Auxiliar Fiscal", "Auxiliar Flores", "Auxiliar Florestal", "Auxiliar Gerais", "Auxiliar Geral", "Auxiliar Governanci", "Auxiliar Higenizacao", "Auxiliar Higienizaco", "Auxiliar Hotelario", "Auxiliar Hotelo", "Auxiliar Implantacao", "Auxiliar Implatacao", "Auxiliar Incubatori", "Auxiliar Ind", "Auxiliar Insp Fede", "Auxiliar Inspe Feder", "Auxiliar Instal", "Auxiliar Judici", "Auxiliar Juridi", "Auxiliar Juridico", "Auxiliar Laboratori", "Auxiliar Laboratorio", "Auxiliar Laboro", "Auxiliar Lar", "Auxiliar Latoeiro", "Auxiliar Lavanderio", "Auxiliar Limp", "Auxiliar Limpez", "Auxiliar Limpezo", "Auxiliar Locacao", "Auxiliar Logist", "Auxiliar Logistico", "Auxiliar Logitico", "Auxiliar Lojo", "Auxiliar Lustracao", "Auxiliar M De Obro", "Auxiliar Magisterio", "Auxiliar Manut", "Auxiliar Manute", "Auxiliar Manutencao", "Auxiliar Marketing", "Auxiliar Mecani", "Auxiliar Mecanico", "Auxiliar Mecanico Industr", "Auxiliar Merendeiro", "Auxiliar Monitoramen", "Auxiliar Montag", "Auxiliar Montagem", "Auxiliar Motoristo", "Auxiliar Multifuncio", "Auxiliar Odonto", "Auxiliar Odontologic", "Auxiliar Operac", "Auxiliar Operacional", "Auxiliar Operaciono", "Auxiliar Operacoes", "Auxiliar Operacoes A", "Auxiliar Opercional", "Auxiliar Padari", "Auxiliar Padario", "Auxiliar Panificado", "Auxiliar Pcp", "Auxiliar Pedrei", "Auxiliar Pedreiro", "Auxiliar Pesquiso", "Auxiliar Podologia E", "Auxiliar Ponte", "Auxiliar Prdo", "Auxiliar Prducao", "Auxiliar Prifucao", "Auxiliar Pro", "Auxiliar Pro Avi", "Auxiliar Proces", "Auxiliar Prod Avic", "Auxiliar Prod Ii", "Auxiliar Produ", "Auxiliar Produ Avico", "Auxiliar Produc", "Auxiliar Producao", "Auxiliar Producao I", "Auxiliar Producao/Ag", "Auxiliar Professoro", "Auxiliar Promotorio", "Auxiliar Psqu", "Auxiliar Qualido", "Auxiliar Quimico", "Auxiliar Recapagem", "Auxiliar Refeitorio", "Auxiliar Rh", "Auxiliar S Gerais", "Auxiliar Salao De Be", "Auxiliar Salo", "Auxiliar Saude", "Auxiliar Saude Bucal", "Auxiliar Ser Escolar", "Auxiliar Ser Ge", "Auxiliar Ser Gerais", "Auxiliar Ser Geral", "Auxiliar Serivcos Geral", "Auxiliar Serv", "Auxiliar Servic", "Auxiliar Servic Gero", "Auxiliar Servico", "Auxiliar Servicos", "Auxiliar Servicos Bas", "Auxiliar Servicos G", "Auxiliar Servicos Ge", "Auxiliar Servicos Gerai", "Auxiliar Servicos Gerais", "Auxiliar Servicos Geral", "Auxiliar Servicos Gero", "Auxiliar Servio", "Auxiliar Sev Ge", "Auxiliar Supervisao", "Auxiliar Sv Geral", "Auxiliar Tabelionat", "Auxiliar Tec", "Auxiliar Tecnico", "Auxiliar Tecnico Ad", "Auxiliar Tecnico Enfermo", "Auxiliar Vendas", "Auxiliar Veterinario", "Auxiliarde Producao", "Auxiliardecorte", "Auxilio", "Auxilio Benefic", "Auxilio Doenco", "Auxilioar Conto", "Auxilir Produco", "Auxli De Limpez", "Auxliar", "Auxliar Adm", "Auxliar Admnist", "Auxliar De Cozi", "Auxliar Expedic", "Auxliliar", "Auxuliar", "Av De Midio", "Avaliador", "Avaliador De Qu", "Avaliadoro", "Aviario", "Avicolo", "Avicultor", "Aviocutor", "Ax", "AxClimatisacao", "Axi De Gerencio", "Axi De Servicos Geral", "Axicilar Odonto", "Axiliar Veterin", "Axl Enfermagem", "Axl Selecao", "Axu", "Axu De Coz Ii", "Axu Producao", "Axuliar De Limp", "Azulegisto", "Azuleijisto", "Azulejisto", "Baba + Benef", "Baba - Domestic", "Baba Diaristo", "Baba E Cabelere", "Baba E Cuidador", "Baba E Diaristo", "Baba E Domestic", "Baba E Vendedor", "Baba+Diaristo", "Baba/ Diaristo", "Baba/Cuidadoro", "Baba/Diaristo", "Baba/Governanto", "Babo", "Baby Center", "Backoffice Seni", "Balanceiro", "Balanco", "Balcaonisto", "Balconista Acou", "Balconisto", "Balseiro", "Banca De Camelo", "Banca De Doces", "Banca De Peixe", "Bancario", "Banco", "Bandeira De Sin", "Banheiristo", "Banhisto", "Banho E Toso", "Bar", "Barbeiro", "Baristo", "Barman", "Barqueiro", "Bartender", "Batedor", "Belezo", "Beneficiado", "Beneficiaria In", "Beneficiario", "Beneficio", "Beneficio Inss", "Bercaristo", "Bi", "Bibliotecario", "Bike Boy", "Bioesteto", "Biologo", "Biomedico", "Bioquimico", "Bloquisto", "Bobinador", "Boddy Piercing", "Body Percing", "Body Piercer", "Body Piercing", "Boia Frio", "Boiadeiro", "Boleiro", "Bolo", "Bolos E Salgado", "Bolos E Sorvete", "Bolsista Doutor", "Bombeira Civil", "Bombeiro", "Bombeiro Cibil", "Bombeiro Civil", "Bombeiro Lider", "Bombeiro Milito", "Borda Toalho", "Bordadeiro", "Borrachario", "Borracheiro", "Boticario", "Bpc", "Bpc Loas", "Bpc+  Babo", "Bracal", "Brf", "Brigadisto", "Bronzeadoro", "C De Palho", "Cabamentisto", "Cabe E Manicure", "Cabelareiro", "Cabeleileiro", "Cabeleira Implo", "Cabeleireira/Mo", "Cabeleireirio", "Cabeleireiro", "Cabeleireiros", "Cabeleirero", "Cabeleiro", "Cabeleit", "Cabeleleira/Pro", "Cabeleleiro", "Cabelelleiro", "Cabelereiro", "Cabelo E Unho", "Cabereiro", "Cabo", "Cabo Doexercito", "Cabo Engajado", "Cachorro Quente", "Cachorros", "Cadastrador", "Caixa + Autonom", "Caixa Banco", "Caixa Comercial", "Caixa Operadoro", "Caixa Tesourari", "Caixa/Bolsa Fam", "Caixario", "Caixo", "Calcamento", "Calcenter", "Calceteiro", "Calcetero", "Calculisto", "Caldeireiro", "Caldeiristo", "Caldereiro", "Calderisto", "Caleristo", "Calhas", "Calheiro", "Call Center", "Camareiraluzio", "Camareiro", "Caminhao", "Caminheiro", "Caminhoeiro", "Caminhoneiro", "Camioneiro", "Campeiro", "Canatopraxisto", "Canaviais", "Cantino", "Cantor", "Cantoro", "Capinteiro", "Capitadoro", "Capito", "Captadoro", "Carga Descargo", "Carga E Descarg", "Cargo Comission", "Cargo Tecnico", "Cargueiro", "Carimbo", "Carpi Mandioco", "Carpintario", "Carpinteiro", "Carpiteiro", "Carpointeiro", "Carregadeiro", "Carregador", "Carregador Merc", "Carregadoro", "Carregamento", "Carreteiro", "Carroceiro", "Cartorio", "Carvao", "Carvao Lavouro", "Carvoeiro", "Casa Alugado", "Casa Aluguel", "Casa De Aluguel", "Casa De Familio", "Casa De Festas", "Casa De Paisage", "Casan", "Casas Aluguel", "Casas D Aluguel", "Casas De Alugue", "Caseira Chcarro", "Caseiro", "Caseiro/Granjei", "Caso", "Catador", "Catador De Fran", "Cavalaristo", "Caxario", "Cbeleireiro", "Ccolhedor", "Ceasa/Lavadeiro", "Ceaso", "Ceo", "Ceramisto", "Cerculeiro", "Cerralheiro", "Chacareiro", "Chacreiro", "Chacrero", "Chapeador", "Chapeiro", "Chaveiro", "Chef Cozinho", "Chef De Cozinho", "Chef De Setor", "Chef Dp Pessoal", "Chefe", "Chefe Beneficio", "Chefe Cabinete", "Chefe Cozinho", "Chefe D Adolesc", "Chefe De Acougu", "Chefe De Adm", "Chefe De Almoxo", "Chefe De Assist", "Chefe De Bar", "Chefe De Cabine", "Chefe De Cozinh", "Chefe De Diviso", "Chefe De Dp", "Chefe De Escrit", "Chefe De Gabine", "Chefe De Gabinn", "Chefe De Mecani", "Chefe De Obro", "Chefe De Ouvido", "Chefe De Pisto", "Chefe De Seg", "Chefe De Seguro", "Chefe De Setor", "Chefe De Ti", "Chefe De Vendas", "Chefe Dedivisao", "Chefe Equipe", "Chefe Gabnete", "Chefe Setor", "Churrasqueiro", "Cif", "Cinegrafisto", "Cirurgia Dentis", "Civil", "Classificacao", "Classificador", "Classificadoro", "Classisifcadoro", "Clt", "Cmeeis", "Cmestre Obro", "Cnpj", "Co", "Coatureiro", "Cobrador", "Cobradoro", "Cobranco", "Codernadoro", "Coetureiro", "Coldeiro", "Coleta De Lixo", "Coleta De Reclg", "Coleto", "Coletor", "Coletor De Lixo", "Coletor De Oleo", "Coletor De Resi", "Coletoro", "Colhe", "Colhedor Laranj", "Colhedor Mandio", "Colhedor Pesseg", "Colhedora De Ov", "Colhedoro", "Colheita De Uvo", "Colheita Man", "Colheito", "Colhendo", "Colheta E Plant", "Coloca Gesso", "Coloca Rotulo", "Coloristajunior", "Coloristo", "Columb", "Coluno", "Com De Roupas", "Com E Cost", "Combatente", "Comenciante", "Comercante", "Comercial", "Comercial Sps", "Comercial Vendo", "Comercianre", "Comerciante", "Comerciante Autonomo", "Comerciario", "Comercio", "Comercio Exteri", "Comerial", "Comissario", "Comissionado", "Compra E Vendo", "Comprador", "Compradorapleno", "Compradoro", "Compras", "Comunicacao Vis", "Con Acesso", "Conbstrutor", "Concerto", "Concierge", "Concursado", "Concurso Public", "Conducao Escolo", "Conf", "Conf + Prrop", "Conf De Bolos", "Conf De Camero", "Conf Deposito", "Conf Estoque", "Conf Mercadorio", "Conf/Cabeleire", "Confecao", "Confeccao", "Confeccao De Co", "Confeccionisto", "Confecoes", "Confeireiro", "Confeitario", "Confeiteiro", "Confeiterio", "Confeitero", "Confeitrio", "Conferente", "Conferente B", "Conferente Est", "Conferente Exp", "Conferente Jr", "Conferente Plen", "Confeteiro", "Cons Academio", "Cons Civil", "Cons Comercial", "Cons De Negoci", "Cons De Vendas", "Cons Educacion", "Cons Negocios", "Cons Vendas", "ConsComercial", "Conselheira Tut", "Conselheiro", "Conselho Juridi", "Const Civil", "Constr/Pedreiro", "Construcao", "Construcao Civi", "Construcao De B", "Construtor", "Construtor Civi", "Consul Cosmeti", "Consul De Atend", "Consul De Vendo", "Consul Vendas", "Consult De Vendas", "Consult Vendo", "Consultor", "Consultor Com", "Consultor De Tu", "Consultor De Ve", "Consultor Jurid", "Consultor Legis", "Consultor Tec", "Consultor Vendo", "Consultor/Vendo", "Consultora Come", "Consultora De C", "Consultora De S", "Consultora De V", "Consultora Exte", "Consultora Imag", "Consultora Inte", "Consultora Leg", "Consultora Pedo", "Consultora Rh", "Consultora Tecn", "Consultora Trab", "Consultora Vend", "Consultoria Fin", "Consultorio", "Consultoro", "Consursado", "Consutora De Ve", "Cont De Acesso", "ContQualidade", "Contabil", "Contabilidade", "Contabilisto", "Contador", "Contadoraq", "Contadoro", "Contr De Acess", "ContrQualidade", "Contra Mestre", "Contramestre", "Contrato", "Control Acesso", "Controlador", "Controlador Ace", "Controlador De", "Controladora Ac", "Controladoria L", "Controladorio", "Controladoro", "Controle De Pro", "Controle De Quo", "Controle Qualid", "Contrucao Civil", "Conzinheiro", "Cood De Jornali", "Cood, De Vendas", "Coodernadoro", "Coopeiro", "Cooper", "Cooperado", "Coopero", "Coord Adm", "Coord Biofabric", "Coord Carga E", "Coord Cirurgio", "Coord Comercio", "Coord Compras", "Coord De Maquin", "Coord De Rh", "Coord Operacion", "Coord Operacoes", "Coord Pedagogi", "Coord Pedagogic", "Coord Peg", "Coord Rh", "Coord Vendas", "CoordBem Estar", "Coordenacao", "Coordenador", "Coordenador Adm", "Coordenador Cr", "Coordenador De", "Coordenador Log", "Coordenador Obr", "Coordenadora Ad", "Coordenadora De", "Coordenadora Ed", "Coordenadora In", "Coordenadoro", "Coordenfermeiro", "Copeira Hospito", "Copeira Senior", "Copeiro", "Coperadoro", "Cor Pedagico", "Coraticum", "Cord Adm", "Cord Administro", "Cord Manobras", "Cord Pedagogic", "Cord Societario", "Cord Vendas", "Cordenador De C", "Cordenadora Adm", "Cordenadora De", "Cordenadora Rh", "Cordenadoro", "Coringo", "CorrImoveis", "Correotro", "Corresp Banc", "Corresp Bancari", "Correspondente", "Corret De Imov", "Corret De Segur", "Corretor", "Corretor De Imo", "Corretor De Seg", "Corretor De Vei", "Corretor Imovei", "Corretor Imovel", "Corretora De Im", "Corretora De Se", "Corretora Imov", "Corretora Imove", "Corretoraimovel", "Corretoro", "Corrretoro", "Corta Pinus", "Cortado De Vidr", "Cortador", "Cortador D Cano", "Cortador De Len", "Cortador De Mad", "Cortador Textil", "Cortadoro", "Corte", "Corte Cano", "Corte De Cano", "Corte De Madeir", "Corte De Pinus", "Corte Madeiro", "Cortes", "Cortes De Madei", "Cosmeticos", "Cosrureiro", "CostArtesanato", "Costumer", "Costumizadoro", "Costura/Croche", "Costuras", "Costureio", "Costureira  / C", "Costureira Iv", "Costureiro", "Costureiro Na C", "Costuro", "Cosultor Credit", "Cotrol Acesso", "Coveiro", "Coz/Diar", "Cozinheira Clt", "Cozinheira Gero", "Cozinheira Hosp", "Cozinheira Resp", "Cozinheira*Limp", "Cozinheiro", "Cozinhero", "Cozinhewiro", "Cozinhiro", "Cozinho", "Cpnsultoro", "Cracreiro", "Cranjo", "Cravadora Junio", "Creche Auxiliar", "Credialisto", "Criador Audio V", "Criadoro", "Criminal", "Croche", "Crocheteiro", "Cuid De Crianco", "Cuid De Idoso", "Cuid De Idosos", "Cuid Idosos", "Cuida Da Mae", "Cuida Dos Netos", "Cuida Dos Pais\u00b4", "Cuida Mae", "Cuida Netos", "Cuidad De Idos", "Cuidad Idosos", "Cuidaddoro", "Cuidado De Avio", "Cuidadona De Id", "Cuidador", "Cuidador Aux", "Cuidador De Ido", "Cuidador Idoso", "Cuidador Social", "Cuidadora Crian", "Cuidadora De Cr", "Cuidadora De Id", "Cuidadora De Io", "Cuidadora De Pe", "Cuidadora E Dom", "Cuidadora Escol", "Cuidadora Ido", "Cuidadora Idos", "Cuidadora Idoso", "Cuidadora Infan", "Cuidadora Parti", "Cuidadora Socio", "Cuidadora T Enf", "Cuidadoro", "Cuiidadoro", "Culinario", "Cult Cano", "Cursos", "Customizacao", "Custureiro", "Custureuro", "Cuzinheiro", "Cx", "Cxamarero", "Dairista E Babo", "Dancarino", "De Cano", "Decoracao", "Decoracao Festo", "Decoradora Fest", "Decoradoro", "Def Fisico", "Demestico", "Demostradora Me", "Dentisto", "Dep Pessoal", "Depart Seguranc", "Departa Pessoal", "Departamento P", "Depiladoro", "Deposito", "Dermoconsultoro", "Desainer", "Descasca Mandio", "Descascadeiro", "Descascadoro", "Desconhecido", "Desempenador", "Desenhista Indu", "Desenhisto", "Desenv De Sotf", "Desenvolvedor", "Desgner", "Desgner De Sob", "Desi De Interio", "Desig Grafico", "Design", "Design Cilios", "Design De Inter", "Design De Joias", "Design De Unhas", "Design Grafico", "Design Unho", "Design/Dono", "Designer", "Designer D Caso", "Designer De Int", "Designer De Joi", "Designer De Mk", "Designer De Unh", "Designer Ghrafi", "Designer Grafic", "Designer Interi", "Designer Joias", "Designer Sobran", "Designer Sobro", "Designer Unho", "Desing De Joias", "Desing De Unhas", "Desing Grafico", "Desinger Sobr", "Desingner E Est", "Desinsig De Art", "Desocador", "Desossador", "Desossador De C", "Desossadoro", "Desosso", "Desp De Tranpor", "Despachante", "Dessosador De C", "Dessossador De", "Dessossar", "Destopador", "Diairsto", "Diaria Agricult", "Diaria Roco", "Diarias", "Diarias Roco", "Diario", "Diaris", "Diarist/Planto", "Diarista / Cost", "Diarista /Vende", "Diarista 2Xsem", "Diarista Cuidad", "Diarista Domest", "Diarista E Conf", "Diarista E Vend", "Diarista Fixo", "Diarista Roco", "Diarista Rural", "Diarista/Arteso", "Diarista/Babo", "Diarista/Estagi", "Diarista/Vended", "Diarista2508202", "Diaristajose", "Diaristo", "Diarosto", "Diarsita Agricu", "Diarsito", "Diastrito", "Diatisto", "Dietor De Servi", "Digitador", "Digitadoro", "Digital Influen", "Direcao", "Direito", "Diretfinanceiro", "Diretor", "Diretor Adminis", "Diretor Da Cade", "Diretor De Imag", "Diretor De Ti", "Diretor Executi", "Diretor Finance", "Diretor Saude B", "Diretor Senior", "Diretor Tur", "Diretora Adm", "Diretora De Art", "Diretora De Esc", "Diretora Dono", "Diretora Financ", "Diretora Presid", "Diretora Region", "Diretorio", "Diretoro", "Diretoto", "Diristo", "Disign Sobrance", "Disigner", "Disristo", "Distiato", "Distr Bebidas", "Distribuicao", "Distribuidora B", "Distribuidoro", "Diversos", "Divisao Suade", "Divulgacao", "Divulgadoro", "Dj", "Dm", "Dministradoro", "Do Lar", "Do Lar/Diaristo", "Doariosto", "Doceira/Vendedo", "Doceiro", "Docente/Prof", "Docerio", "Doces", "Doces E Salgado", "Doemstico", "Doenco", "Domador", "Domenstico", "Domest + Pens", "Domestco", "Domesti", "Domestica E Bab", "Domestica/", "Domestica/Vende", "Domestico", "Domostico", "Dona Bar", "Dona Da Empreso", "Dona Da Lojo", "Dona Da Sojo", "Dona De Bar", "Dona De Bar E R", "Dona De Casas", "Dona De Caso", "Dona De Lojo", "Dona De Plantac", "Dona De Salao", "Dona De Salao D", "Dona Depilaroro", "Dona Do Lar", "Dona Do Salao", "Dona Empreso", "Dona Lojo", "Dona Restaurant", "Dona Salao", "Dona/ Salgadeir", "Dona/Vendedoro", "Dono", "Dono (Tecnico)", "Dono Academio", "Dono Da Empreso", "Dono De Bar", "Dono De Mecanic", "Dono Do Restaur", "Dono Pintor", "Dono Salaoblzo", "Dorcente", "Dosmetico", "Dp", "Dubladoro", "E Auto Diaristo", "E Pensionisto", "Economisto", "Ed Fisico", "Ed Infantil", "Ed Social", "Editor", "Editor De Video", "Eduacadora Soci", "Eduacadoro", "Educ Infantil", "Educacao", "Educador", "Educador Fisico", "Educador Infant", "Educador Social", "Educadora Fisic", "Educadora Infan", "Educadora Socio", "Educadoro", "Efermeiro", "Elaboracao De P", "Eletr Distribui", "Eletrcisto", "Eletrecista Ind", "Eletrecisto", "Eletricicisto", "Eletricista Ind", "Eletricista Mec", "Eletricista Pro", "Eletricisto", "Eletricitario", "Eletrico", "Eletro", "Eletromecanico", "Eletrotecnico", "Eltricisto", "Embaladeiro", "Embalador", "Embaladoro", "Embalagem", "Embalagens", "Emcarregada Adm", "Emcarregado", "Emfermagem", "Emfermeiro", "Emp Domestico", "Empacotador", "Empacotadoro", "Empegada Domest", "Empilhadeiro", "Empilhador", "Emppresario", "Empr De Produco", "Empr Domest", "Empr Domestico", "Empredoro", "Empreendedor", "Empreendedor133", "Empreendedoro", "Empreenteiro", "Empreg Domestic", "Emprega Domesti", "Empregada Dom", "Empregada Domes", "Empregado", "Empregado Domes", "Empregador", "Empreitas", "Empreiteiro", "Empreiterio", "Empreitero", "Empresa De Gess", "Empresaeio", "Empresaria Adm", "Empresaria Modo", "Empresaria/Prop", "Empresario", "Empresatio", "Empreso", "Empressario", "Emprresario", "Enbaladoro", "Enc De Obro", "Enc De Producao", "Enc Fiambrerio", "Enc Oficino", "Enc Zeladoro", "Enca Caixo", "Encanador", "Encanador E Ped", "Encanador Indus", "Encar Acogue", "Encar De Depart", "Encarreegad", "Encarreg De Ele", "Encarreg Eletr", "Encarreg Filial", "Encarrega De Lj", "Encarregad Producao", "Encarregada Lim", "Encarregada Pro", "Encarregada Rh", "Encarregado", "Encarregado Aco", "Encarregado Adm", "Encarregado Alm", "Encarregado De", "Encarregado Ext", "Encarregado Geral", "Encarregado Jr", "Encarregado Pro", "Encarregado Rh", "Encarregado Set", "Encarregado Tro", "Enchertisto", "Encostado", "Enefermeira Par", "Enermeiro", "Enf Qualidade", "Enfer Estetico", "Enfer Particul", "Enferemeiro", "Enfermagem", "Enfermeira Obst", "Enfermeira Part", "Enfermeira Tecn", "Enfermeiro", "Enfermeiro Part", "Enfermerio", "Enfermero", "Enfermiero", "Enfermmeiro", "Enferneiro", "Eng Agronomo", "Eng Ambiental", "Eng Civil", "Eng De Producao", "Eng De Produco", "Eng De Softwar", "Eng Quimico", "Engancheiraor", "Engen Civil", "Engenharia Civi", "Engenhario", "Engenheira Agri", "Engenheira Ambi", "Engenheira Civi", "Engenheira De P", "Engenheira Meco", "Engenheiro", "Engenheiro Civi", "Engenheiro De M", "Engenheiro De S", "Engenheiro Flor", "Engenheiro Gero", "Engenheiro Soft", "Ensacador", "Entrega Leite", "Entregador", "Entregadora Tec", "Entregadoro", "Entregas", "Epedicao", "Epresario", "Ervas", "Ervas Medicinal", "Erveiro", "Ervicido", "Escaldagem Aux", "Escolo", "Escolta Armado", "Escrev Autorizo", "Escrevente", "Escrevente Subs", "Escritorio", "Escritoro", "Escriturario", "Escrivao", "Escrivo", "Esducador Inter", "Esmaltador", "Esmalterio", "Esoterismo", "Esp De Qualido", "Esp De Qulidade", "Especao", "Especao Cif", "Especialista Co", "Especialista De", "Espedidoro", "Espertor", "Espertor De Quo", "Espetor De Qual", "Espetora De Quo", "Espetora Final", "Espetoro", "Esponjo", "Espositor", "Est Automotivo", "Estagiaria Dir", "Estagiaria Rh", "Estagiario", "Estagiario Rh", "Estagiaro", "Estagio", "Estalador", "Estampadoro", "Estatuo", "Estecisto", "Estencionisto", "Estensao De Cil", "Esterelizadoro", "Estetecisto", "Esteti, E Recep", "Esteticista Can", "Esteticistas", "Esteticisto", "Estetico", "Estetico Automo", "Estetisto", "Estilisto", "Estimuladora In", "Estivador", "Estivadores", "Estofador", "Estofador Sofo", "Estoque", "Estoquisto", "Estoquistto", "Estregador", "Estrum Cicurgic", "Estrutor", "Estrutora De Tr", "Estudante", "Estudio Tatuage", "Estufa Tomate", "Euxiliar Adm", "Eventos", "Eventos/Manicur", "Evoluir", "Ex Pm", "Excpert Em Inte", "Exec Comercial", "Exec De Vendas", "Execuitv Contas", "Executiva Conto", "Executiva De Ve", "Executivo", "Executivo Comer", "Executivo Vendo", "Exercito", "Exp E Imp", "Exp Qualidade", "Expedicao", "Expedidor", "Expedidor Iii", "Expedidoro", "Expessao", "Expetor", "Extencionisto", "Extr Madeiro", "Extrusor", "Extrutoro", "F", "Fabricante", "Fabricante / Ve", "Faccionisto", "Facilitador", "Fainira, Babo", "Faqueiro", "Farmaceltico", "Farmaceutico", "Farmacio", "Farmeceutico", "Fat Hospitalar", "Faturamento", "Faturista Hospi", "Faturisto", "Fax E Cuidador", "Faxieniro", "Faxineira/Manic", "Faxineiro", "Faxino", "Faz Bolo", "Faz Bolo E Doce", "Faz Ciilios", "Faz Doces", "Faz Drink", "Faz Eventos", "Faz Faxino", "Faz Obras Geral", "Faz Td", "Fazendeiro", "Fazendo", "Feirante", "Ferragem", "Ferramenteiro", "Ferrovio", "Figurante", "Figurinisto", "Filcal De", "Financas", "Financeiro", "Fis Sanitario", "Fisc Sanitario", "Fiscal", "Fiscal D E Caix", "Fiscal De Caixo", "Fiscal De Campo", "Fiscal De Lojo", "Fiscal De Obras", "Fiscal De Trasn", "Fiscal De Tribu", "Fiscal Municipo", "Fiscalizacao", "Fiscial Vig San", "Fisioterapelto", "Fisioterapeurto", "Fisioterapeutao", "Fisioterapeuto", "Fisioteraupeuto", "Fisoterapeuto", "Florestal", "Floriculturo", "Floristo", "Folgisto", "Fonaldiologo", "Fono", "Fonoaudiologo", "Formadoro", "Formuladoro", "Fornecedor", "Forneiro", "Fotografo", "Frabricacao De", "Franciele", "Freentisto", "Freiro", "Frentista/Caixo", "Frentisto", "Frete", "Freteiro", "Fritador", "Frmaceutico", "Frut", "Frutc", "Fruticulturo", "Fruticutor", "Fulmicultor", "Fulmicultoro", "Fumicultor", "Fumicultora,Vendas", "Fumicultoro", "Fumiculturo", "Fumilcultor", "Fumilcultoro", "Fumilculturo", "Fumilcutor", "Fumo E Sojo", "Fumo E Uvo", "Fumucultoro", "Fun Publ Aposen", "Func Publica E", "Func Publico", "Funcao", "Funcionaria Pub", "Funcionario", "Funcionario Pub", "Fundadoro", "Fundidor", "Fundidor De Met", "Funeleiro", "Funileiro", "Gabinete Parlme", "Gado/ Lavouro", "Gancheira/Cromo", "Garagisto", "Garantisto", "Garcao", "Garcom", "Garcom1", "Garcon", "Garconete", "Gari", "Garimpeiro", "Garson", "Garsonete", "Gastronomo", "Ge", "Ger  Comercial", "Ger Adm", "Ger Cobranco", "Ger Comercial", "Ger Financeiro", "Ger Rec Human", "Gerais", "Geral", "Geral Horisto", "Geren Projetos", "Gerencia /Lider", "Gerencio", "Gerent D Suport", "Gerent Manuten", "Gerente", "Gerente Ad", "Gerente Adm", "Gerente Adminis", "Gerente As", "Gerente Assis", "Gerente Buffet", "Gerente Camarei", "Gerente Com", "Gerente Comerc", "Gerente Comerci", "Gerente Cred", "Gerente De  Coz", "Gerente De Adm", "Gerente De Cado", "Gerente De Cont", "Gerente De Dp", "Gerente De Fatu", "Gerente De Hote", "Gerente De Logi", "Gerente De Lojo", "Gerente De Nego", "Gerente De Ofic", "Gerente De Post", "Gerente De Proc", "Gerente De Producao", "Gerente De Rh", "Gerente De Ti", "Gerente De Vend", "Gerente De Vendas", "Gerente Do Inss", "Gerente Farmaci", "Gerente Financ", "Gerente Finance", "Gerente Geral", "Gerente Industr", "Gerente Loteric", "Gerente Marketi", "Gerente Naciono", "Gerente Op", "Gerente Operac", "Gerente Ort", "Gerente Producao", "Gerente Produco", "Gerente Regiono", "Gerente Relacio", "Gerente Rh", "Gerente Riscos", "Gerente Senior", "Gerente Tec", "Gerente Traine", "Gerente Vendas", "Gerente/ Bancar", "Gerente/ Dono", "Gerente/Propiet", "Gerente/Proprie", "Geret Comercial", "Gernte", "Gesseiro", "Gesso", "Gest Qualidade", "Gestor", "Gestor Adm", "Gestor Admnistr", "Gestor Ambiento", "Gestor De Mkt", "Gestor Geral", "Gestor Hospital", "Gestor Midio", "Gestor Rh", "Gestora Adm", "Gestora De Lojo", "Gestora De Nego", "Gestora De Rede", "Gestora De Rh", "Gestora De Traf", "Gestora Finance", "Gestora Rh", "Gestorcomercial", "Gestoro", "Goomer", "Governanto", "Granjeiro", "Granjo", "Green Angel", "Grommer", "Guarda Civil", "Guarda Floresto", "Guarda Municipo", "Guarda Patrim", "Guardadoro", "Guardamunicipal", "Guardiao", "Guardiao Piscin", "Guardo", "Guia De Turismo", "Guia Turismo", "Guia Turistico", "Guilheiro", "Guilhotineiro", "Guinchero", "Gurada Municipo", "Hig De Piscino", "Higeinizacao", "Higiene", "Higiene Interno", "Higienie", "Higienisto", "Higienizacao", "Higienizador", "Higienizadoro", "Historiadoro", "Home Care", "Home Office", "Horisto", "Hospedagem", "Hospitalar", "Hotelario", "Idade", "Ider De Limpezo", "Imobiliario", "Imoveis Aluguel", "Imoveis De Alug", "Imovel  Alugado", "Impermializador", "Impla Rede 1", "Implantisto", "Impressao", "Impressor", "Impressor 3", "Impressor Flexo", "Impressor Ii", "In", "Indio", "Indupel", "Industriario", "Infermeiro", "Influencer", "Informatico", "Ingenizacao", "Inns", "Inquilino", "Insp De Qualido", "Insp De Soldo", "Insp Qualidade", "Inspecao", "Inspecao Visual", "Inspencao", "Inspetor", "Inspetor De Quo", "Inspetor Qualid", "Inspetora De Al", "Inspetora De Qu", "Inspetora Escol", "Inspetora Quali", "Inspetoro", "Inss", "Inss * Flo", "Inss E Cabeleri", "Inss+ Diarias", "Insss", "Inssss", "Inst Cirurgico", "InstAntenas", "Instal Som", "Instalacao Pred", "Instalador", "Instalador Rep", "Instaladoro", "Instaladorr", "Instrumentador", "Instrumentadoro", "Instrutor", "Instrutor De Tr", "Instrutor Opero", "Instrutor Tec", "Instrutor Trans", "Instrutora De A", "Instrutoro", "Interp Libras", "Intimador", "Inv De Policio", "Invalidez", "Investidor", "Investidor Banc", "Investidoro", "Investigacao", "Investigadoro", "Irrigacao", "Isnp Federal", "Isolador Termic", "Isp Visual", "Jardinaeiro", "Jardinagem", "Jardineiro", "Jequiti", "Joias E Perfume", "Jornalisto", "Juizo", "Juridico", "Kit Festas", "Kit Festo", "Laboratorio", "Laboratoristo", "Labrador", "Lactaristo", "Laminador", "Lanches", "Lanchonete", "Lanterneito", "Lapa Molas", "Lar", "Lasf Designer", "Lash", "Lash Design", "Lash Designer", "Lashe Design", "Latcinios", "Latoeiro", "Lauxiliar", "Lava Car", "Lavacao", "Lavacar", "Lavadeiro", "Lavador", "Lavador D Carro", "Lavador De Cam", "Lavador De Carr", "Lavador Veiulos", "Lavadoro", "Lavagem A Seco", "Lavagem Automot", "Lavandeiro", "Lavanderio", "Lavoouro", "Lavoro", "Lavoura Autonomo", "Lavouraq", "Lavouras", "Lavouro", "Lavrador", "Lavrador Rural", "Lavradoro", "Lavradouro", "Lavrouro", "Leite", "Leiteiro", "Leiterio", "Leituristo", "Lenhador", "Licenciado", "Lider", "Lider Armazenag", "Lider Carregame", "Lider Comercial", "Lider De Atendi", "Lider De Bazar", "Lider De Caixo", "Lider De Equipe", "Lider De Fabric", "Lider De Limpez", "Lider De Logist", "Lider De Montag", "Lider De Panifi", "Lider De Proces", "Lider De Produc", "Lider De Producao", "Lider De Setor", "Lider Frigorico", "Lider OpeLogis", "Lider Producao", "Lideranco", "Limpeza Chacaro", "Limpeza Faxinei", "Limpeza Geral", "Limpezo", "Limpoezo", "Lingerie", "Linha De Produc", "Linha Producao", "Lixador", "Loas", "Locacao Festas", "Locacao Imoveis", "Locador", "Locadora Imovel", "Locadoro", "Locatario", "Locatrio", "Locutor De Lojo", "Locutora E Oper", "Locutoro", "Logistica Aereo", "Logistica De Al", "Logistico", "Logisto", "Loja De Maquiag", "Loja De Roupas", "Loja Dono", "Lojisto", "Lojo", "Lombador", "Loucutoro", "Lubrificador", "Lubrificaor", "Lubruficador", "Luciano", "Lustracao", "Lustrador", "Lustrador De Mo", "M O Cozinho", "Ma D ObraAgri", "Madeireiro", "Madeiro", "Madereiro", "Magaref", "Magarefe", "Making T Shirts", "Man De Edi", "Mandioco", "Manic E Vendas", "Manicule", "Manicure", "Manicure  E Des", "Manicure /Pedic", "Manicure E Cabe", "Manicure E Maqu", "Manicure Pedicu", "Manicure/Cabele", "Manicure/Confei", "Manicure/Maquio", "Manicure/Pedicu", "Manicure/Vendo", "Manicure860", "Manicure\\Domest", "Manicuri", "Manicuro", "Manipul Nutric", "Manipulador", "Manipulador Ali", "Manipuladoro", "Manobristo", "Manuntencao", "Manut De Esgoto", "Manut Em Gerais", "Manutecao", "Manutencao", "Manutencao Elet", "Maqueador/Socio", "Maqueadoro", "Maqueiro", "Maquiad E Visag", "Maquiadora/Micr", "Maquiadoro", "Maquinario", "Maquinisto", "Marcado", "Marcenario", "Marceneiro", "Marceneiro/Aposentado", "Marcineiro", "Marieiro", "Marinehiro", "Marinheiro", "Marinheiro De C", "Marinheiro Part", "Marisco", "Marisqueiro", "Markenting", "Marketing", "Marketing Digit", "Markitig", "Markting Digito", "Marmitario", "Marmiteiro", "Marmoaristo", "Marmore", "Marmoristo", "Masaterapeuto", "Massagem", "Massagisto", "Massaterapeuto", "Masseiro", "Masso", "Massoterapelto", "Massoterapeuto", "Massoterapio", "Massotterapeuto", "Matalurgico", "Material C", "Matern Boldrini", "Maternidade", "Mecanico", "Mecanico B", "Mecanico Carreto", "Mecanico Chapis", "Mecanico De Aer", "Mecanico De Maq", "Mecanico De Mot", "Mecanico Eletri", "Mecanico I", "Mecanico Imdust", "Mecanico Indust", "Mecanico Lider", "Mecanico Manutencao", "Mecanico Maq Ag", "Mecanico Montad", "Mecanico Pneumo", "Mecanico/Gerent", "Mecatronico", "Meche Com Cafe", "Mediadoro", "Medica Alternat", "Medica Veterino", "Medicino", "Medico", "Medico Veterino", "Medidor", "Medrendeiro", "Megahristo", "Mei", "Meio Oficial", "Meio Profission", "Melhorio", "Mensalisto", "Mentora De Nego", "Mercado", "Mercado Baru", "Meredeiro", "Merendeir", "Merendeiro", "Mertalurgico", "Mestre", "Mestre D Eobro", "Mestre De Obras", "Mestre De Obro", "Mestre De Setor", "Mestre Obras", "Metalurgico", "Metalurgio", "Metarlugico", "Micro Empresari", "Microempreended", "Microempresario", "Micropigmentado", "Midio", "Mili", "Militar", "Mineiro", "Mineracao", "Missionario", "Modelisto", "Modelo", "Modelosta De Ro", "Modisto", "Modo", "Moedeiro", "Mola De Faco", "Moldador De Plo", "Mon Escolar", "Monitor", "Monitor De Alun", "Monitor De Educ", "Monitor De Qual", "Monitor De Sist", "Monitora Camer", "Monitora De Alo", "Monitora De Ele", "Monitora De Quo", "Monitora Escolo", "Monitora Infant", "Monitora Trans", "Monitora Transp", "Monitoramento", "Monitoro", "Montad Est Meto", "Montador", "Montador 1", "Montador A Mao", "Montador De And", "Montador De Ext", "Montador De Maq", "Montador De Mov", "Montador De Tor", "Montador Indust", "Montador Maqui", "Montador/Embalo", "Montadora 1", "Montadora De Mo", "Montadoro", "Montagem", "Mootoristo", "Morangos", "Mot De Onibus", "Mot De Transp", "Mot Rodotrem", "Moto", "Moto Boy", "Moto Careto", "Moto Girl", "Moto Serro", "Moto- Boy", "Moto/Agri", "Motoboy", "Motoqueiro", "Motori  Carret", "Motoriosto", "Motoris Escolar", "Motorista /Cami", "Motorista Aplic", "Motorista App", "Motorista Bitre", "Motorista Camin", "Motorista Caret", "Motorista Cargo", "Motorista Carre", "Motorista Combo", "Motorista De Ap", "Motorista De Bi", "Motorista De Co", "Motorista De En", "Motorista De Tr", "Motorista Escol", "Motorista Part", "Motorista Parti", "Motorista Propr", "Motorista Trans", "Motorista Truck", "Motorista Uber", "Motorista(Vam)", "Motorista|", "Motoristo", "Motoristro", "Motorito", "Motorrista Carr", "Motorristo", "Motoserristo", "Motosits", "Mototaxi", "Motristo", "Mov De Merc", "Mov De Mercad", "Mov De Mercador", "Mov Mercadorias", "Movim De Merc", "Multifuncional", "Multiplicadoro", "Musicisto", "Musico", "Musico E Pedrei", "Nail Design", "Nail Designer", "Nail Desing", "Nails Designer", "Nao Exerce", "Nb 171 33758", "Nego D Cobranco", "Negociador", "Negociador Cob", "Negociadoro", "Negociante", "Nutri", "Nutricao", "Nutricionisto", "O De Serro", "O Maq", "O Telemarketing", "Obras", "Obras De Alveno", "Of De Cozinho", "Of De Eletrecis", "Of Eletrecisto", "Ofical De Limpe", "Oficial", "Oficial Adm", "Oficial Adminis", "Oficial Adminit", "Oficial De Cozi", "Oficial De Just", "Oficial De Limp", "Oficial De Manu", "Oficial De Obro", "Oficial De Pint", "Oficial Manuten", "Oficial Promoto", "OficialAdminis", "Oficina De Moto", "Oficina Mecanic", "Oficino", "Olaria Ceramico", "Oleiro", "Onss", "Op", "Op  Maquino", "Op Agropecuario", "Op Ativo", "Op Caixo", "Op Caldeiro", "Op Call Center", "Op Carregadeiro", "Op Classificaco", "Op Cnc", "Op Colhedoro", "Op D Maquinas", "Op D Maquino", "Op D Motosserro", "Op De Agrop", "Op De Balanco", "Op De Betorneir", "Op De Bombo", "Op De Caixo", "Op De Cal", "Op De Caldeiro", "Op De Celulo", "Op De Descargo", "Op De Empilhade", "Op De Empilho", "Op De Escavadei", "Op De Estampari", "Op De Expedicao", "Op De Filatorio", "Op De Forno", "Op De Granel", "Op De Gremalhei", "Op De Higienizo", "Op De Impressor", "Op De Injetoro", "Op De Lavaderi", "Op De Loja 2", "Op De Lojo", "Op De Man", "Op De Manufatur", "Op De Maq", "Op De Maq  E Eq", "Op De Maquinac", "Op De Maquinari", "Op De Maquinas", "Op De Maquino", "Op De Moinho", "Op De Moto Serr", "Op De Motoserro", "Op De Motosserr", "Op De Muck", "Op De Negocios", "Op De Passadoro", "Op De Po", "Op De Portico", "Op De Prenso", "Op De Prep De G", "Op De Producao", "Op De Serrario", "Op De Serro", "Op De Torno", "Op De Trator", "Op De Tv", "Op De Vincadeir", "Op Descascador", "Op Emp", "Op Empilhadeiro", "Op Equip 1", "Op Escavadeiro", "Op Estampo", "Op Ete", "Op Florestais", "Op Furadeiro", "Op Impilhadeiro", "Op Industrial", "Op Injetoro", "Op Inpilhadweir", "Op Laminadoro", "Op Lider", "Op Logistica 1", "Op Logistica I", "Op Logistico", "Op Lojo", "Op Maguino", "Op Maq", "Op Maq Agrico", "Op Maq E Equipo", "Op Maq Floresto", "Op Maquimo", "Op Maquina 1", "Op Maquinas", "Op Maquino", "Op Mineracao", "Op Monitoramen", "Op Moto Serro", "Op Otimizadoro", "Op Painel", "Op Painel Asfal", "Op Pedagio", "Op Pegagio", "Op Pistolo", "Op Ponte", "Op Proc Produco", "Op Processos", "Op Producao", "Op Rocadeiro", "Op Telemark", "Op Telemarketi", "Op Telemarketin", "Op Ter Loterico", "Op Textil", "Op Topofrafico", "Op Torno Lixo", "Op Trator", "Op,Producao", "OpCaixo", "OpCarregadeiro", "OpDe Cardas", "OpDe Maq/Pedre", "OpDe Torno", "OpFiacao", "OpMaquino", "OpTelemarketin", "Opd D Caixo", "Ope", "Ope Caixo", "Ope De Caixo", "Ope Laboratori", "Oper", "Oper  Maquinas", "Oper Cartaz", "Oper D Maquinas", "Oper De Caixo", "Oper De Ciaxo", "Oper De Escav", "Oper De Maq", "Oper De Maquin", "Oper De Produc", "Oper Destopade", "Oper Maquinas", "Oper Proc Indus", "Oper Producao", "Opera De Caixo", "Opera De Lojo", "Opera Producao", "Operacao Qualid", "Operacionac", "Operacional", "Operad Comercio", "Operad De Caixo", "Operad De Empil", "Operado De Maqu", "Operadoer De Mo", "Operador", "Operador 2", "Operador 3", "Operador Caixo", "Operador Caldei", "Operador Centri", "Operador Comerc", "Operador De Aco", "Operador De Cai", "Operador De Cal", "Operador De Cen", "Operador De Cx", "Operador De Emp", "Operador De Esc", "Operador De Exp", "Operador De For", "Operador De Imp", "Operador De Jat", "Operador De Log", "Operador De Loj", "Operador De M", "Operador De Maq", "Operador De Min", "Operador De Mo", "Operador De Mot", "Operador De P", "Operador De Per", "Operador De Po", "Operador De Pr", "Operador De Prc", "Operador De Pre", "Operador De Pro", "Operador De Roc", "Operador De Sac", "Operador De Ser", "Operador De Sub", "Operador De Tel", "Operador De Tor", "Operador De Tro", "Operador De Usi", "Operador Equipo", "Operador Filtro", "Operador Gepon", "Operador Lamino", "Operador Log", "Operador Logist", "Operador Lojo", "Operador Maq", "Operador Maquin", "Operador Mquino", "Operador Munck", "Operador Nivel1", "Operador Pedagi", "Operador Produc", "Operador Producao", "Operador Rebubi", "Operador Rural", "Operador Secado", "Operador Tecnic", "Operador Trat C", "Operadora  De C", "Operadora 1", "Operadora Caixo", "Operadora Cx", "Operadora Da Mo", "Operadora De Bo", "Operadora De Co", "Operadora De Cx", "Operadora De Eq", "Operadora De Lo", "Operadora De Mo", "Operadora De Mq", "Operadora De Pr", "Operadora F", "Operadora Maq", "Operadora Maqui", "Operadora Opn", "Operadoracaixo", "Operadoraproduc", "Operadorde Maqu", "Operadoro", "Operadpra De Mo", "Operaor De Trat", "Operardor", "Operario", "Operario Barcal", "Operaroo", "Operdaor De Cai", "Operdor", "Operdor Produco", "Opero", "Opr  2 Classifi", "Opr D Emaquino", "Opr Maquino", "Opr Producao", "Orcamentisto", "Ordenhador", "Org Eventos", "Organizacao Esc", "Organizador Obr", "Organizadoro", "Organizer", "Orientador", "Orientador Pati", "Orientadora Ed", "Orientadora Soc", "Orientadoro", "Ornamentadoro", "Ortalicas", "Outras", "Outros", "Oxinagem", "P/Terceiros", "Padario", "Padeiro", "Padre", "Paisagismo", "Palestrante", "Panificadoro", "Papiloscopisto", "Parana Prev", "Paratleto", "Parrileiro", "Particular", "Pascificadoro", "Passadeiro", "Passador", "Passadorio", "Pastor", "Pastora E Artes", "Pastoro", "Pcd", "Pcp", "Pdreiro", "Pecadoro", "Pecuaristo", "Pedagodo", "Pedagoga Multim", "Pedagogio", "Pedagogo", "Pedicure", "Pedr", "Pedreiro", "Pedreiro + Aposentado", "Pedreiro E Uber", "Pedreiro Oficio", "Pedreito", "Pedrero", "Pedriro", "Peedreiro", "Pegagogo", "Peixaria Alugue", "Pelotisto", "Pemsionisto", "Pen/Agricultoro", "Pencionisto", "Penionisto", "Penisonisto", "Penitenciario", "Pens", "Pens + Agric", "Pens + Vendas", "Pens / Vendedor", "Pens /Atendente", "Pens E Aposent", "Pens E Diaristo", "Pens E Hotel", "Pens Exercito", "Pens+ Babo", "Pens/Auto Pesco", "Pens/Camareiro", "Pensao", "Pensao Esposo F", "Pensao Marido", "Pensao Morte", "Pensao Por Mort", "Pensi", "Pensi/ Limpezo", "Pensinisto", "Pensio/Aposent", "Pensioisto", "Pensionista+Dio", "Pensionista/Apo", "Pensionista/Dio", "Pensionistao", "Pensionisto", "Pensionito", "Pensionnisto", "Pensionsito", "Pensionsto", "Pensionto", "Pensonisto", "Penssionisto", "Peofessoro", "Pequaristo", "Perador De Maqu", "Percadoro", "Pereiro", "Perfumisto", "Perita Criminal", "Pers Organize", "Personal", "Personal Bronze", "Personal Organi", "Personal Organo", "Personal Style", "Personal Traine", "Personal Treine", "Personalizacao", "Personisto", "Pesacadoro", "Pesca Geral", "Pescador", "Pescador,Chapeo", "Pescadora Artes", "Pescadoro", "Pesco", "Pesionisto", "Pesqueiro", "Pesquisador", "Pesquisadora/Vd", "Pesquisadoro", "Pilotisto", "Piloto", "Piloto De Aviao", "Pintor", "Pintor De Movei", "Pintor De Obras", "Pintor E Pedrei", "Pintor Ind", "Pintor Industri", "Pintora Industr", "Pintoro", "Pinturo", "Pinus", "Piscicologo", "Piscineiro", "Piscologo", "Pisicologo", "Pizaiolo", "Pizzaiola2", "Pizzaiolo", "Pizzaolo", "Pj", "Pj - Psicologo", "Planejamento", "Plano De Saude", "Planta E Colhe", "Planta Verduras", "Plantacao", "Plantacao De Pi", "Plantacao Rural", "Plantacao Tomat", "Plantil", "Planto", "Plataformo", "Pm/Soldado 1\u00b0 C", "Pnssionisto", "Pocos Artesiano", "Podologo", "Polial Penal", "Policia Civil", "Policia Militar", "Policia Penal", "Policial", "Policial Civil", "Policial Milito", "Policial Penal", "Policial75", "Policio", "Polidor", "Polidor De Meto", "Polivalente", "Ponto De Alugue", "Por Dio", "Por Serv", "Porcenteiro", "Porfessora De A", "Porfessora Part", "Porprietario", "Portario", "Porteiro", "Porteiro Noturn", "Porto De Areio", "Possui Mei", "Pprofessoro", "Praparador", "Pratico", "Preador Maquimo", "Precisao", "Predreiro", "Preferi", "Prefessoro", "Prencisto", "Prensisto", "Prep De Dados", "Prep De Maquino", "Prep Maquino", "Preparacao", "Preparadeiro", "Preparador", "Preparadoro", "Prepardora De T", "Presidente", "Prest D Servico", "Prest Servicos", "Presta Servioco", "Prestacao De Se", "Prestacao Servi", "Prestador", "Prestador Serv", "Prestadora De S", "Prestadoro", "Previdenciario", "Previdencio", "Prmotoro", "Procuradoro", "Prod Arroz", "Prod Cana De Ac", "Prod Carvao", "Prod De Casting", "Prod De Corte", "Prod De Leite", "Prod E Editor", "Prod Eventos", "Prod Rural", "Producao", "Producao Alimen", "Producao Assist", "Producao De Ali", "Producao De Doc", "Producao E Tran", "Producao F", "Produtor", "Produtor De Lei", "Produtor Evento", "Produtor Rural", "Produtora Audio", "Produtora De Ev", "Produtora Rural", "Produtoro", "Produtos Esteti", "Prof", "Prof Artes Marc", "Prof De Artes", "Prof De Ed Fisi", "Prof Ed Fisic", "Prof Ed Fisico", "Prof Edu Basico", "Prof Educ Bas", "Prof Musico", "Prof Paticular", "Prof Sp", "Profe", "Proferssoro", "Profes Aposent", "Profesoro", "Professo", "Professoaro", "Professor", "Professor De Ed", "Professor/Ator", "Professora Apon", "Professora Aposentado", "Professora Cei", "Professora De E", "Professora De P", "Professora Efet", "Professora Ingl", "Professora Pss", "Professora Subs", "Professora/Coor", "Professoro", "Professosro", "Professouro", "Professsoro", "Profissional", "Prog Ferrament", "Programa Indust", "Programador", "Programadoro", "Projetista Dese", "Projetisto", "Prolabore", "Prom De Vendas", "Prom Eventos", "Prom Vendas", "Promo Vendas", "Promolter", "Promot De Vendo", "Promotor", "Promotor De Vendas", "Promotor Vendas", "Promotora Comer", "Promotora De Ev", "Promotora De Mo", "Promotora De V", "Promotora De Ve", "Promotora Event", "Promotora Merco", "Promotora Vendo", "Promotorade Tri", "Promotoro", "Prooprietario", "Prop", "Prop + Diario", "Prop De Imovel", "Prop Vendas", "Propagandista M", "Propagandisto", "Propetario", "Propietario", "Propio", "Propr", "Propreitario", "Propretariaso", "Propretario", "Propretariovend", "Propriatario", "Proprieario", "Proprientario", "Proprietaio", "Proprietaria De", "Proprietario", "Proprietaro", "Proprietatio", "Proprieterio", "Proprietrio", "Proprio", "Proprioetario", "Proprirtario", "Propritario", "Proproetario", "Proptario", "Prorittario", "Protecao Dados", "Protetico", "Protora De Vend", "Prpfessoro", "Prprietario", "Pscicanalisto", "Pscicologo", "Pscologo", "Psicologa Do Mu", "Psicologan", "Psicologio", "Psicologo", "Psicopedagogo", "Psicoterapeuto", "Psiculturo", "Psquiatro", "Pss", "Publicitario", "Qualidade", "Queijos", "Queima De Cano", "Queimador", "Quimico", "Radialisto", "Radiologio", "Radiologisto", "Rama Mandioco", "Ramo Da Belezo", "Rasteleiro", "Recebe Alugueis", "Recebe Arrendan", "Recebe Benefici", "Recebe Pensao", "Recebe Rendo", "Recep E Empreso", "Recepcao", "Recepcao/Caixo", "Recepcionisto", "Recepcionito", "Recepcionsto", "Recepicionisto", "Recepsionisto", "Reciclador", "Recicladoro", "Reciclagem", "Reciclagem+Auxi", "Reciclagen", "Reciclagme", "Recpcao", "Recpcionisto", "Recpecionisto", "Recpicionisto", "Recreadoro", "Recursos Humano", "Refilador", "Refiladoro", "Reflorestador", "Reformas", "Regist Civil", "Registrado", "Reiki", "Reilheriro", "Rejuntadeiro", "Relacoes Public", "Rematadeiro", "Renda De Alugue", "Renda Esposo", "Rentisto", "Rep Comercial", "Rep Vendas", "Reparos", "Reperesentante", "Reporter", "Reposicao", "Repositor", "Repositor De Fr", "Repositor De Mc", "Repositora Frio", "Repositora Lojo", "Repositoro", "Repre Com", "Repre Comercio", "Repres Com ,", "Repres Comercio", "Representan Com", "Representande C", "Representante", "Representante C", "Representante D", "Representante V", "Represetante", "Resinagem", "Resp Qualidade", "Responsavel Adm", "Restaurante", "Retificador", "Retireiro", "Rev De Toalho", "Revededoro", "Revend E Diaris", "Revenda E Diari", "Revendas", "Revende Avon", "Revendedo/Diari", "Revendedor", "Revendedora Avo", "Revendedoro", "Revendo", "Revisor", "Revisora Chefe", "Revisoro", "Rh", "Rocador", "Rocador Costal", "Rocador De Lote", "Roco", "Rondimentos", "Roupas", "Rual", "Rural", "Rural Agro", "Rural Autonomo", "Rural Leit", "Ruralisto", "S Publica Est", "S=Domestico", "Sacario", "Sacerdotiso", "Sacoleiro", "Safristo", "Sala Cofre", "Sala Cortes", "Sala De Cortes", "Saladeiro", "Salao", "Salao Belezo", "Salao De Belezo", "Salgadeiro", "Salgados", "Salgo", "Salgueiro", "Samu", "Sangento", "Sapateiro", "Saqueiro", "Sargento", "Saude", "Saude Bocal", "Saude Bucal", "Sd Engajado", "Seaso", "Sec Da Educacao", "Sec Gabinete", "Sec Junta Serv", "Sec Parlamentar", "Sec Saude", "SecEsporte", "Secr Da Educaco", "Secr Da Educao", "Secr Do Lar", "Secr Esporte", "Secret Executiv", "Secret[Aria De", "Secretaria Acad", "Secretaria Adju", "Secretaria Admi", "Secretaria Do L", "Secretaria Educ", "Secretaria Esco", "Secretaria Exec", "Secretaria Lar", "Secretaria Saud", "Secretaria Tecn", "Secretaria/Diat", "Secretariado", "Secretario", "Secretario Parl", "Secretaruio", "Sect Domestico", "Securitario", "Sedex", "Seecretario", "Seg Do Trabalho", "Seg Patrimonial", "Segunraco", "Seguranca Do Tr", "Seguranca Publi", "Seguranco", "Segurano", "Seletisto", "Semijoias", "Separador", "Ser", "Ser Gerais", "SerGerais", "Serg Gerais", "Serg Gerais/Pen", "Serigrafisto", "Serrador", "Serraheiro", "Serralheiro", "Serralherio", "Serv", "Serv, Gerais", "ServGerais", "Servcicos Gerai", "Servcos Gerais", "Servcoss Gerais", "Servemte", "Servent D Pedre", "Servent De Limp", "Servente", "Servente 2", "Servente 40H", "Servente De Lim", "Servente De Obr", "Servente De Ped", "Servente Limpez", "Servente Obras", "Servente Pedrei", "Servente Planto", "Servente Rural", "Servgerais", "Servi Gerais", "Servicis Gerais", "Servico", "Servicoes Gerai", "Servicogerais", "Servicoi Gerais", "Servicops Gerio", "Servicos", "Servicos  Gerais", "Servicos /Pensio", "Servicos De Geral", "Servicos De Limpezo", "Servicos De Obras", "Servicos De Pedreir", "Servicos Ge", "Servicos Geirai", "Servicos Gerail", "Servicos Geraio", "Servicos Gerais", "Servicos Gerais1", "Servicos Geral", "Servicos Geraos", "Servicos Geras", "Servicos Gerias", "Servicos Gr", "Servicos Limpe", "Servicos Limpezo", "Servicos Manutenco", "Servicos Obras", "Servicos Pedreiro", "Servicos Publica Cr", "Servicos Publico", "Servicos Rural", "Servicos Social", "Servidor", "Servidor De Seg", "Servidor Public", "Servidora Publi", "Servidoro", "Servidos Gerais", "Servilcos Gerai", "Servilos Gerais", "Servisos Gerais", "Servisos Geras", "Servocod Gerais", "Setor Compras", "Sev Gerais", "Sevicos Gerais", "Sewrvicos Gerai", "Sinaleira Rigge", "Sinaleiro", "Sindico", "Sistema Operaci", "Sistemo", "Sitiante", "Sitio", "Sobrancelhas", "Socia Adm", "Socia Administr", "Socia Diretoro", "Socia Do Marido", "Socia Operadoro", "Socia Proprieto", "Socia/Proprieto", "Social", "Socio", "Socio Adm", "Socio Administr", "Socio Admistr", "Socio Gerente", "Socio Prop", "Socio Propietar", "Socio Proprieto", "Socio/Marceneir", "Socio/Proprieto", "Socioeducadoro", "Sociologo", "Socorristo", "Soja E Fumo", "Sojo", "Solcio Prop", "Soldado", "Soldado Engajad", "Soldador", "Soldador Iv", "Soldador Mecani", "Soldadoro", "Sombrancelho", "Sondador", "Sorveteiro", "Sou Dadoro", "Srvicos Gerais", "Sub Encarregado", "Sub Gerente", "Sub Lider", "Sub Tenente", "Subgerente", "Subgerente Come", "Subtenente", "Sucatero", "Suinocultor", "Suinoculturo", "Suinuculturo", "Sup De Segunran", "Sup Log", "Sup Tecnico", "Sup Vendas", "Super Hotelario", "Superv De Fatur", "Superv De Setor", "Superv Marketin", "Superv Vendas", "Supervidor", "Supervis Vendo", "Supervisor", "Supervisor Ambl", "Supervisor Come", "Supervisor De C", "Supervisor De L", "Supervisor De S", "Supervisor De T", "Supervisor Fino", "Supervisor Meco", "Supervisor Oper", "Supervisor Tecn", "Supervisor Vend", "Supervisora 1", "Supervisora Adm", "Supervisora Cai", "Supervisora Com", "Supervisora De", "Supervisora Esc", "Supervisora Far", "Supervisora Fin", "Supervisora Jur", "Supervisora Rel", "Supervisora Rh", "Supervisora Rh,", "Supervisorfatur", "Supervisoro", "Supervisoso", "Supervispro", "Supervosoro", "Suporte Tecnico", "Surpervisoro", "Surpevisoro", "Sushiman", "Sv Gerais", "T Seg Trabalho", "TI", "Tapeceiro", "Tapeteiro", "Tarefeiro Rural", "Tarologo", "Tatuador", "Tatuadoro", "Taxisto", "Tb Rural", "Tc Efermagenm", "Tc Enfermagem", "Te De Laborato", "Te Eletronico", "Tec", "TecEnfer", "TecEnfermagem", "TecMaquinas", "TecSeguranco", "Tecelam", "Tecelan", "Tecelao", "Tecelo", "Tecinco", "Tecn De Enf", "Tecn Enfermage", "Tecn Enfermagem", "Tecn Enfermo", "Tecn Nfermagem", "Tecn Seg Trab", "Tecnico", "Tecnico Adm", "Tecnico Adminis", "Tecnico Administrat", "Tecnico Agricol", "Tecnico Alimentos", "Tecnico Ambient", "Tecnico Assist", "Tecnico Atividades", "Tecnico Automot", "Tecnico Benfermagem", "Tecnico De Aguo", "Tecnico De Alim", "Tecnico De Ar C", "Tecnico De Bpo", "Tecnico De Cabi", "Tecnico De Coleto", "Tecnico De Eenfermo", "Tecnico De Enf", "Tecnico De Enfe", "Tecnico De Enfer", "Tecnico De Enferm", "Tecnico De Enfermag", "Tecnico De Enfermo", "Tecnico De Farmacio", "Tecnico De Fute", "Tecnico De Infe", "Tecnico De Infermag", "Tecnico De Info", "Tecnico De Informat", "Tecnico De Inovacao", "Tecnico De Instrume", "Tecnico De Laborato", "Tecnico De Mecanco", "Tecnico De Mecanico", "Tecnico De Nutricao", "Tecnico De Patologi", "Tecnico De Procurad", "Tecnico De Producao", "Tecnico De Radi", "Tecnico De Radiolog", "Tecnico De Saud", "Tecnico De Saude Bu", "Tecnico De Seg", "Tecnico De Segu", "Tecnico De Seguranc", "Tecnico De Teci", "Tecnico Educadora F", "Tecnico Eletric", "Tecnico Eletrico", "Tecnico Eletronico", "Tecnico Em Analises", "Tecnico Em Dede", "Tecnico Em Eletron", "Tecnico Em Enf", "Tecnico Em Enfe", "Tecnico Em Enfermag", "Tecnico Em Enfermo", "Tecnico Em Fibro", "Tecnico Em Laborato", "Tecnico Em Manu", "Tecnico Em Pain", "Tecnico Em Poli", "Tecnico Em Qual", "Tecnico Em Radiolog", "Tecnico Em Secr", "Tecnico Em Seguranc", "Tecnico Emenfer", "Tecnico Emfermagem", "Tecnico Emfermo", "Tecnico Emissao", "Tecnico Enf", "Tecnico Enfemagem", "Tecnico Enfer", "Tecnico Enferm", "Tecnico Enfermagem", "Tecnico Enfermagen", "Tecnico Enfermargem", "Tecnico Enfermeiro", "Tecnico Enfermo", "Tecnico Enferno", "Tecnico Farmaci", "Tecnico Farmacio", "Tecnico Florest", "Tecnico Fudiciario", "Tecnico Infanti", "Tecnico Infermagem", "Tecnico Infermagen", "Tecnico Infermaqgem", "Tecnico Infermo", "Tecnico Informo", "Tecnico Inss", "Tecnico Insta Eletr", "Tecnico Interne", "Tecnico Internet", "Tecnico Judiciario", "Tecnico Judicio", "Tecnico Lab", "Tecnico Laborat", "Tecnico Laboratori", "Tecnico Laboratorio", "Tecnico Manutencao", "Tecnico Mecan", "Tecnico Mecanico", "Tecnico Multicanais", "Tecnico Nutrico", "Tecnico Operadoro", "Tecnico Planejo", "Tecnico Process", "Tecnico Producao", "Tecnico Producao 3", "Tecnico Produco", "Tecnico Qualido", "Tecnico Radiolo", "Tecnico Radiologio", "Tecnico Rede", "Tecnico Refrige", "Tecnico Saude", "Tecnico Sec Officer", "Tecnico Secretario", "Tecnico Seg Do Tr", "Tecnico Seg Do Trab", "Tecnico Seg Trab", "Tecnico Seg Trabalh", "Tecnico Seg Tro", "Tecnico Segu Trablh", "Tecnico Seguran", "Tecnico Seguranco", "Tecnico Supervi", "Tecnico Sus", "Tecnico TI", "Tecnico Ti", "Tecnico Univers", "Tecnico Vendedorado", "Tecnio De Nutri", "Tecno", "Tecnologa Jurid", "Tecnologo", "Tec\u00b4Enfermagem", "Teleatendente", "Teleatendimento", "Telefonisto", "Telemarket", "Telemarketing", "Telemarkt", "Televendas", "Tem Casa De Alu", "Tem Uma Pensao", "Tempero", "Tenente", "Tenente Preside", "Ter, Ocupaciono", "Terapeuro", "Terapeuta E Pod", "Terapeuta Energ", "Terapeutico", "Terapeuto", "Terapio", "Tesoreiro", "Tesoureiro", "Testador", "Ti", "Titular Cartori", "Tomateiro", "Topografo", "Torn Mecanico", "Torneiro", "Torneiro Cnc", "Torneiro Mecani", "Tosador", "Tosadoro", "Tozadoro", "Tra Rural", "TrabVolante", "Traba Rural", "Trabalha Na Roc", "Trabalha P Pref", "Trabalhad Rural", "Trabalhad Ruro", "Trabalhador Ag", "Trabalhador Agr", "Trabalhador Bro", "Trabalhador Flo", "Trabalhador Rur", "Trabalho Rural", "Trabalhor Rural", "Trablha Ru", "Tradutoro", "Tran Rural", "Tranferencio", "TransEscolar", "Transmissao Autonomo", "Transp Maritimo", "Transportes", "Trartoristo", "Trasresiduos", "Trat Agricolo", "Tratador De Ave", "Tratam De Esgo", "Tratamento De C", "Tratorista Agri", "Tratorista Seni", "Tratorista/Lavr", "Tratoristo", "Tratos Cultural", "Trbalha Em Caso", "Treinador", "Treinador Anim", "Tribunal Da Jus", "Tricologisto", "Trocador", "Tubulador Naval", "Turismo", "Turismo E Arqui", "Turismologo", "Tutor Interno", "Tutoro", "Ub", "Uber", "Uber - Motorist", "Uber E Encarreg", "Unha De Gel", "Usinagem", "Usino", "Uso Continuo", "Ux Deposito", "Ux,De Producao", "Vaqueiro", "Varejisto", "Varredor", "Varredoro", "Vedebdoro", "Vededoro", "Vedendeoro", "Vedendoro", "Veendedoro", "Vend Ambulante", "Vend Autonomo", "Vend Bolsas", "Vend Calcados", "Vend Carros", "Vend Cosmetico", "Vend De Roupas", "Vend De Roupo", "Vend Ext", "Vend Roup Fem", "Vend, Ambulante", "Vend/Auxiliar Limp", "Venda De Roupas", "Venda De Roupo", "Venda E Limpezo", "Venda E Roco", "Venda Em Geral", "Venda Online", "Vendador", "Vendas", "Vendas Adm", "Vendas Bolosa S", "Vendas De Avon", "Vendas De Confe", "Vendas De Roupo", "Vendas Digitais", "Vendas E Roco", "Vendas Em Geral", "Vendas Lanches", "Vendas Online", "Vendas Pastel", "Vendas Roupas", "Vendas Seguro", "Vendas/Dono", "Venddoro", "Vende Bolo", "Vende Bolos", "Vende Croche", "Vende Joias", "Vende Langerie", "Vende Perfumes", "Vende Roupas", "Vende Roupo", "Vende Salgados", "Vende Verduras", "Vende Verduro", "Vende/ Diaristo", "Vende/ Licencio", "Vendecoro", "Vended E Diaris", "Vended0Ro", "Vendeddoro", "Vendede Venduro", "Vendedeor", "Vendedoero", "Vendedor", "Vendedor Ambulo", "Vendedor De Isc", "Vendedor De Rou", "Vendedor Execut", "Vendedor Ext", "Vendedor Extern", "Vendedor Intern", "Vendedor Pj", "Vendedor Roupas", "Vendedor Varejo", "Vendedora Ambu", "Vendedora Ambul", "Vendedora Auton", "Vendedora Autonomo", "Vendedora Bolo", "Vendedora Comer", "Vendedora Comis", "Vendedora Cosme", "Vendedora De Al", "Vendedora De Co", "Vendedora De Im", "Vendedora De Pr", "Vendedora De Ro", "Vendedora De Se", "Vendedora Doces", "Vendedora E Con", "Vendedora Exter", "Vendedora Hinod", "Vendedora Joias", "Vendedora Natur", "Vendedora Onlin", "Vendedora Respo", "Vendedora Roupo", "Vendedora Tecni", "Vendedora Telem", "Vendedora+Agric", "Vendedora/ Dono", "Vendedora/Babo", "Vendedora/Balco", "Vendedora/Caixo", "Vendedora222222", "Vendedorac", "Vendedordo", "Vendedoro", "Vendedorro", "Vendedouro", "Vendedror", "Vendedroro", "Vendendor", "Vendendoro", "Vendeor", "Vendeoro", "Venderoo", "Venderoro", "Vendo", "Vendoro", "Verdedoro", "Verduras", "Verdureiro", "Verduro", "Vereador", "Vereadoro", "Vestuario", "Veterinario", "Vice Diretoro", "Video Maker", "Vidraceiro", "Vidrraceiro", "Vigia Noturno", "Vigia/ Pescador", "Vigilancia Ep", "Vigilancio", "Vigilante", "Vigilante De C", "Vigilantes", "Vigilante\u00b4", "Vigio", "Visitante Socio", "Vistoriador", "Vistoriadoro", "Vitrinisto", "Viuvo", "Vive De Rendo", "Viveiro", "Viverista Mudas", "Viveristo", "Vndedoro", "Vnedas", "Vogilante", "Volante", "Web Designer", "Zelador", "Zelador/Diarist", "Zeladora + Aposentado", "Zeladora E Babo", "Zeladora Op", "Zeladora/ Cozin", "Zeladorio", "Zeladoro", "Zeladouro", "Zootecnisto", "nan"], ["Abatia", "Acailandia", "Agudos Do Sul", "Al. Tamandare", "Alagoas", "Alto Piquiri", "Altonia", "Alvorada Do Sul", "Americana", "Ampere", "Ananindeua", "Anapolis", "Andira", "Angra Dos Reis", "Apucarana", "Aracaju", "Aracatuba", "Aracruz", "Araguari", "Arapongas", "Arapoti", "Araquari", "Ararangua", "Araraquara", "Araras", "Araucaria", "Araxa", "Ariquemes", "Aruja", "Assai", "Assis", "Assis Chateaubr", "Astorga", "Atibaia", "Balneario Cambo", "Balsas", "Barbacena", "Barbosa Ferraz", "Barra Do Garcas", "Barretos", "Barueri", "Bauru", "Bebedouro", "Bela Vista Do P", "Belo Horizonte", "Bento Goncalves", "Betim", "Biguacu", "Blumenau", "Borrazopolis", "Braco Do Norte", "Brasilia", "Brusque", "Caarapo", "Cabedelo", "Cacador", "Cacapava", "Cacoal", "Caldas Novas", "California", "Camacari", "Cambe", "Cambira", "Camboriu", "Campia Grande", "Campina G Do Sul", "Campina G. Do Sul", "Campinas", "Campo Bom", "Campo Do Tenent", "Campo Largo", "Campo Magro", "Campo Mourao", "Campos Novos", "Candido De Abre", "Candoi", "Canoas", "Canoinhas", "Capinzal", "Caraguatatuba", "Carambei", "Caratinga", "Cariacica", "Carlos Barbosa", "Castanhal", "Castro", "Cataguases", "Catanduva", "Caxias Do Sul", "Cel Fabriciano", "Centenario Do Sul", "Cerro Azul", "Chapeco", "Cianorte", "Cidade Gaucha", "Colatina", "Colombo", "Concordia", "Congonhinhas", "Contagem", "Corbelia", "Cornelio Procop", "Criciuma", "Cruz Alta", "Cruz Das Almas", "Cruz Machado", "Cruzeiro Do Oeste", "Cubatao", "Cuiaba", "Curitiba", "Curitibanos", "Curiuva", "Diadema", "Divinopolis", "Dois Irmaos", "Dourados", "Doutor Camargo", "Duque De Caxias", "Erechim", "Farroupilha", "Faxinal", "Fazenda Rio Gra", "Feira D Santana", "Fernandopolis", "Florestopoles", "Florianopolis", "Fortaleza", "Foz Do Iguacu", "Foz Do Jordao", "Franca", "Francisco Belt.", "Francisco Morat", "Fz Rio Grande", "Garuva", "Gaspar", "Goiania", "Goioere", "Gramado", "Gravatai", "Guaiba", "Guajara Mirim", "Guara", "Guarapuava", "Guaratingueta", "Guaratuba", "Guaruja", "Guarulhos", "Ibaiti", "Ibate", "Ibipora", "Icara", "Icaraima", "Ijui", "Imbau", "Imbituba", "Imbituva", "Imperatriz", "Indaial", "Indaiatuba", "Inhambupe", "Ipatinga", "Irara", "Itabira", "Itajai", "Itajuba", "Itanhaem", "Itapecerica", "Itapema", "Itaperucu", "Itapoa", "Itapulandia", "Itaquaquecetuba", "Itu", "Itumbiara", "Ituverava", "Ivaipora", "Ivinhema", "Jacarei", "Jacarezinho", "Jaguapita", "Jaguaquara", "Jaguariaiva", "Jandaia Do Sul", "Janiopolis", "Jaragua Do Sul", "Jaragu\u00e1 Do Sul", "Jardim Alegre", "Jatai", "Ji Parana", "Ji-Paran\u00e1", "Joacaba", "Joao Pessoa", "Joinville", "Juazeiro Do Nor", "Juiz De Fora", "Jundiai", "Lages", "Lapa", "Lauro Freitas", "Lem", "Limeira", "Linhares", "Lins", "Loanda", "Londrina", "Louveira", "Lucas Do Rio V.", "Luiziana", "Macae", "Maceio", "Mafra", "Mambore", "Mandaguacu", "Mandaguari", "Mandirituba", "Manhuacu", "Manoel Ribas", "Maraba", "Maracanau", "Marialva", "Marilia", "Mariluz", "Maringa", "Matelandia", "Matinhos", "Maua", "Maua Da Serra", "Medianeira", "Mirasol", "Mococa", "Mogi Das Cruzes", "Mogi-Guacu", "Mongagua", "Montes Claros", "Moreira Sales", "Mossoro", "Muriae", "Natal", "Navegantes", "Niteroi", "Nova Iguacu", "Nova Mutum", "Novo Hamburgo", "Olinda", "Ortigueira", "Osasco", "Osorio", "Paicandu", "Palhoca", "Palotina", "Panambi", "Paraiso Do Nort", "Paranacity", "Paranagua", "Paranavai", "Paripueira", "Parnaiba", "Passo Fundo", "Pato Branco", "Pato De Minas", "Paulinia", "Peabiru", "Pelotas", "Pien", "Pindamonhagaba", "Pinhais", "Piracicaba", "Pirai Do Sul", "Piraquara", "Pitanga", "Ponta Grossa", "Ponta Pora", "Pontal", "Pontal Do Paran", "Porecatu", "Porto Alegre", "Porto Uniao", "Porto Velho", "Pouso Alegre", "Primavera Oeste", "Primeiro De Mai", "Prudentopolis", "Querencia Do No", "Quitandinha", "Recife", "Renascenca", "Reserva", "Ribeirao Neves", "Ribeirao Preto", "Rio Azul", "Rio Branco Do Sul", "Rio Branco Ivai", "Rio De Janeiro", "Rio Do Sul", "Rio Negrinho", "Rio Verde", "Rolandia", "Roncador", "Rondon", "Rondonopolis", "Rosario Do S.", "S J Dos Pinhais", "Salvador", "Samambaia", "Santa Cruz Do Sul", "Santa Fe", "Santa Tereza Do", "Santos", "Sao Bento Do Su", "Sao Bernardo Ca", "Sao Caetano Do", "Sao J Da Serra", "Sao Jeronimo Da", "Sao Jor Do Ivai", "Sao Jose", "Sao Jose Do Rio", "Sao Jose Dos Ca", "Sao Leopoldo", "Sao Luis", "Sao Mateus Do Sul", "Sao Miguel", "Sao Paulo", "Sao Pe. Do Ivai", "Sapopema", "Senador Canedo", "Serra", "Sete Lagoas", "Sinop", "Sobral", "Sorocaba", "Sorriso", "Sta Amelia", "Sumare", "Suzano", "Taboao Da Serra", "Tangara Da Serr", "Taubate", "Telemaco Borba", "Teresina", "Teresopolis", "Terra Rica", "Tibagi", "Tijucas", "Tijucas Do Sul", "Timbo", "Timoteo", "Torres", "Tres Lagoas", "Tubarao", "Tuneiras Do Oeste", "Uba", "Uberaba", "Uberlandia", "Umuarama", "Uruguaiana", "Valinhos", "Valparaiso De G", "Varginha", "Viamao", "Videira", "Vila Velha", "Vilhena", "Vinhedo", "Vitoria", "Vitoria Da Conq", "Votla Redonda", "Votuporanga", "Xambre", "Xanxere"], ["CDC", "CP"], ["0", "GRUPO 1", "GRUPO 2", "GRUPO 3", "GRUPO 4", "nan"], ["NORMAL", "NOVO", "nan"], ["['celular', 'construcao', 'eletrodomestico']", "['celular', 'construcao']", "['celular', 'eletrodomestico', 'movel']", "['celular', 'eletrodomestico']", "['celular', 'eletronico']", "['celular', 'item_cozinha']", "['celular', 'lazer_transporte']", "['celular', 'movel']", "['celular', 'outro']", "['celular']", "['construcao', 'eletrodomestico', 'item_cozinha']", "['construcao', 'eletrodomestico', 'movel']", "['construcao', 'eletrodomestico']", "['construcao', 'eletronico']", "['construcao', 'estetica', 'movel']", "['construcao', 'estetica']", "['construcao', 'item_cozinha', 'lazer_transporte']", "['construcao', 'item_cozinha']", "['construcao', 'lazer_transporte']", "['construcao', 'movel', 'outro']", "['construcao', 'movel']", "['construcao', 'outro']", "['construcao']", "['eletrodomestico', 'eletronico', 'item_cozinha']", "['eletrodomestico', 'eletronico', 'movel']", "['eletrodomestico', 'eletronico']", "['eletrodomestico', 'estetica', 'item_cozinha']", "['eletrodomestico', 'estetica', 'movel']", "['eletrodomestico', 'estetica']", "['eletrodomestico', 'item_cozinha', 'movel']", "['eletrodomestico', 'item_cozinha', 'outro']", "['eletrodomestico', 'item_cozinha']", "['eletrodomestico', 'lazer_transporte']", "['eletrodomestico', 'movel', 'outro']", "['eletrodomestico', 'movel']", "['eletrodomestico', 'outro']", "['eletrodomestico']", "['eletronico', 'item_cozinha']", "['eletronico', 'movel']", "['eletronico', 'outro']", "['eletronico']", "['estetica', 'item_cozinha']", "['estetica', 'movel']", "['estetica', 'saude']", "['estetica']", "['financias']", "['item_cozinha', 'lazer_transporte']", "['item_cozinha', 'movel']", "['item_cozinha']", "['lazer_transporte', 'movel']", "['lazer_transporte', 'outro']", "['lazer_transporte']", "['movel', 'outro']", "['movel']", "['outro']", "['saude']"], ["Agricula", "Agricultura", "Agriucultura", "Autonomo", "Beleza", "Beneficio", "Comercio", "Construcao", "Culinaria", "Educacao", "Gestao", "Juridico", "Outro", "Outros", "Producao", "Saude", "Servicos", "invalido", "nan"], ["ABATI\u00c1", "AGUDOS DO SUL", "ALAGOA", "ALTO PIQUIRI", "ALT\u00d4NIA", "ALVORADA DO SUL", "AMAMBAI", "AMERICANA", "AMP\u00c9RE", "ANANINDEUA", "ANDIR\u00c1", "ANGRA DOS REIS", "AN\u00c1POLIS", "APUCARANA", "ARACAJU", "ARACRUZ", "ARAGUARI", "ARAPONGAS", "ARAPOTI", "ARAQUARI", "ARARANGU\u00c1", "ARARAQUARA", "ARARAS", "ARAUC\u00c1RIA", "ARAX\u00c1", "ARA\u00c7ATUBA", "ARIQUEMES", "ARUJ\u00c1", "ASSA\u00cd", "ASSIS", "ASSIS CHATEAUBRIAND", "ASTORGA", "ATIBAIA", "A\u00c7AIL\u00c2NDIA", "BALNE\u00c1RIO CAMBORI\u00da", "BALSAS", "BARBACENA", "BARBOSA FERRAZ", "BARRA DO GAR\u00c7AS", "BARRETOS", "BARUERI", "BAURU", "BEBEDOURO", "BELA VISTA DO PIAU\u00cd", "BELO HORIZONTE", "BENTO GON\u00c7ALVES", "BETIM", "BIGUA\u00c7U", "BLUMENAU", "BORRAZ\u00d3POLIS", "BRAS\u00cdLIA", "BRA\u00c7O DO NORTE", "BRUSQUE", "CAARAP\u00d3", "CABEDELO", "CACOAL", "CALDAS NOVAS", "CALIF\u00d3RNIA", "CAMA\u00c7ARI", "CAMBIRA", "CAMBORI\u00da", "CAMB\u00c9", "CAMPINA GRANDE", "CAMPINAS", "CAMPINAS DO SUL", "CAMPO BOM", "CAMPO DO TENENTE", "CAMPO LARGO", "CAMPO MAGRO", "CAMPO MOUR\u00c3O", "CAMPOS NOVOS", "CAND\u00d3I", "CANOAS", "CANOINHAS", "CAPINZAL", "CARAGUATATUBA", "CARAMBE\u00cd", "CARATINGA", "CARIACICA", "CARLOS BARBOSA", "CASTANHAL", "CASTRO", "CATAGUASES", "CATANDUVA", "CAXIAS DO SUL", "CA\u00c7ADOR", "CA\u00c7APAVA", "CENTEN\u00c1RIO DO SUL", "CERRO AZUL", "CHAPEC\u00d3", "CIANORTE", "CIDADE GA\u00daCHA", "COLATINA", "COLOMBO", "CONC\u00d3RDIA", "CONGONHINHAS", "CONTAGEM", "CORB\u00c9LIA", "CORN\u00c9LIO PROC\u00d3PIO", "CORONEL FABRICIANO", "CRICI\u00daMA", "CRUZ ALTA", "CRUZ DAS ALMAS", "CRUZ MACHADO", "CRUZEIRO DO OESTE", "CUBAT\u00c3O", "CUIAB\u00c1", "CURITIBA", "CURITIBANOS", "CURI\u00daVA", "C\u00c2NDIDO DE ABREU", "DIADEMA", "DIVIN\u00d3POLIS", "DOIS IRM\u00c3OS", "DOURADOS", "DOUTOR CAMARGO", "DUQUE DE CAXIAS", "ERECHIM", "FARROUPILHA", "FAXINAL", "FAZENDA RIO GRANDE", "FEIRA DE SANTANA", "FERNAND\u00d3POLIS", "FLOREST\u00d3POLIS", "FLORIAN\u00d3POLIS", "FORTALEZA", "FOZ DO IGUA\u00c7U", "FOZ DO JORD\u00c3O", "FRANCA", "FRANCISCO BELTR\u00c3O", "FRANCISCO MORATO", "GARUVA", "GASPAR", "GOIOER\u00ca", "GOI\u00c2NIA", "GRAMADO", "GRAVATA\u00cd", "GUAJAR\u00c1-MIRIM", "GUARAPUAVA", "GUARATINGUET\u00c1", "GUARATUBA", "GUARUJ\u00c1", "GUARULHOS", "GUAR\u00c1", "GUA\u00cdBA", "IBAITI", "IBAT\u00c9", "IBIPOR\u00c3", "ICARA\u00cdMA", "IJU\u00cd", "IMBA\u00da", "IMBITUBA", "IMBITUVA", "IMPERATRIZ", "INDAIAL", "INDAIATUBA", "INHAMBUPE", "IPATINGA", "IRAR\u00c1", "ITABIRA", "ITAIPUL\u00c2NDIA", "ITAJA\u00cd", "ITAJUB\u00c1", "ITANHA\u00c9M", "ITAPECERICA", "ITAPEMA", "ITAPERU\u00c7U", "ITAPO\u00c1", "ITAQUAQUECETUBA", "ITU", "ITUMBIARA", "ITUVERAVA", "IVAIPOR\u00c3", "IVINHEMA", "I\u00c7ARA", "JACAREZINHO", "JACARE\u00cd", "JAGUAPIT\u00c3", "JAGUAQUARA", "JAGUARIA\u00cdVA", "JANDAIA DO SUL", "JANI\u00d3POLIS", "JARAGU\u00c1 DO SUL", "JARDIM ALEGRE", "JATA\u00cd", "JI-PARAN\u00c1", "JOA\u00c7ABA", "JOINVILLE", "JO\u00c3O PESSOA", "JUAZEIRO DO NORTE", "JUIZ DE FORA", "JUNDIA\u00cd", "LAGES", "LAPA", "LAURO DE FREITAS", "LEME", "LIMEIRA", "LINHARES", "LINS", "LOANDA", "LONDRINA", "LOUVEIRA", "LUCAS DO RIO VERDE", "LUIZIANA", "MACA\u00c9", "MACEI\u00d3", "MAFRA", "MAMBOR\u00ca", "MANDAGUARI", "MANDAGUA\u00c7U", "MANDIRITUBA", "MANHUA\u00c7U", "MANOEL RIBAS", "MARAB\u00c1", "MARACANA\u00da", "MARIALVA", "MARILUZ", "MARING\u00c1", "MAR\u00cdLIA", "MATEL\u00c2NDIA", "MATINHOS", "MAU\u00c1", "MAU\u00c1 DA SERRA", "MEDIANEIRA", "MIRASSOL", "MOCOCA", "MOGI DAS CRUZES", "MOGI GUA\u00c7U", "MONGAGU\u00c1", "MONTES CLAROS", "MOREIRA SALES", "MOSSOR\u00d3", "MURIA\u00c9", "NATAL", "NAVEGANTES", "NITER\u00d3I", "NOVA IGUA\u00c7U", "NOVA MUTUM", "NOVO HAMBURGO", "OLINDA", "ORTIGUEIRA", "OSASCO", "OS\u00d3RIO", "PAI\u00c7ANDU", "PALHO\u00c7A", "PALOTINA", "PANAMBI", "PARANACITY", "PARANAGU\u00c1", "PARANAVA\u00cd", "PARA\u00cdSO DO NORTE", "PARIPUEIRA", "PARNA\u00cdBA", "PASSO FUNDO", "PATO BRANCO", "PATOS DE MINAS", "PAUL\u00cdNIA", "PEABIRU", "PELOTAS", "PINDAMONHANGABA", "PINHAIS", "PIRACICABA", "PIRAQUARA", "PIRA\u00cd DO SUL", "PITANGA", "PI\u00caN", "PONTA GROSSA", "PONTA POR\u00c3", "PONTAL", "PONTAL DO PARAN\u00c1", "PORECATU", "PORTO ALEGRE", "PORTO UNI\u00c3O", "PORTO VELHO", "POUSO ALEGRE", "PRIMAVERA DO LESTE", "PRIMEIRO DE MAIO", "PRUDENT\u00d3POLIS", "QUER\u00caNCIA DO NORTE", "QUITANDINHA", "RECIFE", "RENASCEN\u00c7A", "RESERVA", "RIBEIR\u00c3O DAS NEVES", "RIBEIR\u00c3O PRETO", "RIO AZUL", "RIO BRANCO DO IVA\u00cd", "RIO BRANCO DO SUL", "RIO DE JANEIRO", "RIO DO SUL", "RIO GRANDE", "RIO NEGRINHO", "RIO VERDE", "ROL\u00c2NDIA", "RONCADOR", "RONDON", "RONDON\u00d3POLIS", "ROS\u00c1RIO DO SUL", "SALVADOR", "SANTA AM\u00c9LIA", "SANTA CRUZ DO SUL", "SANTA F\u00c9", "SANTA TEREZA", "SANTOS", "SAPOPEMA", "SENADOR CANEDO", "SERRA", "SETE LAGOAS", "SINOP", "SOBRAL", "SOROCABA", "SORRISO", "SUMAR\u00c9", "SUZANO", "S\u00c3O BENTO DO SUL", "S\u00c3O BERNARDO", "S\u00c3O CAETANO DO SUL", "S\u00c3O JER\u00d4NIMO", "S\u00c3O JORGE DO IVA\u00cd", "S\u00c3O JOS\u00c9", "S\u00c3O JOS\u00c9 DO OURO", "S\u00c3O JOS\u00c9 DOS CAMPOS", "S\u00c3O JOS\u00c9 DOS PINHAIS", "S\u00c3O JO\u00c3O DA SERRA", "S\u00c3O LEOPOLDO", "S\u00c3O LU\u00cdS", "S\u00c3O MATEUS DO SUL", "S\u00c3O MIGUEL", "S\u00c3O PAULO", "S\u00c3O PEDRO DO IVA\u00cd", "TABO\u00c3O DA SERRA", "TAMANDAR\u00c9", "TANGAR\u00c1 DA SERRA", "TAUBAT\u00c9", "TEL\u00caMACO BORBA", "TERESINA", "TERES\u00d3POLIS", "TERRA RICA", "TIBAGI", "TIJUCAS", "TIJUCAS DO SUL", "TIMB\u00d3", "TIM\u00d3TEO", "TORRES", "TR\u00caS LAGOAS", "TUBAR\u00c3O", "TUNEIRAS DO OESTE", "UBERABA", "UBERL\u00c2NDIA", "UB\u00c1", "UMUARAMA", "URUGUAIANA", "VALINHOS", "VALPARA\u00cdSO DE GOI\u00c1S", "VARGINHA", "VIAM\u00c3O", "VIDEIRA", "VILA VELHA", "VILHENA", "VINHEDO", "VIT\u00d3RIA", "VIT\u00d3RIA DA CONQUISTA", "VOLTA REDONDA", "VOTUPORANGA", "XAMBR\u00ca", "XANXER\u00ca"], ["AL", "BA", "CE", "DF", "ES", "GO", "MA", "MG", "MS", "MT", "PA", "PB", "PE", "PI", "PR", "RJ", "RN", "RO", "RS", "SC", "SE", "SP"], ["Alto", "Baixo", "Muito Alto", "M\u00e9dio"], ["barato", "caro", "medio"], ["celular", "construcao", "eletrodomestico", "eletronico", "estetica", "financias", "item_cozinha", "lazer_transporte", "movel", "outro", "saude"]]
